{"type":"FeatureCollection","crs":{"type":"name","properties":{"name":"EPSG:4326"}},"features":[{"type":"Feature","id":1,"geometry":{"type":"MultiPolygon","coordinates":[[[[-1.65500818957618,55.6173834569729],[-1.65512839617079,55.6166536298341],[-1.65834778644732,55.6169154716109],[-1.65567461406693,55.6173322545357],[-1.65500818957618,55.6173834569729]]],[[[-1.863153624069,55.6979093188984],[-1.81653376218479,55.6867557713884],[-1.8012101911041,55.6893115830555],[-1.7973861714577,55.6872235093376],[-1.79246987708205,55.6887508847375],[-1.78937072533162,55.6850365255971],[-1.77921132996832,55.6856261067366],[-1.77914624146462,55.6821705988056],[-1.78106113095204,55.6768123631687],[-1.77895629985426,55.6720795361951],[-1.77887451590651,55.6677306658771],[-1.79323177239199,55.6706021645343],[-1.79492523330286,55.6681089329071],[-1.80243892207114,55.6682838297306],[-1.80607507016145,55.6781813733908],[-1.8155911616325,55.6824100040443],[-1.83101448696504,55.6834303954622],[-1.84239488379665,55.6787148465463],[-1.85531779959983,55.6806939736381],[-1.85756089957831,55.690844673009],[-1.863153624069,55.6979093188984]]],[[[-1.9999867028264,55.7859281402617],[-1.99201935598906,55.7673298424387],[-1.98837078885294,55.7661224563164],[-1.98839159216096,55.765808428884],[-1.98739167458808,55.7657389198349],[-1.98732915947045,55.7654227206347],[-1.99159962805213,55.7663495689058],[-2.00157808425854,55.7656642356208],[-2.00420610049215,55.7654836012585],[-2.00970854735837,55.7695640282135],[-2.01030370840474,55.7700053137703],[-2.01072461940087,55.7703173927454],[-2.013110177276,55.772086005259],[-2.01327575237076,55.7722087515821],[-2.01656895791342,55.7746499081077],[-2.02932441017098,55.7714791248558],[-2.02997815023129,55.7713165666039],[-2.03211553219876,55.7707850526329],[-2.03886781450395,55.7691055824564],[-2.04049112438117,55.7606394043495],[-2.0415579327934,55.7601290341868],[-2.04195767432781,55.759937788756],[-2.04603502788312,55.7579869060294],[-2.03813865390427,55.7601226382904],[-2.03165299642724,55.7697554827039],[-2.02518764431678,55.7712880359508],[-2.02514181462582,55.7709134642853],[-2.02940813023036,55.7688386609401],[-2.02658214463278,55.7691880773205],[-2.02537447140924,55.7693373772728],[-2.01342114865745,55.7712584686963],[-2.00374198440676,55.761768349998],[-2.00157800709227,55.7616918225878],[-1.99256972269135,55.7613728456021],[-1.98351394399328,55.7512397595021],[-1.98327133773075,55.7509682109994],[-1.96322144862546,55.7382797506506],[-1.96077232432745,55.733266247536],[-1.94025992468366,55.722765496803],[-1.93948320930434,55.722223595519],[-1.91850284697017,55.7112884989352],[-1.91200895048265,55.7049588470341],[-1.87070441402583,55.6980137739332],[-1.88021111607875,55.6853013596549],[-1.87324686228725,55.6827839674129],[-1.87407636341213,55.6755616601178],[-1.86618443370883,55.6659258268172],[-1.87002498158312,55.6659138119563],[-1.84904406564207,55.6534366977095],[-1.84709163218285,55.6522750207885],[-1.84104956115715,55.6456588402129],[-1.84671116664888,55.6467037650248],[-1.84046530938947,55.6431666135026],[-1.83901677850136,55.6423461443414],[-1.813186225269,55.6337046363593],[-1.80217017470921,55.6361142895337],[-1.79440228881489,55.6472608792715],[-1.79181932470192,55.653352921343],[-1.79528260101794,55.6577937786204],[-1.79171607356388,55.6581202333894],[-1.78719912513306,55.655508659398],[-1.78712578313762,55.6533448076388],[-1.78173750037618,55.6446623651131],[-1.75438852282093,55.6223947046226],[-1.77182776717116,55.6173494133884],[-1.78633189999702,55.616004377776],[-1.77836998984013,55.6146165025657],[-1.76908790141066,55.602968171683],[-1.7423378637719,55.6185622134771],[-1.72701452409368,55.6171782664536],[-1.72389238623014,55.6164704917175],[-1.72065092331229,55.6152966942151],[-1.71649804650053,55.612291748198],[-1.69201921769641,55.6061584382384],[-1.68417719068592,55.6003780933364],[-1.66483165772922,55.586109483639],[-1.65439995619842,55.584602040587],[-1.6505829163146,55.5834496275716],[-1.65286686232257,55.5828998489162],[-1.63942865021283,55.5782306221485],[-1.65216369148104,55.5712558786831],[-1.645663885044,55.5741764979448],[-1.63327238003529,55.5596654531553],[-1.626519839178,55.5576756003665],[-1.62813946716428,55.5543721643789],[-1.61894770179467,55.5521835852126],[-1.63238167130301,55.5502615929949],[-1.63811327634802,55.5409070046479],[-1.63666737960531,55.5393181138472],[-1.6262079400566,55.5278194797594],[-1.61848967442918,55.526385926434],[-1.61893042477556,55.5233167099465],[-1.61903344253339,55.5225599216586],[-1.61059329382314,55.5217182712206],[-1.61870251278091,55.514503541266],[-1.61361694757434,55.5093911022615],[-1.6138848320408,55.5048133465538],[-1.61448640996179,55.5045819606365],[-1.61398307284946,55.5031342896549],[-1.61427439421224,55.4981543191088],[-1.59548925868755,55.4912718324346],[-1.59344955325207,55.4918040420114],[-1.59115047822871,55.4922592104836],[-1.59335516861687,55.4731509458376],[-1.59336136983387,55.4730971692803],[-1.59054318544714,55.4665008523211],[-1.59054389602937,55.4598127097933],[-1.59304491423065,55.4570285756012],[-1.59054459277752,55.453163054959],[-1.59054566611424,55.4427938152595],[-1.59334536153846,55.4402349545991],[-1.58731606064409,55.4342574001338],[-1.57772180410792,55.4315479833093],[-1.5755517235355,55.4304974008123],[-1.58182860303318,55.4181251427935],[-1.57884615580075,55.4088976094158],[-1.59129239771472,55.4033516565929],[-1.59259864215853,55.4027694406665],[-1.5966817597506,55.3947185156199],[-1.61142133180323,55.3851680059346],[-1.62127361287514,55.3883061183847],[-1.61736398159784,55.389256305278],[-1.6178287390497,55.3904995605264],[-1.62359074771146,55.3918140444403],[-1.62347066395297,55.3894918057877],[-1.61464468376904,55.379928842407],[-1.6137888227813,55.3843632159102],[-1.60848651940798,55.3839464939471],[-1.60605951485748,55.3738739879528],[-1.60590092740421,55.3736142561068],[-1.60581645001725,55.373475900011],[-1.59891536850539,55.362169906049],[-1.59821937946804,55.3603318448972],[-1.59685526128323,55.3587935418502],[-1.58856455815899,55.3452255612461],[-1.58184041139057,55.3394793784576],[-1.57469277762492,55.3395956502916],[-1.57385786359306,55.3391302019403],[-1.58200522710671,55.3375992381903],[-1.58289817676221,55.3380068153507],[-1.5881233235311,55.340391476636],[-1.59444882276335,55.3432753147133],[-1.59411433682544,55.3426200929008],[-1.59243817480818,55.3396220524809],[-1.58534274507226,55.3362656898467],[-1.58496661380949,55.3360877411603],[-1.58395716008295,55.3356101484702],[-1.57368950448152,55.3362532060343],[-1.57182327344956,55.3379958894354],[-1.5704969102715,55.3372563695404],[-1.57021497815202,55.3353820288983],[-1.54939419416243,55.3217234425153],[-1.54977934428435,55.3113634819305],[-1.55786123115581,55.3072623090892],[-1.56876503686939,55.2933564322839],[-1.56995760796806,55.2918348537995],[-1.57091013191127,55.2754511934118],[-1.55436756973493,55.247300682691],[-1.52545077234589,55.2272074742912],[-1.52886468665355,55.2212783806206],[-1.52592166644184,55.2172949662693],[-1.52692112311838,55.2160749050739],[-1.52217983913664,55.2104896688872],[-1.52216298434447,55.2098236856258],[-1.52090281343443,55.2089863353243],[-1.51912153401704,55.2068891760973],[-1.51236526665455,55.2009849381343],[-1.51052182180648,55.1991262691545],[-1.50199782407712,55.1964185541673],[-1.50178800998061,55.1962790111894],[-1.50511039175201,55.192596907476],[-1.49919426908833,55.1856387287732],[-1.50464300222614,55.1846483331297],[-1.51171479561292,55.1836538483443],[-1.51183170781326,55.1829696761331],[-1.51437271371399,55.1787112776167],[-1.51437639026504,55.1786716691055],[-1.51352256762074,55.1781982126672],[-1.51533167247782,55.1732776252479],[-1.52000502262644,55.1705546702599],[-1.52069822933981,55.1671377618929],[-1.52507761098866,55.1626320444064],[-1.53799522675709,55.1623433981817],[-1.53822173562109,55.1623383245835],[-1.539715377093,55.16170879298],[-1.54007499767794,55.1615572169786],[-1.52493482293934,55.1605144043841],[-1.51941147033663,55.149795645886],[-1.51932136795006,55.1491544866612],[-1.51879034083231,55.1485898945674],[-1.51616610230403,55.1434948193477],[-1.51029019249345,55.1388286782018],[-1.50549786596653,55.1342338285402],[-1.50353920735436,55.133465935864],[-1.4986686100033,55.1295957437051],[-1.4912912844457,55.1214984237742],[-1.49097954606709,55.1207567802998],[-1.49864059710304,55.128450819204],[-1.50413175061294,55.1305535108035],[-1.52194010728981,55.1435750633959],[-1.52003452468043,55.1388131518742],[-1.52252812776008,55.141718232879],[-1.5332368336357,55.1390575953582],[-1.55814388154088,55.1469230900182],[-1.53398133516483,55.1376280676367],[-1.55392473753194,55.1342880452847],[-1.56112028263862,55.134629413442],[-1.56513821073327,55.1338171479129],[-1.55620255179945,55.133438573904],[-1.55570706889608,55.1334175629743],[-1.55245825943956,55.1332797440928],[-1.54954636238217,55.1341675107134],[-1.54838978135126,55.1345200940463],[-1.54249821983897,55.1339940849956],[-1.54383834091777,55.1322836478126],[-1.53523023020457,55.1349761838945],[-1.53513299542491,55.1350065920515],[-1.53474922231205,55.135126610041],[-1.52764470512425,55.1371750886715],[-1.51582727070345,55.1340384582414],[-1.51446685519691,55.1336772656987],[-1.50506531730511,55.1295894325666],[-1.50460876254343,55.129390880192],[-1.50030938028039,55.1279364942109],[-1.49729088854969,55.1251609046608],[-1.49774133397215,55.117759470699],[-1.49543992772456,55.1220917341836],[-1.49084389348173,55.1177761563137],[-1.4914918106634,55.1171804451706],[-1.49467927791243,55.1183746986379],[-1.49802104241316,55.1133698460943],[-1.49848793789989,55.1126419762831],[-1.49457030005263,55.1023998583529],[-1.49418274080866,55.1020702938695],[-1.47813701787841,55.0884197430799],[-1.47689752513594,55.0871681245493],[-1.47662942810484,55.0871365957843],[-1.47373682480152,55.0846743494031],[-1.4727315086056,55.0849783659694],[-1.46930580062582,55.0819748408344],[-1.46932231269376,55.0814930672983],[-1.46853451047117,55.0811870117537],[-1.46837575820361,55.0802918050465],[-1.46697586834301,55.0799317288937],[-1.46523150497232,55.0784019299694],[-1.46201931294635,55.0746127467075],[-1.46182573692943,55.0743843741607],[-1.46177203661591,55.0743210198694],[-1.45614584449036,55.0720128759486],[-1.45618534920917,55.0708710126332],[-1.45586391232777,55.071077609626],[-1.45591672367542,55.0708337066906],[-1.45414277913942,55.0711909838071],[-1.45138733347301,55.0700602645496],[-1.45509757044996,55.0641398433346],[-1.45043742059614,55.0536537536165],[-1.45039944168,55.053609674463],[-1.45033894339022,55.0535394583019],[-1.44583446703078,55.0483106580945],[-1.43627916359089,55.0412954313514],[-1.43065036362879,55.0371614378645],[-1.43058201383034,55.0365634116335],[-1.43049295200059,55.0357841385762],[-1.43068183688857,55.035622037935],[-1.43046194256975,55.0355128047664],[-1.43032263774593,55.0342938284931],[-1.43058336173892,55.0340721224815],[-1.43028868100339,55.0339966852769],[-1.42988923278935,55.0305009088878],[-1.42971474880145,55.0303008199685],[-1.42967466516539,55.0302548533058],[-1.41971687433161,55.0188320097026],[-1.41577057796182,55.0178220087228],[-1.4146077385816,55.016865868347],[-1.41426078735057,55.016590337178],[-1.40353842940246,55.014672761884],[-1.41611532889245,55.0166172234624],[-1.41627480154404,55.0165282585437],[-1.41726451801609,55.0166770999475],[-1.41711698489932,55.0160584196835],[-1.42071844527381,55.0140490363942],[-1.42984008205754,55.0132284991455],[-1.43088379144816,55.0115561615986],[-1.43252791855014,55.0089214676074],[-1.44105356407592,55.0068568562689],[-1.45079930939627,54.9965575795144],[-1.45103317019466,54.9963103617693],[-1.44871573894722,54.9930693393557],[-1.45650552441973,54.9885661971359],[-1.47181447709831,54.9891619582219],[-1.47027380449726,54.9910405992356],[-1.48197690420807,54.9882242929741],[-1.48391691700499,54.9882540931157],[-1.50178137504528,54.9885270248885],[-1.50298523827274,54.9891965785231],[-1.50263074736771,54.9884877312589],[-1.5027405158318,54.9884831187848],[-1.51951300024009,54.9877772211053],[-1.53061208500245,54.9840923889978],[-1.53084429541888,54.9840152780562],[-1.53097639008987,54.9838103908821],[-1.53503200713547,54.9775189581626],[-1.53516669304324,54.9771772335253],[-1.54053340760211,54.9635574386507],[-1.54515561261819,54.9620089829881],[-1.55030688264821,54.9608463185939],[-1.5540308474959,54.9600056262743],[-1.56556205862622,54.9645856262007],[-1.56560614978963,54.9645899870121],[-1.57724053265974,54.9657399919002],[-1.58180587393863,54.9670398940578],[-1.59283220205431,54.9762942334199],[-1.58843441681729,54.9705838222589],[-1.58872567036113,54.9705736943036],[-1.59361589669739,54.9704014513357],[-1.59433261330954,54.9706053990943],[-1.59541173852786,54.9703381487217],[-1.60017746630459,54.9701700299505],[-1.60776901827902,54.9672768459635],[-1.63272202425032,54.9610899055471],[-1.63945377452031,54.9603502203388],[-1.66740854193323,54.9647736011487],[-1.66771330940851,54.9648217859482],[-1.67059791497243,54.9650186258885],[-1.69266743789111,54.9691725422326],[-1.6976507587457,54.971027882099],[-1.69769230138873,54.9710433467914],[-1.71200226132739,54.9743124831431],[-1.70257597413209,54.9712640650527],[-1.70508287594813,54.9701825467204],[-1.71669083882337,54.9680042506699],[-1.72023658178279,54.9682021803437],[-1.72611012196467,54.9753497503894],[-1.73812321479483,54.9793970979055],[-1.73818196545251,54.9794168869816],[-1.73911140897243,54.9797299441274],[-1.7524561857683,54.9834425806005],[-1.76956855958914,54.9814177634256],[-1.76980563514251,54.9813896931254],[-1.7700620058351,54.9814290832688],[-1.78497172937048,54.9845241647276],[-1.78175765213265,54.9834895134735],[-1.77904141102917,54.9826151864621],[-1.77877708667278,54.9825300977362],[-1.7784034026504,54.9824098151818],[-1.7725412591292,54.9805226835306],[-1.7467428594702,54.9810539956526],[-1.74276932625011,54.9797331315021],[-1.72810933248871,54.9747207092239],[-1.72687471888799,54.9696595965456],[-1.71950269075712,54.9670238763686],[-1.71884191921553,54.966787592616],[-1.70976346619787,54.9661979039764],[-1.70287403554774,54.9695983657712],[-1.70147085221844,54.9702908264313],[-1.68915908403572,54.9664680489477],[-1.67988692722473,54.9635877620544],[-1.67964945449033,54.9635259941164],[-1.67852139792136,54.963232573124],[-1.63739296173077,54.957833429377],[-1.63772489009242,54.9570400548501],[-1.61585366969731,54.9621157447382],[-1.61520305200431,54.9622666531503],[-1.59444960504345,54.969797355159],[-1.59408947941313,54.9699279757522],[-1.57893544759099,54.9637753600105],[-1.57883642178738,54.9637762802329],[-1.57061301750294,54.9638524448805],[-1.56825529266484,54.9638741799265],[-1.56363450676696,54.9618643450191],[-1.5585207825066,54.959639648539],[-1.55788833484309,54.9594731863933],[-1.55243325650544,54.9580372018928],[-1.53822688956179,54.960655823787],[-1.53443624879901,54.9648098114539],[-1.53436934989812,54.9648831129635],[-1.53417275688498,54.9650985218612],[-1.52838827497977,54.9821124070673],[-1.51522612777397,54.9859374392051],[-1.48451209006885,54.985879156693],[-1.4813652509343,54.9858466058501],[-1.4807685905025,54.9858714043682],[-1.47230464877068,54.9862228635226],[-1.47101247550781,54.9837749486221],[-1.47181975719903,54.9861389895805],[-1.46431405589544,54.9840402750262],[-1.44855548784585,54.9868842467708],[-1.44367703564044,54.9930124956742],[-1.44356911999851,54.993164557812],[-1.44157537195577,54.998859540448],[-1.43970133652862,55.0038931324753],[-1.42906385461312,55.0073209573673],[-1.42882762720592,55.007358753525],[-1.41910926572263,55.0036896832457],[-1.41865785674011,55.0032629622785],[-1.41415671034667,55.0052750138933],[-1.4111011791994,54.9992913736443],[-1.41089417559432,54.998883506532],[-1.39342119653654,54.9881777591249],[-1.39064335777552,54.9876344292945],[-1.38086262421025,54.9813368479292],[-1.380906567485,54.9803996430514],[-1.38091236246012,54.9802760582706],[-1.37658896009803,54.9783596968194],[-1.37547087012874,54.9778640453318],[-1.35724769140478,54.9661203871969],[-1.35663012910714,54.9651987888726],[-1.35516084410925,54.9619193527551],[-1.35977984947181,54.9493380002054],[-1.36386831459343,54.9442115945973],[-1.36397413526462,54.9440788907946],[-1.36400973025537,54.9437577465339],[-1.36519878157338,54.9330268908496],[-1.36539370415793,54.9310940283912],[-1.3632954924509,54.9229564034038],[-1.36233825831078,54.9228122131991],[-1.36225746426972,54.9225932063199],[-1.36341118979104,54.9227431158208],[-1.36153960523149,54.9206472125369],[-1.36127450299552,54.9199285148752],[-1.36282119604845,54.9196880564162],[-1.36147756007759,54.9184023239428],[-1.36589103414449,54.9173443122838],[-1.36749868177496,54.9197817263693],[-1.3709930539526,54.9116983836949],[-1.37763793126555,54.9104680437889],[-1.38283280071156,54.9095012636537],[-1.37765197413497,54.9095575566592],[-1.37207200115382,54.9096226431005],[-1.36118519610345,54.9172973221135],[-1.35840832563363,54.9137132743285],[-1.35749617478231,54.9145919489576],[-1.35731971119843,54.9144230454056],[-1.35871017867952,54.9130451804162],[-1.35867354870447,54.9130126578157],[-1.35871893371751,54.9129654255443],[-1.35347812888024,54.9083990948899],[-1.35077203040989,54.9059955573397],[-1.35485026363921,54.9076105911511],[-1.35147621166938,54.9053110311787],[-1.36164017162446,54.8982975133715],[-1.35801261792531,54.8857588850975],[-1.3580022657345,54.8857230935109],[-1.34742697394115,54.8605994850833],[-1.34735823944741,54.8605011814912],[-1.33593835822925,54.8441614797239],[-1.3354851666986,54.8437743320829],[-1.33542191775082,54.8437202998815],[-1.3298236838879,54.8389371537502],[-1.32140203144164,54.8376640787983],[-1.32089098427849,54.8375634503815],[-1.32934628775083,54.8379612984564],[-1.3246087849872,54.8348598696603],[-1.32155330945532,54.8367678496258],[-1.3258845585346,54.8322940295435],[-1.3226714203242,54.8275689707769],[-1.31973455889124,54.8223723506909],[-1.32033596984019,54.8215081587998],[-1.31373327334036,54.8135431560282],[-1.31205627328982,54.8078372743752],[-1.30875251209712,54.7850871492424],[-1.3081470275332,54.7841983422002],[-1.30831049374574,54.7832088181417],[-1.3088508421947,54.7809678824008],[-1.30172797386118,54.7726617189414],[-1.30054995954759,54.7686458551701],[-1.29502608552642,54.7646825872983],[-1.2941300750998,54.7636109752357],[-1.29240055153377,54.7610691282581],[-1.29235785057135,54.761006367849],[-1.2913393020048,54.7601343644133],[-1.29131243072651,54.7600915449722],[-1.29101432178711,54.7598885295709],[-1.28168647269031,54.7528308279003],[-1.24238146780254,54.7230620625089],[-1.24193513701543,54.7227237041839],[-1.24251971578362,54.7224307990019],[-1.24340100246946,54.7226924144867],[-1.24592128460714,54.7234405281221],[-1.24368865966194,54.7225881164585],[-1.24350935718475,54.7225196563455],[-1.24283952060187,54.7222638986501],[-1.23164642110467,54.7177213115356],[-1.23159383566478,54.7176999656612],[-1.21002901072878,54.7089421285019],[-1.17569729724445,54.6967465914717],[-1.17433678023129,54.6931621748631],[-1.17402616261033,54.6919931945106],[-1.17455342485774,54.6923560556303],[-1.17701764299862,54.6946474878241],[-1.18487697438917,54.6932950367217],[-1.19277511911233,54.7004914612059],[-1.19632938053034,54.6985649667341],[-1.18750965082326,54.6939094531825],[-1.1959399031887,54.6923614125333],[-1.19408689998301,54.6902198304169],[-1.1945192059421,54.6897157621526],[-1.19788237012063,54.6918053793625],[-1.19867872582023,54.6862575168224],[-1.19680601621656,54.6870491052513],[-1.1975989738156,54.6861243414495],[-1.19885420435152,54.6853833293903],[-1.19849602143784,54.6796417049149],[-1.19849239250194,54.6795835299739],[-1.19731505826709,54.6781671635313],[-1.17610694079305,54.6536285991937],[-1.16476091636409,54.6476052887914],[-1.15834295944638,54.648319894325],[-1.15799371101608,54.6483084464295],[-1.16879885892195,54.6442890507578],[-1.1617987909207,54.635423037741],[-1.1663887690271,54.6372637384789],[-1.16592472164367,54.6338941077572],[-1.16042471112156,54.6351924457567],[-1.16559110623118,54.6318760838332],[-1.18876265284135,54.6326511062476],[-1.19324235313037,54.6290285368499],[-1.20058167792251,54.6231036897385],[-1.21162530269644,54.6223321854875],[-1.21244815672405,54.6222803198861],[-1.21263514524583,54.6217277289702],[-1.21276582137568,54.6214986239424],[-1.17347969079375,54.6215366566799],[-1.16781991844001,54.6293103937164],[-1.16484632932882,54.6282277215656],[-1.17204808009584,54.6217868971339],[-1.16724017559485,54.6197714814128],[-1.16204482781001,54.6226186130551],[-1.16058479247303,54.6103262801625],[-1.16574787623154,54.6101219825555],[-1.16743285551662,54.6047855592226],[-1.20292745328001,54.5835478289809],[-1.23619335704755,54.5887771061162],[-1.24538882798209,54.5938254714925],[-1.24501002900417,54.5916294141577],[-1.25251885086485,54.5923975965216],[-1.25858143284081,54.5888661576672],[-1.25942752203854,54.5809160715978],[-1.25993970159281,54.5756933363387],[-1.25936718165682,54.5768735825108],[-1.25311044938941,54.5897669293346],[-1.25170846105873,54.5906769518001],[-1.21570933882705,54.5810670930069],[-1.21978316515439,54.5788817028521],[-1.20481475828751,54.5799886220202],[-1.20697417243001,54.5767436214208],[-1.2037727320396,54.5769325389943],[-1.20247338032616,54.5804100010459],[-1.19732878235169,54.5817250811403],[-1.19707258434367,54.5817905631702],[-1.16380013008804,54.6021112503393],[-1.15139431318611,54.5961637404645],[-1.16349063398613,54.6021046071507],[-1.16025318686916,54.604540122118],[-1.14677026000937,54.5990951501693],[-1.15759190778504,54.6054499334996],[-1.14912904305,54.6143317447533],[-1.15462417114531,54.6275034978044],[-1.153299071145,54.6302054450543],[-1.14611921329267,54.6277264727713],[-1.14113399818843,54.6286099007235],[-1.13545967479434,54.6296162056536],[-1.14190907266081,54.6381694628453],[-1.1391136245794,54.6441055854254],[-1.1381945136727,54.6436849070523],[-1.13874620757824,54.6406929661972],[-1.11881251872714,54.6288614416471],[-1.0846206441754,54.6203975832227],[-1.07317157676239,54.6213368170792],[-1.07231952088698,54.6211309787847],[-1.05959649237511,54.6180564187768],[-1.05850636862159,54.6174934402429],[-1.03639976664779,54.6060714203758],[-1.03581487056976,54.6058427905398],[-1.0176925958509,54.5987563274409],[-1.01639413304144,54.5982483844675],[-0.98470916090586,54.5893897242919],[-0.984431769768939,54.5893121157946],[-0.960287944667573,54.5850306858465],[-0.945666939978297,54.58751416628],[-0.935692253894466,54.588168292232],[-0.919982195473937,54.5846698190308],[-0.904024163613736,54.5745856803747],[-0.900659887748464,54.5752541020476],[-0.898774607842658,54.5742952997544],[-0.898180943856563,54.5719568615449],[-0.897572307074079,54.5719041073192],[-0.875705131311908,54.5700066118595],[-0.871975861885777,54.5696825951365],[-0.869524793011458,54.5699491786541],[-0.853009737827309,54.5717439965636],[-0.846242723572737,54.5697292206504],[-0.808810703025369,54.5585740029559],[-0.791410637911935,54.5604705191082],[-0.789903532441767,54.5601779728387],[-0.794251723600609,54.5583524617884],[-0.793343116997354,54.5583086153137],[-0.791885977193506,54.558238284062],[-0.80041918962436,54.5510109253916],[-0.827081463556422,54.5485187051945],[-0.848647297024731,54.5300038288166],[-0.848530740694743,54.4879729367657],[-0.880825023321814,54.4970468603547],[-0.952589374508347,54.4880153423264],[-1.00340105305077,54.5030120993885],[-1.0368514550928,54.4940440596311],[-1.09473696863192,54.506695609022],[-1.11838000658732,54.498198569694],[-1.14619694918505,54.5028216114721],[-1.2348659056463,54.5103160445539],[-1.25667466779605,54.5011079127846],[-1.25740307371,54.4873218291368],[-1.28109315435744,54.490567247829],[-1.30043052365099,54.4758220047871],[-1.3436289617262,54.4641554121316],[-1.34491503450455,54.4724080083617],[-1.36441713758622,54.465952408782],[-1.37256157635986,54.4723074609222],[-1.38101055095849,54.4940289306676],[-1.39505004776972,54.4856799721371],[-1.4070888004288,54.4935296381495],[-1.4127863622095,54.4771953983173],[-1.43211777207151,54.479454565172],[-1.43490529222604,54.4874931710252],[-1.45850783644379,54.5039188888445],[-1.47484256726738,54.5004265232174],[-1.45838201882701,54.4925217623978],[-1.46231204065857,54.4512285057182],[-1.475464579469,54.4739075689832],[-1.49878945098745,54.4753428287993],[-1.49177548206257,54.486200491717],[-1.51134080604103,54.4750122607667],[-1.51413191899894,54.4837750912496],[-1.52883695102378,54.4848137377239],[-1.51969374190879,54.4711152244878],[-1.54567271781715,54.4712384758728],[-1.55519520906131,54.4849781907925],[-1.58298032825201,54.4971007328169],[-1.57921485380734,54.5051876844863],[-1.5918807025688,54.5043008605634],[-1.58106853741621,54.5128456586148],[-1.60249810301447,54.5104886362177],[-1.61148472706396,54.5200007869525],[-1.63344443619249,54.5141122913593],[-1.63377378148266,54.525364378957],[-1.65467519937522,54.5246500961671],[-1.65793716561516,54.5345889222004],[-1.69692636355207,54.5360064288161],[-1.7213108898176,54.5423017243929],[-1.73309136190533,54.5277364123393],[-1.77969652861129,54.5318729939184],[-1.77613231485782,54.5067285041672],[-1.79297648414091,54.4844924287088],[-1.83943329269054,54.5084372355978],[-1.85780051144888,54.503539794396],[-1.85912998438283,54.4818579024252],[-1.94254323627035,54.4533953541015],[-1.97005959181258,54.4515215410208],[-1.99676437249469,54.4669034483454],[-2.04472952149334,54.4751862733078],[-2.04319843418637,54.4835994475386],[-2.11659617374357,54.4622634779758],[-2.17021302340634,54.4581987846828],[-2.15899719522345,54.472029635374],[-2.17239803091537,54.5324441152957],[-2.19753056810017,54.5327039650371],[-2.20948818801938,54.5517133723259],[-2.30451453732035,54.5961978451873],[-2.32493776754246,54.6316502361691],[-2.28797868797798,54.6504801032182],[-2.29287495116333,54.6638852911182],[-2.32728766378882,54.6707277186819],[-2.35176911416252,54.6859308500297],[-2.35574349125271,54.6976521785663],[-2.32574674351607,54.7266292296878],[-2.31208952139602,54.7910150459368],[-2.32738520521004,54.8053324695509],[-2.34842858236683,54.8070792752561],[-2.38998545538645,54.8321552433607],[-2.41165834715293,54.8564544832241],[-2.42275637725897,54.842830254846],[-2.46060153125164,54.8341721848522],[-2.4953568980919,54.8103421039783],[-2.52347067288973,54.8060428472237],[-2.5583066678318,54.8167246157662],[-2.58267104737595,54.8458667815631],[-2.57335234214531,54.8535461962825],[-2.60543022085515,54.8843823116013],[-2.57641404338101,54.8967171098062],[-2.56622128211943,54.9192380628219],[-2.54527258594749,54.9291719622267],[-2.56764946010163,54.9408560211738],[-2.56849154078611,54.9583618171016],[-2.59556897269462,54.963480931938],[-2.60142928961523,54.9713401694156],[-2.5733107670136,54.9876377868719],[-2.57285163622922,55.0163983325548],[-2.48304985288842,55.0400190758404],[-2.503984940725,55.0624298936516],[-2.48608636846352,55.0824435683507],[-2.50257438882916,55.090758675394],[-2.56213639511458,55.083462169153],[-2.5684260078781,55.0962614131911],[-2.59353940991365,55.1050960585006],[-2.59890282488408,55.1245757158745],[-2.65693941785208,55.1361318302789],[-2.67732441001798,55.1554875877371],[-2.67455532373979,55.1758914662266],[-2.68978916257996,55.1889832482806],[-2.666814789349,55.2215803899766],[-2.63141420722149,55.2236980849122],[-2.63022898081735,55.2447914959374],[-2.61145085823107,55.247134429328],[-2.64677118121333,55.2600438629418],[-2.62665606673464,55.2622209376361],[-2.60923810323899,55.2832480256194],[-2.57336309653362,55.2968843972754],[-2.55900833851599,55.317852822136],[-2.52026965851612,55.3230470911992],[-2.47539346393945,55.3547399200112],[-2.41499664354287,55.3589219030045],[-2.39924454089922,55.3481854407045],[-2.37891180668306,55.3491694371305],[-2.33752995734802,55.3671909668018],[-2.34623321175053,55.3730610533814],[-2.33002052064065,55.3812415663335],[-2.34494682160794,55.3993134310068],[-2.33562914471266,55.4082080634579],[-2.31325356259942,55.4067893342264],[-2.26061128927204,55.432933998025],[-2.2312819124724,55.4284292920017],[-2.19485820047688,55.4445902843441],[-2.18807797549864,55.4621152744524],[-2.1655212321177,55.4683818980953],[-2.20133583318611,55.4752675198284],[-2.2026492750732,55.4895412876908],[-2.22884551551699,55.5095187800221],[-2.2403065059112,55.5556271683871],[-2.28881057092811,55.5803072659017],[-2.2892322950467,55.6037736959148],[-2.3160941125707,55.6204584681156],[-2.30862602967662,55.6288759763574],[-2.3243105601635,55.6261659069396],[-2.33600510128162,55.6324814820058],[-2.30578970416838,55.6470437737042],[-2.23436858586757,55.6410421010054],[-2.24834586160377,55.6521497545295],[-2.21845272804607,55.6642602674573],[-2.21865916071879,55.6759071372636],[-2.16723105928948,55.7060351648167],[-2.17668873824399,55.7186894967436],[-2.15057590272351,55.7231544074817],[-2.14429584165104,55.7392700686025],[-2.11763747623683,55.7387750002012],[-2.10764153175897,55.7598881498085],[-2.0856391490368,55.7620403321679],[-2.0861230942702,55.7930452706114],[-2.03456758533587,55.8111839315397],[-2.03443442194526,55.8110920704721],[-2.03117086683748,55.804230056814],[-2.01259406724471,55.7933303987033],[-2.01294006547302,55.7916115625028],[-2.01084890949263,55.7911604493986],[-2.00420322412863,55.7884042759992],[-2.00157806906484,55.7868627180578],[-1.9999867028264,55.7859281402617]]]]},"properties":{"FID":1,"RGN25CD":"E12000001","RGN25NM":"North East","RGN25NMW":"Gogledd Ddwyrain","BNG_E":417315,"BNG_N":600357,"LONG":-1.728869,"LAT":55.29702,"GlobalID":"3e5fd9bb-78c2-4f73-9faf-84e785fe1ba6"}},{"type":"Feature","id":2,"geometry":{"type":"MultiPolygon","coordinates":[[[[-2.89332821603423,53.9895769401559],[-2.89829076201192,53.987786429059],[-2.9000602488267,53.990558535797],[-2.89332821603423,53.9895769401559]]],[[[-3.17414037665675,54.0665054596638],[-3.1733563944656,54.0619013305],[-3.17690551926068,54.0635141019658],[-3.17414037665675,54.0665054596638]]],[[[-3.24596088345262,54.1072066496835],[-3.24293050944541,54.0989993424094],[-3.25270142316294,54.0992665022848],[-3.2476453151847,54.0981362067093],[-3.25151690171921,54.0963469457552],[-3.24728376335017,54.09485938496],[-3.24769794132354,54.0972925739113],[-3.24321692236536,54.0975322047937],[-3.24698591887507,54.0939519462938],[-3.23889927555919,54.0863417635355],[-3.22999636649892,54.0884815196762],[-3.23321522872291,54.0840758786065],[-3.22432155087919,54.0814849453376],[-3.22092612694298,54.0804955147602],[-3.2242480031498,54.078987319051],[-3.22646035396442,54.0779827604095],[-3.22395540426051,54.0690734500845],[-3.22337695769539,54.0670155217951],[-3.21016264821205,54.0650928701305],[-3.2057385405614,54.0522691194634],[-3.19606428269382,54.0487472356205],[-3.17853351091224,54.0552939087372],[-3.17413830782018,54.0483056134426],[-3.17286653368479,54.0552585851715],[-3.17311782971818,54.0470912380378],[-3.19561465348076,54.0442603776943],[-3.20969137922897,54.0475232367759],[-3.22374041727216,54.0617718168634],[-3.26404413059651,54.1025831647654],[-3.26448103375255,54.1039409168552],[-3.27668181146214,54.1418213497213],[-3.27130710682538,54.1481609724581],[-3.25723244985251,54.1526671134695],[-3.25200650574525,54.1507459669262],[-3.26451078299676,54.1477651897769],[-3.26476412843411,54.1385568008686],[-3.26068063260003,54.1385205351369],[-3.2609439034727,54.1378207882846],[-3.25613212516307,54.1352118934007],[-3.25952829745112,54.1351566102382],[-3.25505594393094,54.132020625593],[-3.25876205040121,54.1318462420456],[-3.25462324727425,54.1317815658202],[-3.25078956284993,54.1257472214652],[-3.24596088345262,54.1072066496835]]],[[[-3.11756456324349,54.9748539881472],[-3.11863174348568,54.9744608488646],[-3.1181485957924,54.9748666422797],[-3.11756456324349,54.9748539881472]]],[[[-2.5684260078781,55.0962614131911],[-2.56213639511458,55.083462169153],[-2.50257438882916,55.090758675394],[-2.48608636846352,55.0824435683507],[-2.503984940725,55.0624298936516],[-2.48304985288842,55.0400190758404],[-2.57285163622922,55.0163983325548],[-2.5733107670136,54.9876377868719],[-2.60142928961523,54.9713401694156],[-2.59556897269462,54.963480931938],[-2.56849154078611,54.9583618171016],[-2.56764946010163,54.9408560211738],[-2.54527258594749,54.9291719622267],[-2.56622128211943,54.9192380628219],[-2.57641404338101,54.8967171098062],[-2.60543022085515,54.8843823116013],[-2.57335234214531,54.8535461962825],[-2.58267104737595,54.8458667815631],[-2.5583066678318,54.8167246157662],[-2.52347067288973,54.8060428472237],[-2.4953568980919,54.8103421039783],[-2.46060153125164,54.8341721848522],[-2.42275637725897,54.842830254846],[-2.41165834715293,54.8564544832241],[-2.38998545538645,54.8321552433607],[-2.34842858236683,54.8070792752561],[-2.32738520521004,54.8053324695509],[-2.31208952139602,54.7910150459368],[-2.32574674351607,54.7266292296878],[-2.35574349125271,54.6976521785663],[-2.35176911416252,54.6859308500297],[-2.32728766378882,54.6707277186819],[-2.29287495116333,54.6638852911182],[-2.28797868797798,54.6504801032182],[-2.32493776754246,54.6316502361691],[-2.30451453732035,54.5961978451873],[-2.20948818801938,54.5517133723259],[-2.19753056810017,54.5327039650371],[-2.17239803091537,54.5324441152957],[-2.15899719522345,54.472029635374],[-2.17021302340634,54.4581987846828],[-2.17750847989225,54.4616256747416],[-2.18931554536681,54.4489784731566],[-2.24953922329874,54.4519434353475],[-2.29286520125281,54.4393074909511],[-2.30814588994671,54.4197937715609],[-2.30544502560032,54.3970864171865],[-2.29170338915819,54.39062970169],[-2.2974404079712,54.3768987644415],[-2.31704255658246,54.3763105176709],[-2.34464790841351,54.3596285098932],[-2.36771223910638,54.356070614351],[-2.30984140863991,54.3243149774976],[-2.3230323098134,54.3110827863686],[-2.31719184100725,54.2871656647743],[-2.32589176655811,54.2796929160037],[-2.31549577489661,54.2700755422937],[-2.32564664212512,54.2414383475156],[-2.34805240648407,54.2378066814487],[-2.36231711509247,54.2497526288087],[-2.37302060410132,54.2400989034835],[-2.39677965225249,54.2393810797039],[-2.40563193679838,54.2249151681045],[-2.46086273483392,54.2267161351685],[-2.53397895530311,54.1576927128776],[-2.56050449737639,54.1530521175321],[-2.56474222741882,54.1268638428693],[-2.52400965394563,54.0946224792898],[-2.50952601849528,54.0954253298731],[-2.46434741774283,54.0752794321098],[-2.46954984634616,54.0462122422033],[-2.42582648982368,54.0380949093938],[-2.37407297715162,54.0490890605674],[-2.35732329416741,54.0191170938826],[-2.33956433043647,54.0093207221731],[-2.35228494459096,54.0105532688523],[-2.35219961279232,53.9946235098377],[-2.33999932342476,53.9894768964455],[-2.31917729442185,53.9938205133544],[-2.29451918094864,53.9744631568126],[-2.23039881478544,53.9815667887368],[-2.22111218452458,53.9779017069844],[-2.23209923454447,53.9712160499507],[-2.22567381467208,53.9611195231592],[-2.1960183674942,53.9695758446194],[-2.18446422707568,53.9522113890033],[-2.18227343100205,53.9354059632924],[-2.13222410689956,53.9265088503224],[-2.11334616135047,53.9156268535833],[-2.10301894796253,53.8909412962507],[-2.08144705819635,53.8756803205624],[-2.08991499194819,53.8681819720455],[-2.04613032171259,53.8501412455596],[-2.04692463706631,53.8295102810523],[-2.06122232901262,53.8256202144341],[-2.11227899052983,53.8057083882264],[-2.12835851818789,53.7990313029985],[-2.12481550058915,53.7880553415977],[-2.13636274882185,53.7801044586254],[-2.13117443618115,53.7515444474766],[-2.17329132180093,53.7230096460328],[-2.14632807589576,53.6822315285494],[-2.14225755110277,53.6780058080643],[-2.13412727234523,53.6857340281759],[-2.1180850077117,53.6712452232624],[-2.09289023797517,53.6701612634545],[-2.05124217318775,53.6836917577465],[-2.02681574056412,53.6241671452053],[-2.02303595762586,53.6158394760088],[-2.00947078713106,53.6167795102388],[-1.94272585126694,53.5616412932109],[-1.9128846428011,53.5516436140542],[-1.90962083195551,53.5383909856456],[-1.92678065561025,53.5209487487883],[-1.92197284577495,53.5099546839903],[-1.95133267475833,53.504198837989],[-1.96338598926022,53.5098272597675],[-1.98781957548853,53.481110398481],[-1.98579237816046,53.4552267712585],[-2.00823485273611,53.4415492986129],[-2.00421605197447,53.4359217849539],[-2.01422750540755,53.4397627537578],[-2.0262554175393,53.4298651605263],[-2.0136971820304,53.4158901088998],[-1.99232947055908,53.415193132135],[-2.00464286724195,53.3863272765984],[-2.03377543264394,53.3755415688756],[-2.031058463243,53.3702623852066],[-2.00678505242821,53.3545721116505],[-2.0094248420728,53.2606147227429],[-1.97487979601863,53.2309549889589],[-1.99024867768893,53.223022290227],[-1.98737982955689,53.2136037465838],[-2.00174927099309,53.1929557232904],[-2.04610965363786,53.1927771374014],[-2.07021816358765,53.1716531246803],[-2.11186950066067,53.1686364884112],[-2.1403630699576,53.1838497783136],[-2.14142291774514,53.156612488773],[-2.15554543171792,53.1596534942826],[-2.21131492476988,53.1158244632205],[-2.24742276488468,53.0898700462216],[-2.25324848942767,53.0939769935256],[-2.29337580822217,53.0783263863886],[-2.31805569446669,53.0814075166978],[-2.34758567133388,53.0561702915254],[-2.38148099775442,53.0524751031714],[-2.38422739107302,53.0261675763594],[-2.37042155075988,53.0145296481573],[-2.38304468514478,53.0077867854542],[-2.38079367936827,52.9984110613486],[-2.43676051035908,52.9862560826448],[-2.43466847192472,52.9695572514768],[-2.48113332913399,52.9588365842155],[-2.52136030854293,52.974341819955],[-2.52951582206291,52.9471648765937],[-2.56126288258472,52.9649521042076],[-2.58641372797688,52.9553790878105],[-2.59769347128031,52.9630059890586],[-2.59488906784906,52.9796071465965],[-2.63265093996284,52.9966707862961],[-2.67466228547344,52.9856628094808],[-2.69929243706707,52.9954387977652],[-2.7268406065337,52.9832729453915],[-2.7599401790776,52.9864196655643],[-2.76827535224616,52.9948605032859],[-2.80331096693005,52.9895941835749],[-2.83599558996295,52.9971501459187],[-2.84406201373811,53.0176683661674],[-2.86104429459502,53.0228486540914],[-2.85571506741516,53.0372559033468],[-2.87011791101549,53.045360592318],[-2.85924038438122,53.0542555269905],[-2.87255483685911,53.0586155388117],[-2.86147506310468,53.060660399278],[-2.88164358493242,53.0743920830987],[-2.87572225442175,53.081522027628],[-2.90207396485116,53.0920394240974],[-2.88109940909981,53.1216037174963],[-2.91023233565262,53.1126389633283],[-2.96381312518341,53.1327575241621],[-2.97949802680966,53.1506216451438],[-2.99508831009331,53.1541959610598],[-2.92783850918185,53.1714114098192],[-2.92229929317117,53.1892926708204],[-2.9983782407184,53.2358586433666],[-3.0360241317657,53.2518049826441],[-3.08559116942303,53.2567567511996],[-3.08646444425346,53.2571018548255],[-3.10102284884796,53.2673011444018],[-3.10736613777868,53.2720590285493],[-3.10790091411533,53.2799739143102],[-3.1177995779553,53.2841505622601],[-3.12300486479432,53.2893038745707],[-3.14050554089281,53.3058752986372],[-3.122561301957,53.3039997406143],[-3.12721967075174,53.3087001814693],[-3.12034699014744,53.3116837892846],[-3.13511878156733,53.3163124111745],[-3.13515935003558,53.3318555210861],[-3.1387834553508,53.3343215540016],[-3.19057115642075,53.3682434476226],[-3.19085660224343,53.3685130044997],[-3.19851887570533,53.3757472172894],[-3.20036786484447,53.3875152769109],[-3.17760588455519,53.399727276904],[-3.14095753460276,53.4118615597619],[-3.14058325972016,53.4119387682062],[-3.11887667147798,53.4164140953626],[-3.11835091644181,53.4166050864457],[-3.11831396797343,53.4166185081997],[-3.08989528464672,53.4269359368759],[-3.06040530710554,53.4386300207842],[-3.06035393075803,53.4386503821942],[-3.05671380257696,53.4400930149974],[-3.04032032385677,53.4428974492803],[-3.03009573023227,53.4271235533651],[-3.02919844414884,53.4259222911431],[-3.0242566413351,53.4193049843474],[-3.02411903031801,53.4190914313562],[-3.01279318229124,53.401485795388],[-3.01277209262004,53.4014315081616],[-3.00677895826765,53.3859988216891],[-3.00674557484623,53.3859128272804],[-3.00654027620033,53.3853839773296],[-2.99560388724085,53.3684024377915],[-2.9953485042943,53.3680057165485],[-2.97318175985386,53.3530249615378],[-2.95826371765444,53.3326417736128],[-2.9581291854903,53.3325313303103],[-2.93469705824737,53.3132839114761],[-2.92879375710679,53.3084313606214],[-2.92876393030535,53.3084068385263],[-2.92857185482182,53.308248927435],[-2.91477813940676,53.3056605864809],[-2.9046509522151,53.2994660701186],[-2.90362636993272,53.2988392126688],[-2.90169861259955,53.2976987511588],[-2.90053434197305,53.2970099227782],[-2.88684289119912,53.2931605714269],[-2.87838965649441,53.2907828192051],[-2.85556823597895,53.2920219410742],[-2.85396195212893,53.2952784840666],[-2.83960109526843,53.2987369169366],[-2.84828815838519,53.3021146733661],[-2.84774599999753,53.3062552630137],[-2.84299741520689,53.307536579453],[-2.81595602191875,53.306163153207],[-2.79095732295569,53.2962416085681],[-2.78896613468561,53.295450918772],[-2.75279179952492,53.3145695935004],[-2.75247772983128,53.3147354604635],[-2.7525613810451,53.3148499681931],[-2.76337770508361,53.3275497074317],[-2.75784091669664,53.3354790091725],[-2.7595309070958,53.3359889022083],[-2.75875580095224,53.3384281642098],[-2.758495118741,53.3386907619262],[-2.75377295712957,53.3434470186141],[-2.7433520356453,53.3453418063951],[-2.73608877904364,53.3450588472399],[-2.73604430180679,53.345057113119],[-2.72197834310191,53.3445076355997],[-2.72095776255916,53.3450610544277],[-2.6995157370485,53.3566828463273],[-2.67865635215704,53.3547729505744],[-2.67797176901121,53.3547102044295],[-2.67518815433053,53.3544550291597],[-2.66614155553677,53.3576986420879],[-2.66397757100118,53.3672487970184],[-2.65676840870564,53.3740985813598],[-2.64232731192839,53.372462058128],[-2.63819424545003,53.3776168258268],[-2.62173022885747,53.3750249680143],[-2.63896366036029,53.3784037289121],[-2.64568645711708,53.3739378759682],[-2.65429959617039,53.3758173155357],[-2.66017296906672,53.3739072793379],[-2.67448838732609,53.3567628041123],[-2.69087747231626,53.3611472982258],[-2.69230355597768,53.3615286604252],[-2.69318162020485,53.3617634591136],[-2.69337870606463,53.3618161601768],[-2.70565145291146,53.3614728573102],[-2.71241426309629,53.3578218501049],[-2.71314790163816,53.3576707815227],[-2.71382378696736,53.3575315997987],[-2.72848437291258,53.3545113998598],[-2.73307347607677,53.3479816523244],[-2.75872888732108,53.3497016238618],[-2.75985161314977,53.3509049555644],[-2.76205149798426,53.3532625599253],[-2.75973175695221,53.3503567577812],[-2.759133575705,53.3496073941184],[-2.75953206613015,53.3494435565131],[-2.76038686362431,53.3490921005636],[-2.76897961169971,53.3455583658424],[-2.77724870879584,53.3355540377212],[-2.77827881161369,53.3326130814351],[-2.78428779479333,53.3364309479592],[-2.77770822988502,53.3292343016332],[-2.78980651468789,53.3223565232255],[-2.81905523700649,53.3329784588014],[-2.82565377537196,53.3318318630163],[-2.82575690218936,53.3318139393809],[-2.82666108251466,53.3316567904658],[-2.82764611749226,53.3311881828272],[-2.83641028510294,53.3270180221655],[-2.85497271766899,53.3274716906758],[-2.8781584032105,53.3341988129017],[-2.88307364109977,53.3365780343856],[-2.90271948689426,53.3460829284945],[-2.90986934033261,53.3495402475937],[-2.91033766494538,53.3498276738672],[-2.91613103666373,53.3533980302289],[-2.92241081028017,53.3572671486057],[-2.92382253603583,53.3578679267488],[-2.94393943702948,53.3664252588191],[-2.94476955672841,53.3667782274517],[-2.94573600345657,53.3671902358264],[-2.96799886507509,53.3753289136876],[-2.9692998574906,53.3758042866466],[-2.98379771774959,53.3857015856591],[-2.98497258192719,53.386503354574],[-2.99506094505106,53.4009260900531],[-2.99597825709121,53.4023119150111],[-3.00176306297194,53.4110490226558],[-3.00187532829115,53.4114881526164],[-3.00194461342193,53.411759162234],[-3.00858034567406,53.4376980776964],[-3.00862063658468,53.4378554716704],[-3.00862735954135,53.4378817356921],[-3.0087553041663,53.4383815403633],[-3.02355445278711,53.4562313440767],[-3.02770871273926,53.4551409050265],[-3.03758289159382,53.4624117841107],[-3.04042291475171,53.4647457960478],[-3.04145607648159,53.4656287466038],[-3.0375828033773,53.4684663786472],[-3.04341324165079,53.4778934536568],[-3.05480979258477,53.492061615499],[-3.06506183003855,53.5047971855252],[-3.06403357007708,53.5104953155597],[-3.06396809376324,53.5113194244299],[-3.06273854047787,53.5267895894037],[-3.06269259750895,53.5273674156352],[-3.0640893032736,53.5306079695072],[-3.06336583264194,53.5264736935222],[-3.07092871468224,53.5215401351518],[-3.07912247040563,53.5261461671335],[-3.08817398744502,53.5273645601383],[-3.10147987878623,53.5408076722762],[-3.10546969372255,53.551515121877],[-3.10051940107972,53.5693935583247],[-3.08612380546461,53.5873528567882],[-3.06211528619626,53.6101700240104],[-3.06198575835968,53.6103448711624],[-3.04272333876982,53.6363293791139],[-3.03115105370248,53.6476501016393],[-3.01780002231058,53.6541759088142],[-3.01765963216288,53.6543291635083],[-3.00319787554834,53.670109250229],[-3.00641633416462,53.671336109774],[-3.01095129838762,53.6669761690439],[-3.01500641637631,53.6721798090291],[-3.01560673548138,53.6729500327362],[-3.01409163674866,53.6791290336072],[-3.00236758960063,53.67695728702],[-2.98790424659545,53.6846530894819],[-2.98297340033182,53.6825365287523],[-2.98846018151549,53.6873774162755],[-2.98468573864038,53.6897356976541],[-2.9804478745622,53.6867117224675],[-2.98016054516173,53.6890213879824],[-2.98007033947605,53.6897464517317],[-2.97714577059521,53.6965349900239],[-2.96527621527027,53.6982022377334],[-2.96459264777716,53.6934789851597],[-2.97148810101294,53.6921631685983],[-2.96294795680419,53.6928809928634],[-2.95830252070891,53.6875845229667],[-2.95405295878304,53.6913772967952],[-2.95732724900187,53.6910510203013],[-2.96228359433791,53.6938318960573],[-2.95523031951581,53.6964959958852],[-2.95546153052438,53.6967420234548],[-2.95621612350698,53.6974883297443],[-2.95271938681748,53.6997929377576],[-2.94152892554935,53.6965385670863],[-2.95112716312555,53.6997138311818],[-2.94259731100621,53.7001596526698],[-2.95364553050276,53.7023678994709],[-2.94731786154544,53.7041699149421],[-2.95510573113752,53.7044380058463],[-2.94378181280026,53.7081508186067],[-2.93711850861306,53.7045196924341],[-2.92884252098914,53.7045058981382],[-2.93802631312004,53.7054231077798],[-2.94032046651289,53.7114299625145],[-2.94674645990412,53.7103017179595],[-2.94140120680981,53.7132730256653],[-2.94824334885701,53.7117819661068],[-2.93590241203022,53.7254278573857],[-2.93231112428278,53.718742597157],[-2.93286950420761,53.7245302106354],[-2.92841413814561,53.7220732673289],[-2.92825444105733,53.716129699708],[-2.92717787550835,53.720710353376],[-2.91550650829472,53.7133397800803],[-2.91950261910863,53.7170492183508],[-2.91578938571846,53.7168781251645],[-2.9293482374125,53.7241612097607],[-2.91509383958069,53.7260983450118],[-2.91133476076106,53.7167593940239],[-2.91065900358174,53.7177293925856],[-2.90948852065716,53.7194094191413],[-2.91071938882012,53.7205257023291],[-2.91321402325386,53.7227878769724],[-2.91077347785951,53.7230302962417],[-2.90871967196848,53.7232342599593],[-2.91079886075989,53.7242055203134],[-2.91207548344561,53.7248018327258],[-2.91083291221613,53.7257820279506],[-2.90745944915309,53.7284227778388],[-2.90430085660743,53.7289227267409],[-2.90528875414529,53.7258527881275],[-2.89627647140573,53.7230004699596],[-2.90056396781076,53.7263398209896],[-2.89457734599652,53.7300646115067],[-2.88938741884581,53.7306444051491],[-2.89114252977826,53.7256859577415],[-2.88877982103995,53.730725349076],[-2.88612164829108,53.7268593666942],[-2.88414337961129,53.7309646229446],[-2.8682136602682,53.7333847502526],[-2.85207143175334,53.7312082085016],[-2.83397459681835,53.7208335532563],[-2.8325343327652,53.7193996364336],[-2.82935298508951,53.7162318981779],[-2.82705731897592,53.7139457039475],[-2.8267182357279,53.7136079952037],[-2.82630966820449,53.7132010736024],[-2.82662881987084,53.7158782960393],[-2.82676481112005,53.7160291807549],[-2.82994693413473,53.719559429068],[-2.82672731982692,53.7201327091704],[-2.83543341655469,53.7243416477223],[-2.83580403927562,53.7247632710812],[-2.84298864716169,53.7289688620216],[-2.84468623314457,53.7301047003837],[-2.8548327060395,53.7353303345746],[-2.82233146581995,53.7437025993672],[-2.82006931243426,53.7443301910943],[-2.7796855281892,53.7527403168928],[-2.77598879964437,53.7531157228396],[-2.7741271235724,53.7485401172003],[-2.77440339272435,53.7532766852425],[-2.77441060497474,53.7533998304242],[-2.760039652414,53.7559243574603],[-2.75719952461912,53.7564230236602],[-2.76398630694099,53.7564098300283],[-2.76428895434158,53.7564092327796],[-2.78849674381186,53.7532247001907],[-2.79321874671959,53.7521482621689],[-2.79396648676013,53.7519777838617],[-2.79406350210283,53.7519703366455],[-2.79461308748071,53.751928147971],[-2.80228043043361,53.7502339146962],[-2.80614808011831,53.7521682495851],[-2.80358872059394,53.7498134660912],[-2.82027354201501,53.7463313869181],[-2.82061461504723,53.7468189035262],[-2.82232637202247,53.749265432522],[-2.8227340700148,53.7454533966192],[-2.85617190443083,53.7385569305364],[-2.85665171840787,53.7384578857806],[-2.86295629466538,53.7374552643536],[-2.86368313482258,53.7374640360698],[-2.87478657562084,53.7375974935808],[-2.87600368632993,53.7376120593715],[-2.87932480358396,53.7352633347336],[-2.91098553576517,53.7328468342336],[-2.9288151164656,53.7314822719168],[-2.92905319078579,53.7314640327069],[-2.92913475068414,53.7314577847752],[-2.92970105608547,53.7326003321598],[-2.93810258961656,53.7320826665864],[-2.93963676448437,53.7331746652829],[-2.94069564989633,53.7321234509731],[-2.94934402805683,53.7326737438805],[-2.9530557385883,53.7329848774255],[-2.98008423372517,53.7344228011129],[-2.98036359398756,53.7344536511867],[-2.98095126150272,53.7345185463147],[-3.00082176254005,53.7367111159568],[-3.00781330655781,53.7384179760835],[-3.02665446181297,53.7430149218383],[-3.0268693279669,53.7430673216067],[-3.03477055310374,53.7480696544108],[-3.03897279867481,53.7475014629909],[-3.05061404235153,53.7592756867662],[-3.05502289109455,53.7619850625643],[-3.0568506487214,53.7765779662032],[-3.05870788970516,53.7837226001713],[-3.05878735130784,53.7840280911487],[-3.0566919204234,53.7951057610462],[-3.06101064072763,53.7953291519783],[-3.05691731916426,53.7954965613476],[-3.05733305460964,53.7985057729035],[-3.05731100324561,53.7987821484166],[-3.05630525326159,53.8113824528439],[-3.05634731455155,53.8124052967516],[-3.05661748083244,53.8189737979504],[-3.05662532165961,53.8191643888581],[-3.05647408830484,53.828741776286],[-3.05642095589189,53.8296336795615],[-3.05632705981414,53.8312097809612],[-3.05573119773682,53.8412087768221],[-3.05557594672643,53.8417818814303],[-3.05487928787874,53.8443533782298],[-3.05291024825252,53.8516197547881],[-3.05140103417761,53.857187527476],[-3.05126728559843,53.8577297664869],[-3.04923049573482,53.8659857224498],[-3.0480884060709,53.8746791849094],[-3.04796727293731,53.8756014514405],[-3.04795018870738,53.8757317254672],[-3.04721482282278,53.8916668747926],[-3.04727301914449,53.8922083528068],[-3.0501496964756,53.9192141222376],[-3.04238367906507,53.9239825446935],[-3.02340103937965,53.9262491274699],[-3.00738051249276,53.9279285168324],[-3.00608974736265,53.9280637141292],[-3.00530162220945,53.9265737916622],[-3.00394703254059,53.9240127092226],[-3.00760012687243,53.9210476797349],[-3.00819709582985,53.9205631005973],[-3.01057304978404,53.9201550660015],[-3.01251485843958,53.9198215497874],[-3.00571695550388,53.9186517678251],[-3.00593516864927,53.9031555472758],[-3.00843728036201,53.9017542252274],[-3.00595184117217,53.9007466196134],[-3.00355832415114,53.8942143846097],[-3.00350349196885,53.8940647165081],[-3.00312505660112,53.8930317106926],[-2.98469401125816,53.8814410085412],[-2.982891266643,53.8803068144346],[-2.97588884544649,53.8798966637268],[-2.96881084234099,53.8739805821216],[-2.97899105850278,53.8708051101163],[-2.97715767612473,53.8640162333348],[-2.9767290287593,53.862428650474],[-2.97731552152914,53.8619265740719],[-2.97625266778386,53.8618726822482],[-2.97499643954594,53.8618089731992],[-2.96939085318523,53.8615245250809],[-2.95998509553547,53.8610466174298],[-2.95753612515708,53.8599538234837],[-2.95671999974883,53.8595896227156],[-2.95342744150672,53.8581201739629],[-2.95265198509772,53.8577740609325],[-2.95319218479979,53.858217305333],[-2.95853509446622,53.8626005810253],[-2.97228976820704,53.8646218654458],[-2.96614461029008,53.8735220062432],[-2.962988828865,53.8780909680292],[-2.98518203972394,53.8898117536391],[-2.98388457197192,53.8955953660357],[-2.98624593775746,53.8926054634651],[-2.98972283420714,53.8943429458749],[-2.98666928915832,53.8955275638486],[-2.99122127663588,53.8955466416647],[-2.99447574573062,53.9050747757626],[-2.99269473725513,53.9056260286909],[-2.9924384192545,53.9057463272933],[-2.99052523927207,53.9066442079072],[-2.99046455347119,53.9066726877366],[-2.9897621165254,53.9070023322038],[-2.98943501994428,53.9071558313058],[-2.99075076871936,53.9068620207675],[-2.99219989497456,53.906608078901],[-2.99672762301435,53.9089424506396],[-2.99657472244147,53.9311477620765],[-2.92897924634985,53.9498163449657],[-2.92889979589982,53.9498382556927],[-2.92780871968516,53.950139146051],[-2.91574125412243,53.9514343990283],[-2.91500859446365,53.9515129958546],[-2.91571262114282,53.9501238633068],[-2.91633192462229,53.9489018229263],[-2.91567941228962,53.9486036170267],[-2.91056986618748,53.9462682219577],[-2.91562889428337,53.9462907319877],[-2.92082870697185,53.9463136431413],[-2.91560357243765,53.9451312634085],[-2.91306165392547,53.944555951816],[-2.91557272962762,53.9437189104797],[-2.91892237920942,53.9426022051082],[-2.9155640001907,53.9433191308821],[-2.91220624061909,53.944035805342],[-2.90476456086632,53.9384998727713],[-2.90532409048547,53.9405637384907],[-2.90007576051423,53.9384272518134],[-2.89917485578991,53.9410908098073],[-2.89898482011986,53.9384893902632],[-2.89674961267995,53.9411637746281],[-2.89126896343871,53.9394762817232],[-2.89206734940744,53.9421989952606],[-2.88664897156732,53.9416776462876],[-2.89478900958182,53.9455078529284],[-2.88953330572328,53.9481147370594],[-2.88924237272237,53.9480301673172],[-2.88890841338631,53.9479330898769],[-2.883391738285,53.9463292655168],[-2.88348066736293,53.9460243624429],[-2.88352419446639,53.9458751210351],[-2.88410914976123,53.9438694169411],[-2.88281149147638,53.9457988884585],[-2.88273104244286,53.9459185004498],[-2.88246954744044,53.9463072878249],[-2.88100919102248,53.9462167782286],[-2.8744426721644,53.9458095761863],[-2.87839804304864,53.9474507552768],[-2.87621276142042,53.9512847487196],[-2.87447176255366,53.9517531021111],[-2.87248617071447,53.9537934502568],[-2.88030758248276,53.9540491237626],[-2.88677863849597,53.9583911422734],[-2.87119275736481,53.9565162033928],[-2.86980577658474,53.9597322784302],[-2.8693691259882,53.9598423655419],[-2.86557817254582,53.9626110575744],[-2.86479375078709,53.9632251889135],[-2.86193231841356,53.9646091823126],[-2.85736807986886,53.9625773617256],[-2.85424774949215,53.9650945880106],[-2.85416747292615,53.9653459370286],[-2.84856595152943,53.9651154742052],[-2.84122748789692,53.9659433197092],[-2.84639617393219,53.9657011680949],[-2.84399255521829,53.9682032094839],[-2.8496740551262,53.9657319487725],[-2.85227270873591,53.9672686932462],[-2.8562636200194,53.966397862503],[-2.86698194136404,53.9684851972059],[-2.8792546255851,53.9791130168565],[-2.86968729761613,53.9836136143936],[-2.86814108773089,53.9931491171006],[-2.86297795260411,53.9953640630373],[-2.8611163725289,53.9926020059476],[-2.85704238871533,53.9935712622141],[-2.86233564518192,53.9953569986178],[-2.85608726991274,53.9995800754066],[-2.84024721177983,53.9969911405725],[-2.83405541632384,53.9986700054507],[-2.83232230503188,53.9948380132099],[-2.83039486575328,53.99724743267],[-2.82324000272676,53.9947504509764],[-2.83274199666624,53.9985182124721],[-2.82947148215909,54.0155470684916],[-2.82946958324293,54.0155965074357],[-2.82879587984821,54.033134784184],[-2.82867081919855,54.036392216644],[-2.8287478538128,54.0365456765627],[-2.83027564688904,54.0361955195143],[-2.83069345523384,54.0360998659878],[-2.83143256050391,54.0359302851378],[-2.831625528937,54.0358307556087],[-2.831246413161,54.0331178220274],[-2.83116070892338,54.032504403413],[-2.8315610980559,54.033115640408],[-2.83311719448733,54.0354909478613],[-2.83359865367194,54.0354340319637],[-2.83493572308925,54.0351270200525],[-2.83632732851683,54.0372070602242],[-2.83039227634381,54.0372939482694],[-2.83284329759136,54.0395122752432],[-2.83779491017494,54.0369874101684],[-2.83320166467442,54.0397920232618],[-2.83839556401831,54.0374676307651],[-2.83555002104243,54.0405387923053],[-2.83992889812756,54.0386873879294],[-2.8369552492757,54.0408552892139],[-2.84133867086051,54.0400617159044],[-2.83770272613224,54.0420275103551],[-2.84213660930257,54.0410798439875],[-2.8415012104708,54.0457435709777],[-2.83956101384558,54.0462183911017],[-2.83653995282122,54.0470446118054],[-2.80871493945415,54.0546455146158],[-2.80381201252135,54.0527392687782],[-2.80279261142593,54.0525542258666],[-2.79962884486468,54.0519798738263],[-2.79901802153204,54.0523322685701],[-2.79591382727775,54.0541229872193],[-2.79512410412914,54.0567761292028],[-2.79504117000718,54.057054733747],[-2.79329700171989,54.0629132048356],[-2.79917822033039,54.0542550273201],[-2.79972077701791,54.0534560935738],[-2.79975367307338,54.0534076532368],[-2.79999617525011,54.0530505477296],[-2.80076312898292,54.0532734718584],[-2.80163759103237,54.0535276354313],[-2.80867090404043,54.0555822946979],[-2.83639170808769,54.0495025379358],[-2.83858901113081,54.0490308975148],[-2.83906763633909,54.0488109335472],[-2.85033295170146,54.041101368841],[-2.84555623081361,54.0429765870645],[-2.84421402236638,54.0395301820264],[-2.8480265547518,54.0414501283781],[-2.84879348199864,54.0390045904226],[-2.8405810206458,54.035980255423],[-2.84175327639489,54.0330446029336],[-2.84046598209496,54.0355756812783],[-2.83737300173027,54.0330752098885],[-2.83661034961266,54.0324585960203],[-2.84121357614026,54.0285374944201],[-2.83696314491045,54.0317820469107],[-2.83345946490196,54.0285213422197],[-2.83384316343098,54.0232941016937],[-2.84208183600727,54.0261100769921],[-2.8396090273525,54.0231695204612],[-2.8424744788115,54.0253694533846],[-2.8437497123138,54.0214112960492],[-2.83955452316125,54.0203109919132],[-2.84105286799586,54.0214220681911],[-2.83827184393106,54.0229406665688],[-2.83402531469271,54.0224057605046],[-2.83529829458474,54.0171544019406],[-2.83775235283041,54.0189745111719],[-2.83688807421533,54.0166544026486],[-2.83545339385882,54.0159831307681],[-2.83915431435531,54.0139378176327],[-2.83528853389484,54.0153722019604],[-2.83522372484665,54.010845607339],[-2.84153704239315,54.0097346787749],[-2.8381279608403,54.00843283647],[-2.84224185704825,54.0059486369935],[-2.85328814618409,54.0055579472873],[-2.84499809582905,54.0148621592792],[-2.86078154361331,54.0038741336739],[-2.86684350739029,54.0102504166495],[-2.87000016022753,54.0084203367823],[-2.86535223367674,54.0073869804774],[-2.86875385837698,54.0060232661171],[-2.86480627045939,54.0049732026246],[-2.87031978363958,54.003923152669],[-2.87263755927612,54.0076471139492],[-2.8754632204403,54.0048802452981],[-2.87191962037048,54.0027988988054],[-2.87634833714895,54.0014058949901],[-2.88104026035683,53.9894528386938],[-2.8839767800734,53.9947349692552],[-2.88899319154224,53.9959230169813],[-2.88421986220799,53.9943269605272],[-2.88610976793853,53.9910234988944],[-2.90022783303898,53.9920330964746],[-2.90374690080723,53.9984359165227],[-2.89693905517786,54.0007338093942],[-2.90067362844752,53.9998808130677],[-2.90694858608202,54.0070286521266],[-2.90341859421465,54.0205632911952],[-2.91741939860972,54.0277393656365],[-2.92442353253621,54.0313276877543],[-2.91875780124467,54.0324822403649],[-2.91752925006629,54.0327325409551],[-2.91258916601561,54.0337403129959],[-2.91241947640711,54.033762373673],[-2.9134587243537,54.0355470245379],[-2.91757673125385,54.0348817389707],[-2.92137080356394,54.0342685967559],[-2.91760227628922,54.0360380583448],[-2.91255132307545,54.038409189957],[-2.91166715167176,54.0385785727234],[-2.90602474249383,54.0396593231833],[-2.90574294516442,54.0455959196151],[-2.90571874088975,54.0461057458944],[-2.90551429042115,54.0484056292659],[-2.89713146464943,54.0492916623366],[-2.89294206540648,54.0578153349254],[-2.89276020903616,54.058185253964],[-2.88947834494135,54.0664521543838],[-2.88802983275172,54.0663242492079],[-2.8827531139095,54.0658581484143],[-2.8767795657774,54.0711820865917],[-2.87726961071797,54.0718796129475],[-2.8791477436449,54.0745526896188],[-2.87703086115686,54.0751305708211],[-2.86761105301408,54.0732617216292],[-2.85776054047242,54.0791850454242],[-2.85747459346053,54.0793569548501],[-2.84718123157456,54.0775427537758],[-2.82619662102057,54.0869000407816],[-2.82041755485747,54.0887332915028],[-2.8239728503,54.0911683644618],[-2.82445436007097,54.0938971505799],[-2.82758159925819,54.0944379846667],[-2.82694730401757,54.0999769385455],[-2.81965188602514,54.1032229216114],[-2.80857983289409,54.1081475533264],[-2.79856605220221,54.1224024459169],[-2.79382182807416,54.126779454895],[-2.79290832507289,54.1276215671902],[-2.78507456194648,54.1350400464222],[-2.79354013238121,54.1285879085269],[-2.79971031604853,54.1277436351553],[-2.80655057059714,54.1347436380034],[-2.80547649304388,54.139499780161],[-2.80998215247266,54.1323130313579],[-2.82889781903275,54.144737292687],[-2.82782532460237,54.1475546967973],[-2.81972447234026,54.1503098093591],[-2.8211237371338,54.153153771171],[-2.8132667625105,54.1571764529313],[-2.82843951995571,54.1533071057889],[-2.83528529678459,54.1622439710928],[-2.83721686204006,54.1741723998253],[-2.84892116586991,54.1797679969603],[-2.86472773157932,54.1837609621055],[-2.86413419859594,54.1920311808672],[-2.85345256738839,54.1927400885758],[-2.83621484721889,54.2015503206361],[-2.83540285959756,54.2052238376675],[-2.82660703879668,54.204552129394],[-2.82317325506155,54.2060379581556],[-2.82286613757275,54.2061710437865],[-2.81842259586579,54.2080420830057],[-2.82146533899019,54.2093938197367],[-2.81609993727279,54.2129759270671],[-2.80711882395538,54.2189700835589],[-2.79438125660623,54.2274202495207],[-2.79464737847295,54.2338392176801],[-2.79797776765573,54.2405233961717],[-2.79985402396498,54.2442880903153],[-2.80080580322894,54.2461975519399],[-2.81186462031331,54.2450769016422],[-2.81308444074886,54.2449532249885],[-2.81280418916141,54.2498173475685],[-2.81270529502557,54.2498136228189],[-2.80240461134631,54.249425167429],[-2.80067050904396,54.2508909683662],[-2.80426468972142,54.2500508569164],[-2.80652693167445,54.2512799014306],[-2.80773246056085,54.2510193448475],[-2.81439870780994,54.2495782598682],[-2.81472529474225,54.2447417048403],[-2.80964562934392,54.2426935642744],[-2.80139657415898,54.2443782178061],[-2.80116275580964,54.2311882925736],[-2.80290231753729,54.2250584174089],[-2.80472251250931,54.2245537944133],[-2.83219629855315,54.2192109490427],[-2.8371110581654,54.2128317033502],[-2.84146774433388,54.2071750312974],[-2.84247353493712,54.2055178695788],[-2.86855550603468,54.2020960624817],[-2.86741014206203,54.2047943624278],[-2.87006184961241,54.2017742131585],[-2.87157941759236,54.2040281703418],[-2.87847373096771,54.2015019717747],[-2.87953057008866,54.2009419499561],[-2.8796685279597,54.2008688439533],[-2.88590270016895,54.1975648241705],[-2.88717689713304,54.1993754642585],[-2.88736635734998,54.1945513002277],[-2.89644633776937,54.1898883568082],[-2.90105873882455,54.19012759819],[-2.89760292584337,54.1801524447987],[-2.91069879167993,54.1794662807635],[-2.89881797983015,54.1767862898717],[-2.92047304581011,54.1657165711497],[-2.92193833925974,54.1649671838883],[-2.9204581828514,54.1650471796571],[-2.9083048723623,54.1657033150595],[-2.91802248569238,54.1602305562186],[-2.92028331287908,54.157168795447],[-2.9253595496205,54.1502924520923],[-2.9378712718974,54.1497573735263],[-2.9470911557984,54.1493251061082],[-2.95910907372192,54.1528090715848],[-2.96542523815219,54.1502419849219],[-2.99953197208596,54.1532614630145],[-3.00018891458658,54.1538339248976],[-3.00095811272898,54.155502841147],[-3.00205586567109,54.1666987577876],[-3.0003615261297,54.1684016545241],[-2.99711442715941,54.1667577796449],[-2.99730762105409,54.173131221298],[-2.9929710189202,54.1702703131949],[-2.99412094734348,54.1730486061648],[-2.99606495563144,54.1759241136156],[-2.99930026484553,54.1754641090922],[-2.99615475887138,54.1732908798942],[-3.000219407715,54.1743823863848],[-3.00092746330829,54.1721098079191],[-3.00353530863385,54.1758009527177],[-3.00153441534006,54.172249467015],[-3.00652590942045,54.1722698395884],[-3.00969471343354,54.1768261247312],[-3.00506726719586,54.1802793416657],[-3.01029228629986,54.1769532818253],[-3.00982585456745,54.1827722571831],[-3.01265804977009,54.1797222928322],[-3.0210569009725,54.1852884762015],[-3.02017945328803,54.1896091169332],[-3.02213237238232,54.1857745483531],[-3.02699098883191,54.1896384182246],[-3.02460581593169,54.191787050379],[-3.02774366354344,54.1900759684519],[-3.02924870640396,54.193779571115],[-3.03876063401333,54.197194103868],[-3.03475787115557,54.1965005783486],[-3.02541285035508,54.1968376375618],[-3.02289301936017,54.201063536802],[-3.01983181958329,54.2010696504632],[-3.01454551426712,54.2063678043235],[-3.0215034090591,54.211408899163],[-3.02222781077734,54.2119336441326],[-3.02248690076576,54.2139447560315],[-3.0231574253403,54.2191485487449],[-3.0231897812087,54.2193996254218],[-3.02762703650007,54.2192881598007],[-3.02855881484159,54.220431550914],[-3.03361545589645,54.2292708294488],[-3.04631848623672,54.2267667665697],[-3.04876496998461,54.2332337381789],[-3.03397370162035,54.2396737441633],[-3.03325109989257,54.2437909246994],[-3.02898992574295,54.2415867751272],[-3.02935888742513,54.2401745952196],[-3.02731624260222,54.2415435514457],[-3.0285730872906,54.2463681269303],[-3.03567677049205,54.2443210289317],[-3.03752405601022,54.2399047616014],[-3.04805397110303,54.2422896958078],[-3.05218573779326,54.2358076142307],[-3.05194646452189,54.2347620928976],[-3.05181809850323,54.2342011613124],[-3.05162906055111,54.233435976066],[-3.05153074201901,54.2330379918587],[-3.05161928491727,54.2323587490769],[-3.05187468707876,54.2303993612106],[-3.05311965732432,54.2208456404576],[-3.03556718463908,54.2156214450551],[-3.0324196230976,54.211315620587],[-3.03902704982646,54.2057310787469],[-3.0343729085303,54.2112987674683],[-3.03426021309591,54.2114335639115],[-3.03474679153529,54.211295547676],[-3.03877604765289,54.210152554302],[-3.04461797647122,54.1994290957738],[-3.05027343037291,54.1990613995907],[-3.05313591394386,54.1988883177793],[-3.0547822809287,54.194022372947],[-3.05495064618341,54.1935246916981],[-3.05330183266156,54.188482603329],[-3.05974102980086,54.1893598898341],[-3.05586922068239,54.1871766572886],[-3.06162191164685,54.1808205500552],[-3.06117420174465,54.1794519278115],[-3.05910214324739,54.1731118289308],[-3.0608558624468,54.1619982118481],[-3.07797486678772,54.1539752916749],[-3.08763411215117,54.1362522956311],[-3.10062712871104,54.1280018449009],[-3.1046483830116,54.1200044176508],[-3.14259295634196,54.0974038483916],[-3.14274957555766,54.0973107443306],[-3.14911052001581,54.0935266093291],[-3.1647913866967,54.083224258082],[-3.17239860225786,54.0817840914531],[-3.15270062390522,54.0676666804544],[-3.15175820604345,54.0702175247605],[-3.1507107426661,54.0647853241542],[-3.17143439584739,54.0796282894025],[-3.17323568357948,54.0735932109483],[-3.17797475663285,54.0748780042637],[-3.17374799403985,54.0833941538291],[-3.18685853713641,54.0904269602125],[-3.18515795942473,54.0957125175782],[-3.19130643872628,54.1028502156935],[-3.19935700939085,54.1026744985159],[-3.19945387403452,54.1026723814033],[-3.20457149422904,54.1011334107354],[-3.20696989548689,54.1004127991172],[-3.21004915915218,54.0994921395907],[-3.21201824811946,54.0989005367119],[-3.21423535870006,54.098208542578],[-3.21502462540315,54.0979030783907],[-3.21849175765449,54.0958069509947],[-3.21909624684996,54.0954414672364],[-3.22006250356619,54.0948572335873],[-3.22006274197995,54.0947071216365],[-3.21980079348989,54.0942756701952],[-3.21939344508539,54.0937847714836],[-3.21944478026828,54.0936178656874],[-3.21986168307774,54.0930176547364],[-3.22007203780036,54.0929248786633],[-3.22129454506774,54.092500512534],[-3.22134401060665,54.0927302556712],[-3.22171343951631,54.0932997377184],[-3.22192464081579,54.0936252999266],[-3.22242827685699,54.0936441649502],[-3.22383240013994,54.0937977328474],[-3.22470371112044,54.094455043993],[-3.23852292387065,54.1036185391096],[-3.23930826998406,54.1041391361432],[-3.23941128444146,54.1044662942184],[-3.24179932017378,54.1120489466479],[-3.24347581420269,54.1286857574999],[-3.2404909232981,54.147126148396],[-3.23769626162009,54.1559201085784],[-3.24051897608579,54.1583852167738],[-3.24957809649894,54.1548050179067],[-3.25653832090725,54.1687019771402],[-3.24613069478573,54.1719937023139],[-3.22843815833464,54.171368485689],[-3.22700149640666,54.172144577086],[-3.21715247540839,54.1774638240511],[-3.21509386209423,54.18484041842],[-3.22299022376769,54.1877903341498],[-3.21475777669882,54.1856590230194],[-3.21899537935534,54.1874928793041],[-3.21204094474077,54.1997445129956],[-3.21305795553441,54.2071924595455],[-3.20450491693905,54.2095423968315],[-3.21005531855336,54.208589781577],[-3.20919931679972,54.2096694535266],[-3.20551205889564,54.214319453542],[-3.2049869410565,54.2149815852429],[-3.20181685628978,54.2111133222948],[-3.20492716752021,54.2175643902524],[-3.19888201003798,54.2199588870011],[-3.18919287950842,54.233588875631],[-3.19756443719733,54.228798098584],[-3.20004918712312,54.237706533125],[-3.20271655845177,54.239784324104],[-3.20386625311812,54.2406798138505],[-3.2126869872374,54.2475485776592],[-3.21189595175586,54.2518158858409],[-3.21646772942949,54.255902519721],[-3.22849913395474,54.2579647607497],[-3.22928487023927,54.2603508409789],[-3.2238664314974,54.2647555622728],[-3.22580269061142,54.268646367348],[-3.22376053391549,54.2769294598587],[-3.22554040108885,54.2772577296618],[-3.22584845325052,54.2773145418361],[-3.2278065669786,54.2776756441556],[-3.22454980458745,54.2755786405709],[-3.22772780798425,54.2671860710139],[-3.22547569498965,54.2646812206403],[-3.22968525512759,54.2624825163526],[-3.23104097024038,54.2599946157567],[-3.22951660309904,54.2568168050175],[-3.22290710382576,54.2515995582007],[-3.22930754149342,54.2497943900716],[-3.22392047174233,54.2472094226459],[-3.22203987898807,54.2433122611202],[-3.2164245447467,54.2374398347857],[-3.2215718779351,54.2294695648673],[-3.22872551245669,54.230226757628],[-3.23438873144272,54.2323129173781],[-3.23831733887867,54.2336298165347],[-3.23546759519504,54.231400368549],[-3.22868046187573,54.2287081770084],[-3.22539515461285,54.2274047652404],[-3.22852830549972,54.2235929374836],[-3.2367368141959,54.2206793794676],[-3.23871406919869,54.2221821885501],[-3.23636853467333,54.2278759204368],[-3.24576229740378,54.231827444542],[-3.23762903423217,54.2277586838728],[-3.24353532527637,54.2211378486144],[-3.24402174065169,54.2252424240582],[-3.24629340880699,54.223392049224],[-3.2474036492196,54.2222075767912],[-3.24891998075495,54.2212595253369],[-3.25084297266283,54.2171253048424],[-3.25148264212733,54.2281611738457],[-3.25174906027739,54.2192749951406],[-3.2535809870894,54.2158993269607],[-3.25631831747308,54.2147511118979],[-3.25146671734771,54.2158316163312],[-3.2497909741263,54.2095546617743],[-3.24930832052347,54.2092600918972],[-3.2392605388575,54.2031264313526],[-3.25398110018546,54.1916383619339],[-3.26869422967547,54.1901253701842],[-3.27766638293305,54.1939214309258],[-3.27774113657025,54.1939530524656],[-3.28775405238664,54.1970319370111],[-3.29263805073377,54.1914782655285],[-3.27673968255949,54.1904552153832],[-3.28943149693864,54.1879404299],[-3.31430579829842,54.1885623812199],[-3.33003785831517,54.1963397955424],[-3.34176971569079,54.20826640771],[-3.36489573388485,54.2317525761096],[-3.39421568711067,54.2544402198654],[-3.41724001894656,54.2810690834987],[-3.4227306105891,54.2928557559864],[-3.41574227257272,54.3035877374147],[-3.42488454598496,54.3287069698708],[-3.42253394583975,54.3397739152204],[-3.4100391249173,54.3503540252372],[-3.41185021054861,54.3380397767735],[-3.40439167465633,54.3379380704265],[-3.41150175278282,54.3572829504165],[-3.40842060355793,54.3600513778198],[-3.40499914197122,54.3616253433687],[-3.40422688112153,54.3619805735887],[-3.40452642864428,54.3620198892591],[-3.41544268239883,54.3634520882348],[-3.4120323924588,54.3577243100575],[-3.42264656367273,54.3596650993253],[-3.42986170317469,54.3557526530304],[-3.41750896872622,54.3532639645152],[-3.41737471340534,54.3489234084433],[-3.42681029502069,54.3430651473815],[-3.43528528972723,54.3433826113222],[-3.47337461443074,54.3754920201302],[-3.47553878934774,54.383039800473],[-3.47650486491259,54.3864080540051],[-3.47655818869526,54.3864527612459],[-3.49947374289459,54.4056538811202],[-3.50102498690059,54.4066481872798],[-3.50145054433486,54.4069209447502],[-3.54334095824456,54.4386806746053],[-3.55928714054481,54.4507535894675],[-3.57342897965526,54.4614526383636],[-3.57865653988112,54.4657192719278],[-3.5929852117602,54.4821170997191],[-3.60800385729473,54.4909566729522],[-3.61957206738104,54.4909065030725],[-3.62698745090914,54.5019817955982],[-3.63249016766033,54.5051740016198],[-3.63688863879566,54.5104222832472],[-3.63846658946207,54.5159010393428],[-3.63155890780659,54.5192667522577],[-3.62626005707636,54.5206275954121],[-3.61482269669614,54.5246107893531],[-3.61360572102789,54.5250345138944],[-3.60834488956913,54.530570720369],[-3.60801840683175,54.5307296250978],[-3.60778005278499,54.5311029119791],[-3.60763142679029,54.5312241303085],[-3.60756426463748,54.5313920595767],[-3.60625655270729,54.5327678898143],[-3.60541928522913,54.5347997312686],[-3.59564736500482,54.5500944482028],[-3.59348706874838,54.5482028725138],[-3.59105409276824,54.5506828899427],[-3.58984966414056,54.5519104845937],[-3.59221789358168,54.5520554496741],[-3.59413445902241,54.5524612953003],[-3.59406830791047,54.552564777759],[-3.59159259148016,54.5521967517181],[-3.59154804330629,54.552271749489],[-3.58446839377476,54.564186763318],[-3.58430237544579,54.5645010351073],[-3.58428131136951,54.5645409091724],[-3.5841187153859,54.5648486985249],[-3.58039127077633,54.5719033632217],[-3.58071471108826,54.574439300562],[-3.5805190222366,54.5751771496213],[-3.58081163701717,54.575199177747],[-3.58281083170314,54.5908653636305],[-3.57259459614259,54.6006972297048],[-3.57214651561609,54.6049357583921],[-3.56588804848588,54.6122226742689],[-3.57264378769987,54.6311591642318],[-3.57448212873642,54.6388659209959],[-3.57457831539425,54.6392690754801],[-3.57459525368696,54.6393400688472],[-3.57773288375778,54.646949855948],[-3.57807649539379,54.6517055576845],[-3.56251613770338,54.646399013607],[-3.55721494120297,54.646254238809],[-3.56448709251138,54.6479617074194],[-3.5639237740587,54.64805958915],[-3.56341163556783,54.6481485751416],[-3.57174335475492,54.6508463225268],[-3.55204506812564,54.6684585352752],[-3.55078534672408,54.6695842271548],[-3.53349947547929,54.6818773084477],[-3.53327023470455,54.6820526061492],[-3.53322449126195,54.682087585759],[-3.51898114017688,54.6929754945552],[-3.51195888315024,54.7063145439375],[-3.51167884232881,54.7078392731446],[-3.51105090397172,54.7112577918857],[-3.50735703892013,54.7169656866593],[-3.50106511896349,54.7153259915658],[-3.50697108478966,54.717561980857],[-3.50694191770941,54.7176070427972],[-3.50113262670355,54.7171523471693],[-3.49357184296155,54.7258026798484],[-3.48037603768458,54.7317670653405],[-3.47898868771457,54.732393950173],[-3.45552435494887,54.7462157834396],[-3.44640542502761,54.7515837300538],[-3.44541183797266,54.7521684951147],[-3.43814089961836,54.7606204982206],[-3.43331644392299,54.7662264670115],[-3.4315427375615,54.7811036820367],[-3.4378546668328,54.8016272621156],[-3.41031150970627,54.8397350350548],[-3.41025840359405,54.839868670316],[-3.39886993497874,54.868505831812],[-3.39474783762085,54.8681403072865],[-3.39430149619837,54.8680847658276],[-3.39445070902585,54.8681571967681],[-3.39415122823886,54.8680873906997],[-3.39472473317039,54.8682902119566],[-3.39480426592165,54.8683288187168],[-3.39709391625793,54.8695948672366],[-3.39611243000269,54.8703084969643],[-3.38658187522835,54.8755780202559],[-3.37939090225213,54.8824615632397],[-3.36698781532365,54.8914698709485],[-3.3388444593,54.9002339958123],[-3.33568976536044,54.8988955337617],[-3.33513221177873,54.8986589589742],[-3.33694528212834,54.8981099426225],[-3.34965697830214,54.8935011677451],[-3.34480176737261,54.8944847438711],[-3.34454833196745,54.8945028247597],[-3.3397576350783,54.8962695797051],[-3.33453583636592,54.8903031953221],[-3.32870513063011,54.8901122655814],[-3.32521142375131,54.8890889410738],[-3.32098248094675,54.8896702594422],[-3.31824724674678,54.8892548769742],[-3.31152010911656,54.8882666400027],[-3.30878055328947,54.8874397090741],[-3.30220359786019,54.8851306434179],[-3.29427934092794,54.8813284623499],[-3.28828640669268,54.8789516424256],[-3.28759862658903,54.8807416702287],[-3.28362836022977,54.8766744817018],[-3.28193064196865,54.8756682343533],[-3.28565097177588,54.8696451502917],[-3.28708659596689,54.8673204206986],[-3.28193492989162,54.8615162404409],[-3.28352836377207,54.8649508553019],[-3.28424583165474,54.866497140782],[-3.28457764787393,54.8672122296902],[-3.28356101026101,54.8693501505261],[-3.27779606202373,54.8777914229905],[-3.28175852623002,54.8804131068072],[-3.28352330400548,54.8841052368717],[-3.28693241069942,54.8891785563318],[-3.2864820317714,54.8922215364447],[-3.27270461581123,54.8914569112867],[-3.26252944891058,54.8942695836942],[-3.25582096342469,54.8975797622329],[-3.25162743600904,54.9029337107596],[-3.25587234074331,54.9042686673086],[-3.25537508579399,54.9100998779423],[-3.25065252667829,54.9117806286142],[-3.24938495669353,54.9110974252954],[-3.24120813798221,54.906689345226],[-3.24474391445526,54.910375566204],[-3.23269973046229,54.9090820393053],[-3.22157929063997,54.9018017870931],[-3.20971340199137,54.9038985312187],[-3.21134953413904,54.9044229888102],[-3.21451816165581,54.9054385813455],[-3.22123354326476,54.9023822030921],[-3.23367235663409,54.9113698535637],[-3.24763251184629,54.9138966634819],[-3.24853012231641,54.9135369095783],[-3.24944912950967,54.9131685646832],[-3.25874855280288,54.9113694295707],[-3.27017963285237,54.8997826093448],[-3.30314004688142,54.9091591263845],[-3.31369507323501,54.9148950220752],[-3.31347584927487,54.9188930578604],[-3.30203875175872,54.9277035803571],[-3.28330649706739,54.9421233204342],[-3.26533730559232,54.9430343286987],[-3.26893828529529,54.93707352085],[-3.26492857880515,54.9431419528995],[-3.25041219403299,54.9442212303756],[-3.2478672573942,54.9444102588682],[-3.23265729102066,54.9503175514493],[-3.20439217458803,54.9538753127543],[-3.18600124446938,54.9499339658616],[-3.17665321996487,54.9418154616584],[-3.15704078594456,54.9378258467956],[-3.15515603326401,54.9323582470669],[-3.14529633636846,54.9309465446837],[-3.13796409463066,54.9274627315195],[-3.12545667892973,54.928262430829],[-3.11293372071705,54.9267679740973],[-3.10207802519864,54.9283652236857],[-3.09720610169279,54.9319633187944],[-3.07288851056845,54.9371518716482],[-3.06290248660038,54.945274602104],[-3.04782640704278,54.9462978362298],[-3.04121003290888,54.9448053605172],[-3.03295269964736,54.9442156585483],[-3.01484157853852,54.9470990296355],[-3.00960779179728,54.9461800534668],[-3.00260778755777,54.9377923582782],[-3.00454756070861,54.9342483954847],[-3.00638744634778,54.9308863307415],[-2.99586234280445,54.9359228937096],[-2.99981186966045,54.9372429587114],[-3.00080114293566,54.937573573461],[-3.00803378880629,54.9470414530548],[-3.0142662485598,54.9481340406754],[-3.03832581013033,54.9457256863271],[-3.04625170296258,54.9486043557853],[-3.05219964033594,54.950265231281],[-3.06341173268869,54.9490353852551],[-3.06783565295012,54.947894101699],[-3.07305874381316,54.9477209734209],[-3.0773178648172,54.9461361203642],[-3.07225015644352,54.9450119081169],[-3.08284312531344,54.9399752787855],[-3.10063080821579,54.9393014285122],[-3.09473689106742,54.9379321070203],[-3.10789370756494,54.9319555620601],[-3.1203632020919,54.9339198693015],[-3.12707163911517,54.9509161960477],[-3.08510743026114,54.9657435073404],[-3.08548561692731,54.9701512283655],[-3.07233510669036,54.9748819103724],[-3.06142506142838,54.9848434507687],[-3.04817066921261,54.9833113408381],[-3.04920262587064,54.9772000730709],[-3.04237204776661,54.9746778780219],[-3.04028151484511,54.9700318911227],[-3.03787220547378,54.9740576074594],[-3.04485163629974,54.9780380680832],[-3.04688999810345,54.9846941521265],[-3.05614134292591,54.9865212767337],[-3.04408382356934,54.9985567742981],[-3.04945669761314,55.0093950273282],[-3.02587564330566,55.0364866601826],[-3.05341969195431,55.0472840372094],[-3.05092854160806,55.0528035971603],[-2.95859356798911,55.0492945911909],[-2.93640742375778,55.0595859273082],[-2.94042911604544,55.0691281603501],[-2.89687924721878,55.0779496469859],[-2.88629245338616,55.0948098947344],[-2.85854005901994,55.1083488033414],[-2.82760794396969,55.1248368687166],[-2.82550257520544,55.1383140714092],[-2.7848482544576,55.1417914399875],[-2.70347661666498,55.1731731598941],[-2.68978916257996,55.1889832482806],[-2.67455532373979,55.1758914662266],[-2.67732441001798,55.1554875877371],[-2.65693941785208,55.1361318302789],[-2.59890282488408,55.1245757158745],[-2.59353940991365,55.1050960585006],[-2.5684260078781,55.0962614131911]]]]},"properties":{"FID":2,"RGN25CD":"E12000002","RGN25NM":"North West","RGN25NMW":"Gogledd Orllewin","BNG_E":350014,"BNG_N":506279,"LONG":-2.772393,"LAT":54.44944,"GlobalID":"74d05409-7fd8-46e4-bbf1-a48ef3c594d6"}},{"type":"Feature","id":3,"geometry":{"type":"MultiPolygon","coordinates":[[[[-0.546408375512733,53.6899338455488],[-0.525111149700828,53.6852837514605],[-0.520604423154002,53.6856770201683],[-0.525229009558624,53.6831863800049],[-0.535830514281413,53.6812718207733],[-0.534320305553291,53.6833836982032],[-0.54357294197637,53.6828773037196],[-0.558599802283928,53.6894870633902],[-0.546408375512733,53.6899338455488]]],[[[-0.744657289649001,54.5285401633387],[-0.731290023249869,54.5279153710483],[-0.721545473519739,54.5309638095445],[-0.720198904710646,54.5310849478504],[-0.720091599441084,54.5314185254076],[-0.712981157287476,54.5336420016407],[-0.693713316663246,54.5203901813714],[-0.682377849149916,54.5196731387896],[-0.677522516057554,54.5160964975663],[-0.677143198655781,54.5139757380714],[-0.67315847479233,54.5128810703038],[-0.672669483955874,54.5125207401198],[-0.675089283346688,54.5060466006146],[-0.670278678886381,54.5007549169857],[-0.640197779443802,54.4956697019513],[-0.639997776227128,54.4956358619647],[-0.617522378845808,54.4915692954198],[-0.61423697920528,54.4909744367976],[-0.613162545005167,54.493916675099],[-0.613068949901058,54.4937140173711],[-0.61327057175806,54.4897029113811],[-0.613411306290521,54.4869025502113],[-0.612877256914463,54.4908187807625],[-0.612642556442935,54.4925396100929],[-0.612453871242038,54.4920198967735],[-0.612362645259962,54.4930118540406],[-0.611683816334919,54.4920380397221],[-0.612185445274086,54.4937751390912],[-0.612027196110236,54.4937522150567],[-0.611334122955499,54.4929134169957],[-0.609896454587984,54.4910445882425],[-0.609837426184403,54.4910377520955],[-0.609346431860803,54.4905075836404],[-0.593332412332016,54.4878372249963],[-0.592702096235458,54.4880263615073],[-0.592422569012436,54.4881102359372],[-0.589569959217056,54.4889661328927],[-0.588164026431606,54.488639744721],[-0.585220563172056,54.4838832174324],[-0.572657265967406,54.4806981857502],[-0.567640475893023,54.4776586819775],[-0.56343839145346,54.473058955626],[-0.556948758655429,54.4651205910824],[-0.521476959252688,54.4469678118003],[-0.522328739694205,54.4421352649225],[-0.524475860370228,54.4399162057582],[-0.531667453804413,54.4362922478795],[-0.531109728814527,54.4255089288488],[-0.522785329106211,54.4162747281739],[-0.502789279559828,54.4073712454297],[-0.495326915219277,54.4077276773416],[-0.484693368580791,54.4038110999885],[-0.483631188262113,54.4026651544124],[-0.482394551272063,54.4023172971257],[-0.47670831201493,54.3997689693148],[-0.473272670127679,54.3978733084088],[-0.447609695112399,54.3622487514627],[-0.447078167145105,54.3597903651732],[-0.446985139391397,54.359360075064],[-0.444250279271365,54.3575803525895],[-0.432695148898697,54.3415140459531],[-0.432634531991137,54.3401434900203],[-0.430750402721573,54.3399181316864],[-0.418852725208914,54.3336384242827],[-0.417052817354389,54.3314652372285],[-0.421601051529921,54.3259981331231],[-0.418870688230642,54.3198874137417],[-0.418825743622271,54.3195540733882],[-0.417605864530287,54.3105044580712],[-0.412259677308493,54.307673322075],[-0.412021646250462,54.3074674065027],[-0.411565997340204,54.3068946926983],[-0.411376366358623,54.3069091769668],[-0.411282368831237,54.3068278583713],[-0.410755279831088,54.3068765384646],[-0.409806099665529,54.3063737922319],[-0.409032996298537,54.3032127100894],[-0.409490738151108,54.3025403445604],[-0.407353909969878,54.2963458175755],[-0.406906466268129,54.2945608196769],[-0.40669776841721,54.2944433306989],[-0.405890573536069,54.2921025900468],[-0.396806649205536,54.288030939948],[-0.395430006317274,54.2884515200619],[-0.395178008734759,54.2883256628469],[-0.395137196949791,54.2883121701203],[-0.39384581871456,54.2889354724843],[-0.391413962494274,54.2896783059031],[-0.391225997161282,54.2897357188819],[-0.385427168858636,54.2879474424866],[-0.384880918373263,54.2868477794171],[-0.386056258587911,54.2849868670237],[-0.397198626833328,54.2794326221123],[-0.397118454913818,54.2787608721391],[-0.397114738367496,54.2787297322586],[-0.396598182541091,54.2744010842467],[-0.389028480642682,54.2690792388299],[-0.368657532161188,54.2504310792838],[-0.369505123760274,54.2493254792115],[-0.363890554746246,54.2450950734651],[-0.350390387984304,54.2408798998031],[-0.34571288896285,54.2415729060716],[-0.334949526454497,54.2384455013834],[-0.334891879665977,54.238381149323],[-0.31397035179106,54.2320159174581],[-0.312710986534603,54.2286240688261],[-0.302547373185226,54.2271942901612],[-0.259259432499059,54.2158784445018],[-0.275394771128287,54.217669125622],[-0.280133637094091,54.2149136731372],[-0.285069908012207,54.2035489435552],[-0.285226577271916,54.2031881117274],[-0.282750812700331,54.1950775296238],[-0.275281527618684,54.1875006642192],[-0.274530415766336,54.1860092366195],[-0.274512265378083,54.1859742195829],[-0.272191890223111,54.1843655913009],[-0.264452670666596,54.1765101390551],[-0.263254665529302,54.1759538276366],[-0.232852441201026,54.1618271566389],[-0.212733146755222,54.1576338292154],[-0.21260063659496,54.157606196604],[-0.204616122798228,54.1563843127479],[-0.149456941733384,54.1429569630854],[-0.144336101840824,54.1410726316085],[-0.144027082742746,54.1409723215613],[-0.136777001144208,54.1386185311829],[-0.126402957146894,54.1348084045855],[-0.125930999857961,54.1347183924935],[-0.125754662553233,54.1346543648732],[-0.122895394278954,54.1341098263854],[-0.113646167363796,54.131104266202],[-0.110957672641625,54.1318354240119],[-0.107827749406132,54.1312388666589],[-0.106652845732454,54.1296272528281],[-0.10439388334791,54.1305842668502],[-0.0968199109319819,54.1291400186054],[-0.0872801175508052,54.1233294378877],[-0.0780371674347588,54.1160836758034],[-0.0773423342497364,54.1147342990391],[-0.0836687367199737,54.1118686093701],[-0.105149133914301,54.1040103529591],[-0.140362192246847,54.1043832971431],[-0.164806205165983,54.0995799191185],[-0.166461256398675,54.0983360574796],[-0.183786441695684,54.0853092627993],[-0.183820927589165,54.0852833226859],[-0.183926065509351,54.0852042368409],[-0.190294235774729,54.0811632671787],[-0.19118582166173,54.0812001143747],[-0.190571551385418,54.0809872676555],[-0.1921566350738,54.0799812490145],[-0.193034058129892,54.0788863641604],[-0.198424021765174,54.077918637462],[-0.208530564194227,54.0638167121634],[-0.208547268716686,54.0637579714746],[-0.215782592214267,54.0382981998507],[-0.215280435365951,54.0227594214871],[-0.215056738521342,54.0158348958395],[-0.210784229695198,54.0065868680593],[-0.210524109487386,54.0060435725578],[-0.207785690426854,54.0001258168284],[-0.207722417510529,53.9996502945093],[-0.207110013535503,53.9986654070125],[-0.189265247000427,53.9600581371874],[-0.189015374141101,53.9596288705585],[-0.173700828359774,53.9333008383486],[-0.153965034285028,53.8993206902959],[-0.142132159463466,53.887424822309],[-0.128170898330497,53.8712991620615],[-0.110670323191661,53.85575737041],[-0.101814308553969,53.8468334643009],[-0.101648491093998,53.8466663332337],[-0.101530908865809,53.8465478186301],[-0.0954686017463823,53.8411374398235],[-0.0447117182891563,53.7957771451289],[-0.0442714974922277,53.7953832113591],[0.116999388408663,53.6622591240029],[0.117250966291247,53.6618506027618],[0.119787535900109,53.6577311677029],[0.138039680265943,53.6280647562015],[0.142322350738085,53.620088232487],[0.145636725129037,53.6085629765115],[0.146259760033247,53.6035360531268],[0.144941909962912,53.5981682741841],[0.141762505315534,53.5954159652675],[0.112896651109966,53.5747345223],[0.108514125442209,53.5715920493917],[0.110918018755878,53.5770327010035],[0.113075316840731,53.578319288932],[0.137202440564732,53.5926996569703],[0.142047140119261,53.5962608774508],[0.145277307007693,53.6058468689192],[0.144688573137885,53.6085617946956],[0.124564050067233,53.62341542006],[0.115513383586415,53.62713173199],[0.0892392031458801,53.6379127529813],[0.0344835459387661,53.6492119943178],[0.019476619775574,53.6452506885127],[0.000576480566651833,53.6548606844262],[0.0173273886953013,53.6449156440165],[-0.0496809524193124,53.6321006887886],[-0.0538014838796825,53.6292146052584],[-0.056993793697097,53.6293838079768],[-0.103546755829809,53.6353418756986],[-0.124927139497302,53.6458124357864],[-0.130765634770085,53.652097035527],[-0.130790357765193,53.6521236429162],[-0.132503404838851,53.6512250781394],[-0.133381686689794,53.650784361089],[-0.139367540614961,53.654492285499],[-0.151321275088268,53.6622232129936],[-0.16943088526352,53.6739277726658],[-0.173697985169477,53.6803169647549],[-0.184388099800018,53.6866946822366],[-0.210113909377048,53.7020309969032],[-0.227254981760063,53.7084938188361],[-0.236940426960676,53.7267051994924],[-0.235336509128956,53.7283770359741],[-0.243194652524143,53.7295764720248],[-0.242770216361124,53.7388085045054],[-0.243048048285932,53.73892797179],[-0.243167776819211,53.7387994806974],[-0.243285082392321,53.7386735896182],[-0.245242629594788,53.7364921945427],[-0.250250989029538,53.7333170517213],[-0.251273848816363,53.7336550165573],[-0.273243784773328,53.7409107080223],[-0.307204937877199,53.7419577166084],[-0.308866861335128,53.7417071402756],[-0.331134806461275,53.7383471861497],[-0.331103569130292,53.7385939953532],[-0.32695976581487,53.7446315518945],[-0.329973183512103,53.747522922662],[-0.330231957518233,53.7477711950492],[-0.332635073170785,53.7382905022068],[-0.384620193513062,53.7243475887131],[-0.396704970782307,53.7231951062628],[-0.396953642821273,53.7231551593836],[-0.418969672771267,53.7196149028524],[-0.419106842988444,53.7195928369042],[-0.419205999581549,53.7195768855887],[-0.422114105092728,53.7189505966231],[-0.434129218393796,53.7189989164147],[-0.435759359384586,53.7159167375194],[-0.447459519589752,53.7138639930056],[-0.463263622905399,53.7167493476005],[-0.464447031825057,53.716735813714],[-0.486189042977969,53.7164850769238],[-0.486747220804939,53.7164785880966],[-0.54255251540347,53.7084426891874],[-0.558576588921484,53.7115197276792],[-0.55920037838788,53.7116394593597],[-0.585354396382515,53.7271761688452],[-0.620730516014218,53.7302285864774],[-0.636989422503798,53.7277327105251],[-0.637838288512636,53.727582159233],[-0.672996309752412,53.7213403417837],[-0.687279326995338,53.7078813821736],[-0.700123518700436,53.7037597983977],[-0.742598638987552,53.7069814821203],[-0.779052120573226,53.6974662906486],[-0.789652372073199,53.7029339413737],[-0.794093339293045,53.7052239096623],[-0.80255167490414,53.7048066162599],[-0.811885120280041,53.7043454484476],[-0.789777762957166,53.6985611617531],[-0.775042839074174,53.6947026934224],[-0.753001777748803,53.701303919504],[-0.744372325533886,53.7034437756038],[-0.730587335042768,53.7043281696673],[-0.699975897211583,53.6988664795252],[-0.699897323849443,53.6961572984365],[-0.699725328190598,53.6956934031491],[-0.699125434053441,53.690296787484],[-0.698493610813827,53.6846112501455],[-0.696202481006465,53.6895874085818],[-0.694941995673697,53.6923245830239],[-0.691396226568171,53.6967767041701],[-0.611423103252438,53.7146028982699],[-0.584326412874844,53.6961816010528],[-0.586254450924243,53.6933387508275],[-0.583502854508105,53.6954024019616],[-0.548710346068903,53.679624634173],[-0.525538761492673,53.6779805078407],[-0.503401763243773,53.6808563955782],[-0.489943783893544,53.6891601619245],[-0.488635403495871,53.6899671909231],[-0.487115726996997,53.6906585346203],[-0.470491491336252,53.6982186739619],[-0.443008085268306,53.6954645098768],[-0.442545946999724,53.6973955879126],[-0.407983571254342,53.6985832788037],[-0.407893376117013,53.698586368767],[-0.406520540017006,53.6986333849385],[-0.395161311122574,53.7000742212867],[-0.393535097452903,53.6968748624305],[-0.393341927914811,53.7003573390322],[-0.387650816742898,53.7021804716252],[-0.361556952959579,53.7038923592097],[-0.336543965112873,53.710291809656],[-0.328427364172656,53.7115147499651],[-0.289364002000774,53.7131988201614],[-0.26641783041436,53.6953895730262],[-0.263924166660674,53.6914988362615],[-0.268172702696113,53.690052803857],[-0.262768615416126,53.6902101061826],[-0.239288873705121,53.6652702298277],[-0.237895867927804,53.6635946618857],[-0.223107742360024,53.6543769892846],[-0.204635434798451,53.6380876400672],[-0.204422800569946,53.6379000446098],[-0.188797442454584,53.6311190130297],[-0.18805670461559,53.630538410152],[-0.187508776639827,53.6305595761497],[-0.186810326989124,53.6302563525193],[-0.177232620200985,53.6260974615749],[-0.175142430170526,53.624240681908],[-0.171194880887232,53.6234749076797],[-0.152837942198458,53.6154975267695],[-0.130440620575102,53.6013494286463],[-0.129335974577611,53.6006512828406],[-0.111538247268159,53.5900483549147],[-0.0946292065298051,53.5817652801964],[-0.09431335795701,53.5816105500013],[-0.0932145186275363,53.5810722299436],[-0.0928209288271332,53.5813248643987],[-0.0922781112312654,53.5816712996173],[-0.0794577311451485,53.576930191082],[-0.0711407025595288,53.5823159882113],[-0.0698040014794085,53.5831813850764],[-0.0685643810431782,53.5830810757741],[-0.0602285028280816,53.5815780694896],[-0.0518683369436247,53.5766201317967],[-0.0509869583969289,53.5760684609414],[-0.0282204995285429,53.5618113171278],[-0.0281401003252131,53.5617609441893],[-0.020185368079946,53.5553194539604],[-0.0201440909914824,53.5552859562099],[-0.0196679544300776,53.5548995497006],[0.00847131185225549,53.5351293805937],[0.00885275349766781,53.5348612140603],[0.0172744329352632,53.525359961377],[-0.0147992888545281,53.5153685719968],[-0.0650454106098383,53.5187396568689],[-0.0752620038904992,53.4893357390255],[-0.0954884503108306,53.4859889956556],[-0.0898037355375292,53.4776824143987],[-0.10782063241139,53.4698627568227],[-0.0822093450711558,53.4511510054798],[-0.120343715760136,53.4335649224696],[-0.131844979439125,53.4359255434669],[-0.149227746736442,53.446699664488],[-0.153680016923717,53.4656777570993],[-0.181804717740498,53.4686494113505],[-0.188565229273785,53.4845380575922],[-0.210604976147154,53.4862884742396],[-0.204086448790055,53.5117673419101],[-0.210589579218055,53.5317064641017],[-0.219882527217496,53.5326064907721],[-0.189340889945024,53.5659225876253],[-0.195185374970214,53.5716193566946],[-0.222558901329779,53.5680169273626],[-0.234668675193634,53.5862504184973],[-0.251395553409818,53.5846530760873],[-0.24847604907361,53.593663691688],[-0.29211512919743,53.6132674303182],[-0.308555246775199,53.6143287569587],[-0.300743140941247,53.5952836300756],[-0.335938821094677,53.5586265913365],[-0.41696297298743,53.5632146889946],[-0.429001046046789,53.5745247142208],[-0.467018371437879,53.5489606914837],[-0.490926930402738,53.5458749228771],[-0.50125785289296,53.5374615757093],[-0.430664749921137,53.5463371555556],[-0.408145080459695,53.5321088676971],[-0.405074524830151,53.5176169024623],[-0.488383657821996,53.5048602236026],[-0.486630004727343,53.4804701668812],[-0.471749465254693,53.4748729008679],[-0.551788631166795,53.4595199863887],[-0.629752674978015,53.4582189915595],[-0.624491104429227,53.5128392139564],[-0.739591684118626,53.5199359481765],[-0.752113860480161,53.5005306077545],[-0.768109606084077,53.4989256074396],[-0.771568244935175,53.479201559763],[-0.784388777567045,53.4766692148169],[-0.784364875033277,53.4633795456972],[-0.797483349537156,53.4550644460093],[-0.871919281432214,53.466310803053],[-0.916249020723134,53.4602956888135],[-0.920246794246959,53.4655076496685],[-0.9004706270826,53.4751558663774],[-0.935564625288195,53.5025165284893],[-0.953259205587141,53.4844235283874],[-0.985978085087804,53.4716733710931],[-0.995669798894032,53.4369266834287],[-1.01434673955409,53.4262954956639],[-1.03051529485536,53.425195309492],[-1.0309498187762,53.4309795254991],[-1.08043943279743,53.426867859038],[-1.11604100602787,53.4073493528943],[-1.11557938044441,53.3971857489981],[-1.13460768887929,53.3900315635219],[-1.13053708984926,53.3755712186089],[-1.14603291441165,53.3690411448824],[-1.13853968203233,53.3559075133134],[-1.16261328765896,53.3568438611201],[-1.15684339220656,53.3449694993649],[-1.14100746087464,53.3467476771044],[-1.13871810210376,53.3413828108768],[-1.19974282859,53.3114401844765],[-1.2032390468772,53.3042232396806],[-1.23068793446757,53.3085597341743],[-1.2438683827737,53.3015697912915],[-1.28201141324174,53.3094625893165],[-1.29567816421914,53.3150369715531],[-1.28858902654107,53.3262280540006],[-1.29902301015448,53.3325116364699],[-1.32466917492843,53.3288100130807],[-1.3377510519613,53.3158480511117],[-1.38673871273592,53.3176321345653],[-1.3865715460456,53.3349025063664],[-1.41103390674883,53.3419924911679],[-1.42086649613,53.3345679515529],[-1.44197211462372,53.3374924881712],[-1.45988027916359,53.3306893682185],[-1.45522358182387,53.3218691402976],[-1.4679128327397,53.3171200548681],[-1.50213193956548,53.3175820754971],[-1.5367688622067,53.3047486735244],[-1.56172989361096,53.3064113168299],[-1.56173104513262,53.3159708920495],[-1.58053389587991,53.3117380883258],[-1.58490201019108,53.3215879514643],[-1.59909327897252,53.3113181987842],[-1.6092015844932,53.3226639601595],[-1.62759442860749,53.3162405746947],[-1.63272698677736,53.320839212062],[-1.61230306160512,53.3432186688852],[-1.59054795436381,53.3459209843409],[-1.66354854039897,53.3665951654561],[-1.65381782187416,53.3919108262078],[-1.70496532088341,53.405055973056],[-1.70853223310302,53.4173394733109],[-1.73976196210261,53.4209879155366],[-1.74532296726174,53.4621753952098],[-1.80143009642957,53.4809625497659],[-1.79628821898355,53.5031529896704],[-1.82222878111984,53.521090920901],[-1.84182082823365,53.5199087793644],[-1.87349262570415,53.5404296499177],[-1.89410949217379,53.5336117783992],[-1.90962083195551,53.5383909856456],[-1.9128846428011,53.5516436140542],[-1.94272585126694,53.5616412932109],[-2.00947078713106,53.6167795102388],[-2.02303595762586,53.6158394760088],[-2.02681574056412,53.6241671452053],[-2.05124217318775,53.6836917577465],[-2.09289023797517,53.6701612634545],[-2.1180850077117,53.6712452232624],[-2.13412727234523,53.6857340281759],[-2.14225755110277,53.6780058080643],[-2.14632807589576,53.6822315285494],[-2.17329132180093,53.7230096460328],[-2.13117443618115,53.7515444474766],[-2.13636274882185,53.7801044586254],[-2.12481550058915,53.7880553415977],[-2.12835851818789,53.7990313029985],[-2.11227899052983,53.8057083882264],[-2.06122232901262,53.8256202144341],[-2.04692463706631,53.8295102810523],[-2.04613032171259,53.8501412455596],[-2.08991499194819,53.8681819720455],[-2.08144705819635,53.8756803205624],[-2.10301894796253,53.8909412962507],[-2.11334616135047,53.9156268535833],[-2.13222410689956,53.9265088503224],[-2.18227343100205,53.9354059632924],[-2.18446422707568,53.9522113890033],[-2.1960183674942,53.9695758446194],[-2.22567381467208,53.9611195231592],[-2.23209923454447,53.9712160499507],[-2.22111218452458,53.9779017069844],[-2.23039881478544,53.9815667887368],[-2.29451918094864,53.9744631568126],[-2.31917729442185,53.9938205133544],[-2.33999932342476,53.9894768964455],[-2.35219961279232,53.9946235098377],[-2.35228494459096,54.0105532688523],[-2.33956433043647,54.0093207221731],[-2.35732329416741,54.0191170938826],[-2.37407297715162,54.0490890605674],[-2.42582648982368,54.0380949093938],[-2.46954984634616,54.0462122422033],[-2.46434741774283,54.0752794321098],[-2.50952601849528,54.0954253298731],[-2.52400965394563,54.0946224792898],[-2.56474222741882,54.1268638428693],[-2.56050449737639,54.1530521175321],[-2.53397895530311,54.1576927128776],[-2.46086273483392,54.2267161351685],[-2.40563193679838,54.2249151681045],[-2.39677965225249,54.2393810797039],[-2.37302060410132,54.2400989034835],[-2.36231711509247,54.2497526288087],[-2.34805240648407,54.2378066814487],[-2.32564664212512,54.2414383475156],[-2.31549577489661,54.2700755422937],[-2.32589176655811,54.2796929160037],[-2.31719184100725,54.2871656647743],[-2.3230323098134,54.3110827863686],[-2.30984140863991,54.3243149774976],[-2.36771223910638,54.356070614351],[-2.34464790841351,54.3596285098932],[-2.31704255658246,54.3763105176709],[-2.2974404079712,54.3768987644415],[-2.29170338915819,54.39062970169],[-2.30544502560032,54.3970864171865],[-2.30814588994671,54.4197937715609],[-2.29286520125281,54.4393074909511],[-2.24953922329874,54.4519434353475],[-2.18931554536681,54.4489784731566],[-2.17750847989225,54.4616256747416],[-2.17021302340634,54.4581987846828],[-2.11659617374357,54.4622634779758],[-2.04319843418637,54.4835994475386],[-2.04472952149334,54.4751862733078],[-1.99676437249469,54.4669034483454],[-1.97005959181258,54.4515215410208],[-1.94254323627035,54.4533953541015],[-1.85912998438283,54.4818579024252],[-1.85780051144888,54.503539794396],[-1.83943329269054,54.5084372355978],[-1.79297648414091,54.4844924287088],[-1.77613231485782,54.5067285041672],[-1.77969652861129,54.5318729939184],[-1.73309136190533,54.5277364123393],[-1.7213108898176,54.5423017243929],[-1.69692636355207,54.5360064288161],[-1.65793716561516,54.5345889222004],[-1.65467519937522,54.5246500961671],[-1.63377378148266,54.525364378957],[-1.63344443619249,54.5141122913593],[-1.61148472706396,54.5200007869525],[-1.60249810301447,54.5104886362177],[-1.58106853741621,54.5128456586148],[-1.5918807025688,54.5043008605634],[-1.57921485380734,54.5051876844863],[-1.58298032825201,54.4971007328169],[-1.55519520906131,54.4849781907925],[-1.54567271781715,54.4712384758728],[-1.51969374190879,54.4711152244878],[-1.52883695102378,54.4848137377239],[-1.51413191899894,54.4837750912496],[-1.51134080604103,54.4750122607667],[-1.49177548206257,54.486200491717],[-1.49878945098745,54.4753428287993],[-1.475464579469,54.4739075689832],[-1.46231204065857,54.4512285057182],[-1.45838201882701,54.4925217623978],[-1.47484256726738,54.5004265232174],[-1.45850783644379,54.5039188888445],[-1.43490529222604,54.4874931710252],[-1.43211777207151,54.479454565172],[-1.4127863622095,54.4771953983173],[-1.4070888004288,54.4935296381495],[-1.39505004776972,54.4856799721371],[-1.38101055095849,54.4940289306676],[-1.37256157635986,54.4723074609222],[-1.36441713758622,54.465952408782],[-1.34491503450455,54.4724080083617],[-1.3436289617262,54.4641554121316],[-1.30043052365099,54.4758220047871],[-1.28109315435744,54.490567247829],[-1.25740307371,54.4873218291368],[-1.25667466779605,54.5011079127846],[-1.2348659056463,54.5103160445539],[-1.14619694918505,54.5028216114721],[-1.11838000658732,54.498198569694],[-1.09473696863192,54.506695609022],[-1.0368514550928,54.4940440596311],[-1.00340105305077,54.5030120993885],[-0.952589374508347,54.4880153423264],[-0.880825023321814,54.4970468603547],[-0.848530740694743,54.4879729367657],[-0.848647297024731,54.5300038288166],[-0.827081463556422,54.5485187051945],[-0.80041918962436,54.5510109253916],[-0.791885977193506,54.558238284062],[-0.784486276343416,54.5578808485211],[-0.77419667817086,54.5534013766274],[-0.774184063692499,54.5532527221157],[-0.765205324686862,54.5487009638891],[-0.765668047930431,54.5481042535835],[-0.767257297448893,54.5464238354828],[-0.764852233974672,54.5457577654143],[-0.750948043643314,54.5419057182793],[-0.747332196023069,54.534224495589],[-0.748544889243957,54.5331480581659],[-0.746760748233522,54.5314831096035],[-0.745476430478725,54.5302810567057],[-0.744657289649001,54.5285401633387]]]]},"properties":{"FID":3,"RGN25CD":"E12000003","RGN25NM":"Yorkshire and The Humber","RGN25NMW":"Swydd Efrog a Humber","BNG_E":446902,"BNG_N":448736,"LONG":-1.287141,"LAT":53.93265,"GlobalID":"951c8ddf-5731-4e57-8eb8-2580b783abfd"}},{"type":"Feature","id":4,"geometry":{"type":"Polygon","coordinates":[[[-0.24847604907361,53.593663691688],[-0.251395553409818,53.5846530760873],[-0.234668675193634,53.5862504184973],[-0.222558901329779,53.5680169273626],[-0.195185374970214,53.5716193566946],[-0.189340889945024,53.5659225876253],[-0.219882527217496,53.5326064907721],[-0.210589579218055,53.5317064641017],[-0.204086448790055,53.5117673419101],[-0.210604976147154,53.4862884742396],[-0.188565229273785,53.4845380575922],[-0.181804717740498,53.4686494113505],[-0.153680016923717,53.4656777570993],[-0.149227746736442,53.446699664488],[-0.131844979439125,53.4359255434669],[-0.120343715760136,53.4335649224696],[-0.0822093450711558,53.4511510054798],[-0.10782063241139,53.4698627568227],[-0.0898037355375292,53.4776824143987],[-0.0954884503108306,53.4859889956556],[-0.0752620038904992,53.4893357390255],[-0.0650454106098383,53.5187396568689],[-0.0147992888545281,53.5153685719968],[0.0172744329352632,53.525359961377],[0.0233526944867454,53.524035797273],[0.0334037570938307,53.5221942573581],[0.0403459790254939,53.5152962866668],[0.0448267986026491,53.5140020759936],[0.0523173731151787,53.5136661217972],[0.0523778338732123,53.5139186141501],[0.0514035649103361,53.5143578609155],[0.0473833504052355,53.5146596656983],[0.0409065295166735,53.516458188389],[0.0388890193182703,53.5219925653807],[0.0266483897542349,53.5296018934006],[0.0563459957233678,53.519151797069],[0.0730174306765635,53.5175631281831],[0.0705363298190563,53.5153750340647],[0.0796875048973295,53.5135265008546],[0.0780995998237794,53.517865837042],[0.0849996736028064,53.5163573916851],[0.0896748487799423,53.5106056799717],[0.0837627895843164,53.5117751740343],[0.0833600186010334,53.5044053003636],[0.0869373736208077,53.4980583446148],[0.0941548403586652,53.4947300170871],[0.0900042535753851,53.4926433796016],[0.0997289248664923,53.4948875369821],[0.102838149295508,53.4915558351978],[0.104907796849098,53.4877453103033],[0.105056725578546,53.4878639245564],[0.105675054779582,53.4885984647239],[0.107587440476716,53.4854847607414],[0.108467723375028,53.4874735166067],[0.108557616148482,53.4874417716547],[0.104190003288958,53.4917612778576],[0.104099108131296,53.4953725335531],[0.112620570003113,53.4944724644119],[0.106322592206575,53.5050868363193],[0.129362959326851,53.4991598385809],[0.125298776660618,53.4964291342463],[0.134693268128462,53.4849175878542],[0.142406787680217,53.4845913853644],[0.139435978222371,53.4949211414975],[0.147427877614295,53.4925202856621],[0.173577459829493,53.4706750848622],[0.166339669151986,53.4736655694866],[0.179350959463942,53.4514370335272],[0.179456310629402,53.4433394575155],[0.187840094925458,53.4414764921183],[0.190483007558852,53.4382965347037],[0.187804612702328,53.4377082510985],[0.194939534131036,53.4312293280491],[0.199801682691675,53.4291823885875],[0.204196854629379,53.4248822625618],[0.205218315486181,53.4194898337824],[0.21097211271475,53.4173451072187],[0.190902992575942,53.4182317497275],[0.213084786958964,53.4166096923621],[0.208703093752452,53.4153875989489],[0.212247387222092,53.4160439952482],[0.210451276763663,53.4145655363762],[0.214267398977153,53.4159598840386],[0.212946184816501,53.4127332759948],[0.222613929370013,53.4079328330667],[0.220051117140577,53.4108951560459],[0.229561127758449,53.4049189811904],[0.224113146786113,53.4066022709175],[0.229864411467971,53.4006806798673],[0.231185298735814,53.4026228741667],[0.233749473901043,53.3971088420092],[0.228825335533992,53.3988674082717],[0.227040522221066,53.3966672530285],[0.230017707244419,53.3949873883727],[0.234613116265788,53.3922247085784],[0.243584367165814,53.3724028216873],[0.243668256790191,53.3722173817508],[0.280622408474753,53.3202669917423],[0.281294844942021,53.3193204126033],[0.299739622757998,53.2947902754656],[0.300028450123998,53.294409155733],[0.309170401538901,53.2828839138784],[0.328862017540179,53.2548428999431],[0.337184186535268,53.2403514764867],[0.347004868153157,53.2095952613685],[0.347014910498351,53.2095637902981],[0.347399414366985,53.2083587318815],[0.355627376907466,53.1920584275719],[0.352744241658265,53.1730640885309],[0.352564087677102,53.1718766104007],[0.349562888736918,53.1447811091791],[0.349538305649106,53.1445590445388],[0.348041336269881,53.121013809194],[0.348038922873044,53.1209758140107],[0.348025421237048,53.120763230071],[0.348133250407928,53.1140276809903],[0.348210789726189,53.1091843370873],[0.338917695390133,53.1017892752303],[0.337434160673566,53.0944772539707],[0.337343083693079,53.0943372877672],[0.333032535462736,53.0877116970555],[0.332372870503056,53.0866975495652],[0.330159815418528,53.0904614780286],[0.323682968874766,53.0911914475359],[0.326291631890571,53.092511637169],[0.318570590231509,53.09213541276],[0.319268976243647,53.091402534693],[0.311295104862479,53.0948602033875],[0.313873095746664,53.0916847525133],[0.31567149310597,53.0887113681932],[0.294455213908171,53.0804082566449],[0.266347472165446,53.0613266130556],[0.265969129905069,53.0611124132551],[0.265921065017401,53.0610852002029],[0.239196633060485,53.0459464165076],[0.199579794020054,53.0326491035864],[0.199384332731624,53.0325445540341],[0.16314855177697,53.0131480017974],[0.163109163812097,53.0131269026729],[0.151425050200805,53.008107120262],[0.106720637223563,52.9664133224997],[0.0934371711236726,52.9594442521862],[0.0821340490323814,52.9458160386287],[0.0789932459074924,52.9420274162378],[0.0790057045581932,52.9392145169901],[0.0790288842584203,52.9339833845618],[0.074069004337517,52.9324938013571],[0.0564642829438318,52.9301250522413],[0.0760314123293293,52.9316532369972],[0.0765048785320192,52.9314508210419],[0.0516750687059226,52.9171952455835],[0.0426433700650574,52.9278225969433],[0.0445279660500216,52.9238318046773],[0.0450621626357724,52.9227004514608],[0.0494303723010061,52.9164939939121],[0.0499189217247257,52.9164137185988],[0.0531717545197117,52.9158791792566],[0.049234384033364,52.9132153094421],[0.0383406918946062,52.9059828698191],[0.0358348512866579,52.9133526296235],[0.0360572174152294,52.9044664075617],[0.0351021808255457,52.9038321195709],[0.0208417678534388,52.9040647473697],[0.0344530786836381,52.9034010031214],[0.0341863197469437,52.9032238248685],[0.00928512202967654,52.8942683512646],[0.0278186378461161,52.8989938789978],[0.0270049654849163,52.8984532836553],[0.0279718126620838,52.8990329172094],[0.028029364451071,52.8990475848213],[0.0325224002454013,52.900192580186],[0.0685508565176829,52.9187349186753],[0.0654593143383007,52.9120965960104],[0.069157797580135,52.9082155329059],[0.0563762601847459,52.9033926260967],[0.0733777427185805,52.9060848410489],[0.0719403837998532,52.9031985424981],[0.0799732972870037,52.9007461856636],[0.0825582728427406,52.8999568489488],[0.0798922905408875,52.8990555539236],[0.0769905204523366,52.898074434521],[0.0798727217550926,52.8986471105453],[0.0859118310846719,52.8998467687776],[0.0883820805446973,52.895125272012],[0.116162412281421,52.8936778144307],[0.145014386349435,52.8850924726062],[0.146809608141591,52.8819868005967],[0.145693278395232,52.8812353129206],[0.135877444122425,52.8746244644268],[0.139149628161661,52.8763890523919],[0.149768367248977,52.8821138073715],[0.150286836905936,52.8823932986521],[0.150349936678985,52.8822391669292],[0.151318472156955,52.8798732383871],[0.159371809046963,52.8803133635125],[0.176331510149807,52.8741162233266],[0.185246737591413,52.8557018650209],[0.192806516584825,52.8523273124693],[0.201273942588601,52.8383436115692],[0.214599668484895,52.8288235962044],[0.215079923686475,52.8284803920618],[0.211124513891594,52.8221903810769],[0.210926731243974,52.8218758076073],[0.209444563137556,52.8195182561994],[0.214905639995518,52.8226291973444],[0.216813149561601,52.8208833998008],[0.234338101479471,52.8233314951349],[0.245249322896739,52.8221806017719],[0.260734529109711,52.8152832172869],[0.267002148567531,52.8157118956155],[0.245037550842594,52.7844699906207],[0.272228339358099,52.7728129916084],[0.186323197484379,52.7353486304287],[0.171626068420179,52.7380317015671],[0.132975309366633,52.7393044762982],[0.0890116953988098,52.7236301650923],[0.0636266193206916,52.7273915085958],[0.0441494759872833,52.7143823487219],[0.0485664016375671,52.681401659302],[0.0215003524278174,52.6648872875554],[-0.0312706832650579,52.6615327430761],[-0.0637138143765743,52.6752330937121],[-0.087752503198597,52.6667860917744],[-0.102195958212229,52.6722061944761],[-0.14106199482318,52.6515074238731],[-0.180020104975691,52.6605611576378],[-0.192867813968712,52.6524385101436],[-0.212501332962663,52.6666794921145],[-0.260753908799236,52.6514179769663],[-0.289240338532188,52.670276187598],[-0.335037147761973,52.674865972717],[-0.350076984266874,52.6616700383308],[-0.405694618313302,52.6480559470603],[-0.452832300952799,52.6542749147338],[-0.494688679013636,52.6402652600307],[-0.470921180908155,52.6235593371385],[-0.492664861408748,52.5819002624797],[-0.478814868225147,52.5736451461549],[-0.415381402678347,52.5787426388379],[-0.407290921113568,52.5640548539069],[-0.419593787330186,52.5589619541331],[-0.401283297186851,52.5386846816118],[-0.413602640818525,52.5256796127912],[-0.354345203263394,52.506495071408],[-0.359404306001708,52.4898300882408],[-0.341590492473876,52.4669426264393],[-0.370217036825639,52.4399302705061],[-0.362408041008102,52.4335312771171],[-0.417072832141305,52.4115991100394],[-0.441509864468212,52.3849964334918],[-0.495946267815481,52.3795155293678],[-0.488518815845791,52.3740235410232],[-0.498699838187518,52.3600958379159],[-0.477682425550585,52.3489199908052],[-0.483264192761938,52.3409032965452],[-0.466656737619639,52.3389275754879],[-0.465365756545097,52.3229532803249],[-0.519829880170178,52.3176925671775],[-0.514051195755829,52.3146970752555],[-0.541969414284238,52.289942445996],[-0.531190184929433,52.2704024294568],[-0.541971909036615,52.2560727476437],[-0.565693055132987,52.2534682255308],[-0.603337324956545,52.2788024372895],[-0.653655470981071,52.2682893062583],[-0.63733162156624,52.2273176308065],[-0.668135637658982,52.1950341108626],[-0.705455584072188,52.1915706998724],[-0.749734768722189,52.1668767675297],[-0.777975100575612,52.1687324920773],[-0.792091270533438,52.1513294595377],[-0.807587882658753,52.1569790134712],[-0.814018926401135,52.1424745134984],[-0.831966629471785,52.1436835078038],[-0.828204674516664,52.1326105518988],[-0.880758452631504,52.1262921514354],[-0.887033141552335,52.1142149331636],[-0.871472753510848,52.1117797310542],[-0.869530890831007,52.1000376594131],[-0.846712543491745,52.0915087025577],[-0.831313005313099,52.0720063376628],[-0.839594622604854,52.063795932375],[-0.862678645822757,52.0609340378429],[-0.852446930044217,52.050705093085],[-0.871273944930241,52.0402199265888],[-0.877557824518293,52.0299049686966],[-0.890117418394569,52.0315336010724],[-0.906030231113269,52.0212211082569],[-0.951872932630787,52.0815336213379],[-0.967805300661276,52.0709109272462],[-1.02631813741674,52.0756755631199],[-1.04220828140128,52.0737089569099],[-1.02766844665035,52.0637342654294],[-1.06206502018462,52.0627354070484],[-1.12198746604179,52.0451472419556],[-1.13666519177378,52.0222431384052],[-1.11808639729751,52.0154261711703],[-1.13432869833779,51.9972963869661],[-1.16382348465592,51.9934122258321],[-1.19625975033443,51.9774314422917],[-1.24161223468245,51.9862933629289],[-1.28349719185547,51.9795649892517],[-1.27816401885651,52.0142726684525],[-1.31292004347286,52.0514526625255],[-1.29750881413832,52.078056693896],[-1.31815993117564,52.0799212567645],[-1.32116486414435,52.0870189275303],[-1.2480850615427,52.0971607909998],[-1.3318971346503,52.1684850552835],[-1.31313453207951,52.1904676293781],[-1.25498199738882,52.1978310701825],[-1.28472976783494,52.2384420158667],[-1.26685236231198,52.2352486382326],[-1.23299880379763,52.2532588490415],[-1.21564683212275,52.266390689292],[-1.23378294833003,52.2903281059315],[-1.20923383158981,52.315204078762],[-1.26535489040084,52.3283606820275],[-1.23379041110916,52.3464136562502],[-1.17497303441117,52.3562898070463],[-1.20163348439696,52.3967344074221],[-1.30594754120562,52.4933952796498],[-1.32512125577365,52.5010544836661],[-1.41734425186395,52.5344553061509],[-1.45999402369308,52.5515899264079],[-1.52268732942375,52.5704270757305],[-1.5271552279268,52.5827378307652],[-1.56069803676403,52.5961193274393],[-1.55445233721977,52.6147620835865],[-1.57135417978669,52.6352716290205],[-1.54451698666015,52.6446078755193],[-1.55177141577137,52.6674551055518],[-1.5896451852037,52.6872608072693],[-1.59754104512465,52.7004217660413],[-1.6550635927941,52.6987757757077],[-1.65660772699026,52.7217484720003],[-1.70415800106741,52.7320787772205],[-1.66653674723611,52.7847230313575],[-1.61112950153712,52.7814035599527],[-1.61434537917712,52.7882740466862],[-1.58887036628345,52.7998659854868],[-1.59169224196469,52.8092878382377],[-1.61053198352393,52.8163607915395],[-1.58538036585949,52.8315965572984],[-1.62676534855207,52.8544579273589],[-1.68950657018649,52.8645043195914],[-1.70060876646215,52.8605835227016],[-1.70449110661769,52.8667040363505],[-1.72529467619722,52.8596659326497],[-1.74600328186458,52.8686931595903],[-1.77722065071375,52.8838147399446],[-1.82820959492902,52.8844277537379],[-1.85657875821379,52.9233447097788],[-1.82858995111019,52.9478711706888],[-1.82678096538971,52.9770857580258],[-1.76240468835541,52.9998576821585],[-1.758931442407,53.0373157730201],[-1.77898682375688,53.0449180735128],[-1.77565273133757,53.0593546407422],[-1.79423901989599,53.0883940561095],[-1.78368614765435,53.1029579088886],[-1.82186356951692,53.1366844443759],[-1.81261515779332,53.1544091312887],[-1.86082129936616,53.1884672351762],[-1.89868254605192,53.2000419640284],[-1.95670722983203,53.2137476084528],[-1.96236461007117,53.2262417347362],[-1.98737982955689,53.2136037465838],[-1.99024867768893,53.223022290227],[-1.97487979601863,53.2309549889589],[-2.0094248420728,53.2606147227429],[-2.00678505242821,53.3545721116505],[-2.031058463243,53.3702623852066],[-2.03377543264394,53.3755415688756],[-2.00464286724195,53.3863272765984],[-1.99232947055908,53.415193132135],[-2.0136971820304,53.4158901088998],[-2.0262554175393,53.4298651605263],[-2.01422750540755,53.4397627537578],[-2.00421605197447,53.4359217849539],[-2.00823485273611,53.4415492986129],[-1.98579237816046,53.4552267712585],[-1.98781957548853,53.481110398481],[-1.96338598926022,53.5098272597675],[-1.95133267475833,53.504198837989],[-1.92197284577495,53.5099546839903],[-1.92678065561025,53.5209487487883],[-1.90962083195551,53.5383909856456],[-1.89410949217379,53.5336117783992],[-1.87349262570415,53.5404296499177],[-1.84182082823365,53.5199087793644],[-1.82222878111984,53.521090920901],[-1.79628821898355,53.5031529896704],[-1.80143009642957,53.4809625497659],[-1.74532296726174,53.4621753952098],[-1.73976196210261,53.4209879155366],[-1.70853223310302,53.4173394733109],[-1.70496532088341,53.405055973056],[-1.65381782187416,53.3919108262078],[-1.66354854039897,53.3665951654561],[-1.59054795436381,53.3459209843409],[-1.61230306160512,53.3432186688852],[-1.63272698677736,53.320839212062],[-1.62759442860749,53.3162405746947],[-1.6092015844932,53.3226639601595],[-1.59909327897252,53.3113181987842],[-1.58490201019108,53.3215879514643],[-1.58053389587991,53.3117380883258],[-1.56173104513262,53.3159708920495],[-1.56172989361096,53.3064113168299],[-1.5367688622067,53.3047486735244],[-1.50213193956548,53.3175820754971],[-1.4679128327397,53.3171200548681],[-1.45522358182387,53.3218691402976],[-1.45988027916359,53.3306893682185],[-1.44197211462372,53.3374924881712],[-1.42086649613,53.3345679515529],[-1.41103390674883,53.3419924911679],[-1.3865715460456,53.3349025063664],[-1.38673871273592,53.3176321345653],[-1.3377510519613,53.3158480511117],[-1.32466917492843,53.3288100130807],[-1.29902301015448,53.3325116364699],[-1.28858902654107,53.3262280540006],[-1.29567816421914,53.3150369715531],[-1.28201141324174,53.3094625893165],[-1.2438683827737,53.3015697912915],[-1.23068793446757,53.3085597341743],[-1.2032390468772,53.3042232396806],[-1.19974282859,53.3114401844765],[-1.13871810210376,53.3413828108768],[-1.14100746087464,53.3467476771044],[-1.15684339220656,53.3449694993649],[-1.16261328765896,53.3568438611201],[-1.13853968203233,53.3559075133134],[-1.14603291441165,53.3690411448824],[-1.13053708984926,53.3755712186089],[-1.13460768887929,53.3900315635219],[-1.11557938044441,53.3971857489981],[-1.11604100602787,53.4073493528943],[-1.08043943279743,53.426867859038],[-1.0309498187762,53.4309795254991],[-1.03051529485536,53.425195309492],[-1.01434673955409,53.4262954956639],[-0.995669798894032,53.4369266834287],[-0.985978085087804,53.4716733710931],[-0.953259205587141,53.4844235283874],[-0.935564625288195,53.5025165284893],[-0.9004706270826,53.4751558663774],[-0.920246794246959,53.4655076496685],[-0.916249020723134,53.4602956888135],[-0.871919281432214,53.466310803053],[-0.797483349537156,53.4550644460093],[-0.784364875033277,53.4633795456972],[-0.784388777567045,53.4766692148169],[-0.771568244935175,53.479201559763],[-0.768109606084077,53.4989256074396],[-0.752113860480161,53.5005306077545],[-0.739591684118626,53.5199359481765],[-0.624491104429227,53.5128392139564],[-0.629752674978015,53.4582189915595],[-0.551788631166795,53.4595199863887],[-0.471749465254693,53.4748729008679],[-0.486630004727343,53.4804701668812],[-0.488383657821996,53.5048602236026],[-0.405074524830151,53.5176169024623],[-0.408145080459695,53.5321088676971],[-0.430664749921137,53.5463371555556],[-0.50125785289296,53.5374615757093],[-0.490926930402738,53.5458749228771],[-0.467018371437879,53.5489606914837],[-0.429001046046789,53.5745247142208],[-0.41696297298743,53.5632146889946],[-0.335938821094677,53.5586265913365],[-0.300743140941247,53.5952836300756],[-0.308555246775199,53.6143287569587],[-0.29211512919743,53.6132674303182],[-0.24847604907361,53.593663691688]]]},"properties":{"FID":4,"RGN25CD":"E12000004","RGN25NM":"East Midlands","RGN25NMW":"Dwyrain y Canolbarth","BNG_E":477658,"BNG_N":322635,"LONG":-0.849707,"LAT":52.79572,"GlobalID":"11fb66f5-35e1-43ee-a7a0-571f9e765a24"}},{"type":"Feature","id":5,"geometry":{"type":"Polygon","coordinates":[[[-1.86082129936616,53.1884672351762],[-1.81261515779332,53.1544091312887],[-1.82186356951692,53.1366844443759],[-1.78368614765435,53.1029579088886],[-1.79423901989599,53.0883940561095],[-1.77565273133757,53.0593546407422],[-1.77898682375688,53.0449180735128],[-1.758931442407,53.0373157730201],[-1.76240468835541,52.9998576821585],[-1.82678096538971,52.9770857580258],[-1.82858995111019,52.9478711706888],[-1.85657875821379,52.9233447097788],[-1.82820959492902,52.8844277537379],[-1.77722065071375,52.8838147399446],[-1.74600328186458,52.8686931595903],[-1.72529467619722,52.8596659326497],[-1.70449110661769,52.8667040363505],[-1.70060876646215,52.8605835227016],[-1.68950657018649,52.8645043195914],[-1.62676534855207,52.8544579273589],[-1.58538036585949,52.8315965572984],[-1.61053198352393,52.8163607915395],[-1.59169224196469,52.8092878382377],[-1.58887036628345,52.7998659854868],[-1.61434537917712,52.7882740466862],[-1.61112950153712,52.7814035599527],[-1.66653674723611,52.7847230313575],[-1.70415800106741,52.7320787772205],[-1.65660772699026,52.7217484720003],[-1.6550635927941,52.6987757757077],[-1.59754104512465,52.7004217660413],[-1.5896451852037,52.6872608072693],[-1.55177141577137,52.6674551055518],[-1.54451698666015,52.6446078755193],[-1.57135417978669,52.6352716290205],[-1.55445233721977,52.6147620835865],[-1.56069803676403,52.5961193274393],[-1.5271552279268,52.5827378307652],[-1.52268732942375,52.5704270757305],[-1.45999402369308,52.5515899264079],[-1.41734425186395,52.5344553061509],[-1.32512125577365,52.5010544836661],[-1.30594754120562,52.4933952796498],[-1.20163348439696,52.3967344074221],[-1.17497303441117,52.3562898070463],[-1.23379041110916,52.3464136562502],[-1.26535489040084,52.3283606820275],[-1.20923383158981,52.315204078762],[-1.23378294833003,52.2903281059315],[-1.21564683212275,52.266390689292],[-1.23299880379763,52.2532588490415],[-1.26685236231198,52.2352486382326],[-1.28472976783494,52.2384420158667],[-1.25498199738882,52.1978310701825],[-1.31313453207951,52.1904676293781],[-1.3318971346503,52.1684850552835],[-1.34870798028103,52.1351321985152],[-1.36614709694777,52.1360752375012],[-1.39330253064253,52.1189629040259],[-1.37084214071868,52.1175341825775],[-1.35776965526573,52.10131042365],[-1.38539981246728,52.0941455721548],[-1.42585527139589,52.1182494959058],[-1.45345845225059,52.1130088162311],[-1.44718785165916,52.097625032042],[-1.47730164801721,52.1013509440553],[-1.48780444309778,52.093957432128],[-1.52282569381325,51.9968433223434],[-1.55722360987893,51.9916576647463],[-1.54954673594339,51.9808463142775],[-1.56353907898642,51.9770403695739],[-1.60030155963125,51.9769415553217],[-1.5916338243768,51.9704499705292],[-1.61234247849955,51.955403416263],[-1.66575430454863,51.9874888210715],[-1.66575091348295,51.9974047833333],[-1.61751874276147,52.0333959374855],[-1.62446030247049,52.0389532635568],[-1.66382433788403,52.0312666546422],[-1.69398075504565,52.0395278979871],[-1.6886364810542,52.0518332037271],[-1.70505254003613,52.0596336077601],[-1.70169911871026,52.0728344030857],[-1.71311213593006,52.0665529393768],[-1.73065604717972,52.0732913537538],[-1.72856052811281,52.1001203046394],[-1.74590621082171,52.0928298201331],[-1.7676920738422,52.1125783274844],[-1.80228873762243,52.0969414685877],[-1.81273665650818,52.0787440005564],[-1.81894341276327,52.085404114207],[-1.83175334172358,52.0727693533542],[-1.84661960637666,52.0794210947487],[-1.87440607681162,52.0699909106809],[-1.86344917989937,52.0534177221476],[-1.8345888140813,52.0437330158037],[-1.8250228816679,52.0309334126422],[-1.83905030714283,52.0067831275768],[-1.91344602070409,52.0444612397009],[-1.93169767686998,52.0298892728558],[-1.95137076201915,52.0376994827586],[-1.98413574037062,52.0358792735091],[-2.03835621126119,52.0046006226081],[-2.04951417600198,52.0037962176657],[-2.06077974233804,52.0146632884129],[-2.08487319407292,52.0104785837075],[-2.11219762720392,52.0153447340824],[-2.14068698320585,51.9994641958926],[-2.14965530887931,52.0112561677635],[-2.13939720724878,52.0278918487723],[-2.11721985481579,52.0336144270826],[-2.11838638193208,52.0421167569588],[-2.17136924553862,52.047610534044],[-2.18067935412919,52.0417281229636],[-2.17690606521531,52.0225592291],[-2.18768330302322,52.0190801567564],[-2.16463014559703,51.9961432532365],[-2.1807485360373,51.999615170405],[-2.18508403441562,51.9905609779425],[-2.2206132435217,51.9954966439335],[-2.25135998124032,51.9665649333006],[-2.27055558557873,51.9689390800587],[-2.30043302609069,51.9667752636857],[-2.31261970069138,51.9765049736609],[-2.32653883120796,51.9757909459813],[-2.32470967818414,52.0035672774164],[-2.35254266829771,52.0135353093701],[-2.35137852244174,52.0213590281247],[-2.39289223171328,52.0129587691277],[-2.3990184898963,51.9961459469645],[-2.41319627507641,51.9940903068968],[-2.43729372314514,51.9971670425139],[-2.43655767424144,52.0148038378181],[-2.46337278472343,52.0140424468424],[-2.4640393485931,52.0232480069878],[-2.47893230092191,52.0225304101253],[-2.49198479935107,52.0076618745867],[-2.47099259337338,51.994736072193],[-2.49491293332375,51.9810752059117],[-2.49224484623915,51.964128776399],[-2.50090645407367,51.9606091433712],[-2.46557353500141,51.9517045843731],[-2.4660430006938,51.9279745026219],[-2.44818479288624,51.9186682313217],[-2.43927491603518,51.8973822852407],[-2.48779469274655,51.8804175449928],[-2.50862440109418,51.8851690560296],[-2.53162394037576,51.8607715459858],[-2.58076385588478,51.8615888806851],[-2.58281688241695,51.849577352031],[-2.60121663304725,51.8562162634927],[-2.62546695815918,51.8389640015383],[-2.63671005341688,51.8430952603725],[-2.65040070567432,51.8261246880221],[-2.66619753963782,51.8356235561264],[-2.69329553822647,51.8338410112501],[-2.69730211579747,51.8448091267489],[-2.71512837058452,51.8402439267929],[-2.71966531119947,51.8488696891103],[-2.73884858634764,51.8366165094632],[-2.77879887552431,51.865859065782],[-2.76830730538435,51.8804448407202],[-2.83610650626024,51.9060535381191],[-2.84194532227904,51.917727812754],[-2.86187161480982,51.9139790704284],[-2.84499642015606,51.9220871897506],[-2.87783522764085,51.9338143752183],[-2.97184633087118,51.9049816258726],[-2.97666533447377,51.9274901982694],[-3.00812331564277,51.9271305457581],[-3.02592825998755,51.957270769139],[-3.06737674091607,51.9831362965463],[-3.09919890693024,52.0226858076554],[-3.08628664345927,52.0401943735748],[-3.09058811273154,52.050513287011],[-3.1258956184989,52.0783108206918],[-3.12267991084996,52.103148785592],[-3.10534931223889,52.105417821816],[-3.10492212967307,52.1167418928952],[-3.14192072484887,52.1278671845105],[-3.13587330508285,52.137908391339],[-3.09369007605061,52.1443059955093],[-3.0725382658941,52.1557732338737],[-3.08254318096633,52.1630471599712],[-3.09889603996449,52.1547338851738],[-3.12243047087079,52.1634196046664],[-3.09465104889233,52.1837422721208],[-3.10208187078616,52.2027204247282],[-3.07209180392951,52.2130872867319],[-3.07303671037743,52.2358769197235],[-3.04421511696905,52.2379274553372],[-3.04831809735968,52.2502329083463],[-3.03586088954314,52.2567570179136],[-3.00577598466957,52.26425950182],[-2.97718162692593,52.2596861462932],[-2.94963475580722,52.2694682333108],[-3.01262166661965,52.2792068049991],[-3.00086604665785,52.3217658044471],[-2.96680116367831,52.3294490737256],[-2.95465135625057,52.3491547619378],[-2.97450325778266,52.3547007710804],[-3.04017440612675,52.344326448647],[-3.06066441920979,52.3482395287916],[-3.11060650812059,52.3771928577085],[-3.15444662965246,52.3877151712535],[-3.17885189317182,52.4094453010763],[-3.21954231380943,52.4212465653009],[-3.23555343310675,52.4425111831888],[-3.19724017301225,52.4759894035959],[-3.18021448078352,52.4739344849595],[-3.11101713479608,52.4989348274703],[-3.02920219998827,52.5012680249874],[-3.03237893922629,52.5237313424194],[-3.00387364775971,52.5198330362371],[-2.99416397610144,52.5529108733399],[-3.014230447679,52.5754965428671],[-3.08727582526502,52.551331507343],[-3.08541228712571,52.534502701906],[-3.13307842958419,52.5274720738946],[-3.1370447146752,52.5340448098515],[-3.11149542440582,52.5413637639296],[-3.13950076571608,52.5857198071629],[-3.11741414899447,52.5857631466243],[-3.08955816271373,52.5995062971115],[-3.09362257365342,52.6093390867467],[-3.07318689672821,52.6289626614398],[-3.05981991551762,52.6307103323431],[-3.08356627752097,52.6412925192923],[-3.05112433418108,52.6473703190466],[-3.03858027691564,52.6753731659248],[-3.04704782420661,52.6912658400172],[-3.0224859512498,52.7066679412475],[-3.02035717507642,52.725102241172],[-3.00055465557069,52.7202753098192],[-2.97759195389928,52.7265916751035],[-2.97810302517224,52.715357324982],[-2.96107942399414,52.7164656937382],[-2.96506569361931,52.7322680639285],[-2.99131975668694,52.7338180007838],[-2.99199278312435,52.7437560376404],[-3.02180979863464,52.7519407809159],[-3.01081496516033,52.7584741340176],[-3.01714764503031,52.7676217633273],[-3.03536166527588,52.7640327159303],[-3.03898545182156,52.7703947262685],[-3.05254038732917,52.7685883478595],[-3.04779141568697,52.7726355733758],[-3.07951607132088,52.771513911764],[-3.09168246698264,52.7866629786859],[-3.08663218442715,52.7955931558439],[-3.11828683786622,52.7835824200664],[-3.16085535746191,52.7957450851539],[-3.15319003437988,52.8063686249265],[-3.16820515656899,52.807328442099],[-3.16788753046969,52.819266678782],[-3.15126038171278,52.8425648873842],[-3.16301475130881,52.8474909443465],[-3.12771287514737,52.8671030319031],[-3.15241672487316,52.878747886248],[-3.13552413220342,52.8850136660634],[-3.14750393983102,52.8901693448939],[-3.11416217688046,52.8939782156026],[-3.09602579987912,52.9303329929943],[-3.07651316772971,52.92547934312],[-3.03512347363092,52.9294624885379],[-3.00964949707879,52.9561994723275],[-2.98202234589558,52.9591982537615],[-2.97502999812956,52.9689845232229],[-2.9598133204483,52.9511695547838],[-2.9288886576968,52.9386788293684],[-2.88743132915924,52.9525298899764],[-2.88353939739913,52.9466392161464],[-2.84101496067848,52.9426237140995],[-2.79884789455756,52.8957587633309],[-2.75532645758129,52.9246280363585],[-2.72843937384749,52.9253018624858],[-2.72417751071701,52.9571216546992],[-2.73529356518204,52.9699461891475],[-2.7268406065337,52.9832729453915],[-2.69929243706707,52.9954387977652],[-2.67466228547344,52.9856628094808],[-2.63265093996284,52.9966707862961],[-2.59488906784906,52.9796071465965],[-2.59769347128031,52.9630059890586],[-2.58641372797688,52.9553790878105],[-2.56126288258472,52.9649521042076],[-2.52951582206291,52.9471648765937],[-2.52136030854293,52.974341819955],[-2.48113332913399,52.9588365842155],[-2.43466847192472,52.9695572514768],[-2.43676051035908,52.9862560826448],[-2.38079367936827,52.9984110613486],[-2.38304468514478,53.0077867854542],[-2.37042155075988,53.0145296481573],[-2.38422739107302,53.0261675763594],[-2.38148099775442,53.0524751031714],[-2.34758567133388,53.0561702915254],[-2.31805569446669,53.0814075166978],[-2.29337580822217,53.0783263863886],[-2.25324848942767,53.0939769935256],[-2.24742276488468,53.0898700462216],[-2.21131492476988,53.1158244632205],[-2.15554543171792,53.1596534942826],[-2.14142291774514,53.156612488773],[-2.1403630699576,53.1838497783136],[-2.11186950066067,53.1686364884112],[-2.07021816358765,53.1716531246803],[-2.04610965363786,53.1927771374014],[-2.00174927099309,53.1929557232904],[-1.98737982955689,53.2136037465838],[-1.96236461007117,53.2262417347362],[-1.95670722983203,53.2137476084528],[-1.89868254605192,53.2000419640284],[-1.86082129936616,53.1884672351762]]]},"properties":{"FID":5,"RGN25CD":"E12000005","RGN25NM":"West Midlands","RGN25NMW":"Gorllewin y Canolbarth","BNG_E":386293,"BNG_N":295477,"LONG":-2.203603,"LAT":52.55697,"GlobalID":"48e84b8f-c2eb-4520-a9a1-6aecac3af633"}},{"type":"Feature","id":6,"geometry":{"type":"MultiPolygon","coordinates":[[[[0.63987627016617,51.5334567747481],[0.626737319981734,51.5321763116754],[0.625929231945911,51.5322976326816],[0.625454847673069,51.5323688503567],[0.609036015779947,51.5348324870647],[0.624246659383724,51.536505937601],[0.62509830822945,51.536579716527],[0.626638726242019,51.5367131482482],[0.640071203668796,51.5378757789898],[0.640318753662598,51.537867140001],[0.646533496643483,51.5376500779636],[0.639970585012382,51.5335161888131],[0.63987627016617,51.5334567747481]]],[[[0.556518160722683,51.5444366825104],[0.553120425433146,51.5418899447446],[0.558490622065176,51.5439905668405],[0.561093994503303,51.5431426147589],[0.573265325521995,51.5391076099465],[0.57793775237292,51.5384302273947],[0.578586903184019,51.5383361012128],[0.579363939602407,51.5382234264219],[0.58526860647012,51.5373670745612],[0.577974215541357,51.5358862991067],[0.593021425881002,51.5352486695534],[0.587276765380473,51.5370997414475],[0.594004051146165,51.5363003032233],[0.600671529909729,51.535507541765],[0.599115251394903,51.5349898857206],[0.601639623482367,51.5348825802962],[0.605839167213014,51.5306972406606],[0.596634915862288,51.5323880337463],[0.596158753155903,51.5306932502548],[0.596103301830521,51.5304958754962],[0.62799011078588,51.5273897639375],[0.632045109717325,51.5246007830741],[0.626139964800194,51.5222337903857],[0.625687292351039,51.5220525372188],[0.625420223401178,51.5219750073255],[0.623764575690877,51.5212814940839],[0.636857597087395,51.5219536923841],[0.627831203866247,51.5204259763216],[0.62505626103033,51.5163690527724],[0.603837058941256,51.5128856104811],[0.603310445499226,51.5127992555651],[0.592582646212105,51.5112919644504],[0.589426847631154,51.5108483453399],[0.58565993495466,51.5131501706091],[0.583139737120881,51.5110655036663],[0.581471457904614,51.5096853909531],[0.573330417577274,51.5078289924826],[0.553567185866318,51.509935531092],[0.552363845707282,51.510938487835],[0.549074142429083,51.5136800984199],[0.548224761277802,51.5147460303282],[0.548030413942597,51.5157433186284],[0.547425014332714,51.515749625371],[0.546507705041684,51.5169006886461],[0.544218584710803,51.5177259271578],[0.541338070919878,51.5201256500398],[0.538102514807768,51.5199277608799],[0.526703657041381,51.5192141552496],[0.517995305886731,51.5298708489272],[0.518303628286008,51.530007532029],[0.522352189827152,51.5321418089484],[0.529720858474432,51.5313453615801],[0.534497707998393,51.5304256752256],[0.543109534151013,51.5345068081218],[0.545930697431751,51.5473920419633],[0.546616425943708,51.5472006738134],[0.556518160722683,51.5444366825104]]],[[[0.840283360455631,51.5608704454803],[0.831408381104311,51.560229700003],[0.825779682464893,51.5644666807244],[0.828924482692235,51.5722579105355],[0.832185192446322,51.5742820551226],[0.83390647269012,51.5700258627786],[0.840283360455631,51.5608704454803]]],[[[0.837491462473458,51.5851768186781],[0.822949654645002,51.5648819668179],[0.815574616202367,51.576937535551],[0.809380944227351,51.5791159481779],[0.808188771916783,51.585019240947],[0.80831692133072,51.585833957491],[0.8183396016295,51.594114380733],[0.830143841661014,51.5959662777654],[0.836353466972412,51.5949034423413],[0.837491462473458,51.5851768186781]]],[[[0.955316883466157,51.6131647775175],[0.929866927769687,51.592446367079],[0.886572783590085,51.5695890784683],[0.88452693288961,51.5693923609419],[0.879213773421223,51.5688813006871],[0.866370064397508,51.5589408408895],[0.853616667684284,51.5569403387352],[0.840146357854457,51.5616364916608],[0.832725148717867,51.5757691456914],[0.838649729441004,51.5814783619258],[0.845546390805885,51.582111746412],[0.847854082061865,51.5776235017874],[0.857277057794513,51.5764724983317],[0.863400351585854,51.5718621584621],[0.857914964913004,51.5772529320335],[0.848433493239577,51.5783019765471],[0.846476496224448,51.5826719666558],[0.840078209534723,51.5820230080523],[0.83799748353139,51.5936189637611],[0.858656809814308,51.5924950426589],[0.866825807789835,51.5951863616669],[0.874374641083865,51.6141508605581],[0.88324248536108,51.6161656409613],[0.887456069692973,51.6155850502793],[0.900768658958486,51.6137496204272],[0.957516615699434,51.6205323075031],[0.955316883466157,51.6131647775175]]],[[[0.746420029088127,51.6354105476982],[0.746482465922937,51.6351477687027],[0.745834754738392,51.6353375259983],[0.738735053103655,51.6374171416503],[0.745635548207842,51.6387119792499],[0.746420029088127,51.6354105476982]]],[[[0.759458460870587,51.6414874340437],[0.76276940611183,51.6403026729354],[0.749688342023746,51.6363209725289],[0.756302279397179,51.6398186558011],[0.758569294061839,51.6410173228403],[0.756024054907069,51.6414503108198],[0.752419041121401,51.6414112355196],[0.748608040156205,51.637529911658],[0.751874392047457,51.6421561020547],[0.759458460870587,51.6414874340437]]],[[[0.746533201741215,51.6405539239905],[0.745387090073376,51.639901367961],[0.732587258232312,51.6395696659979],[0.737654365021096,51.6342644692401],[0.725534497506703,51.638453840902],[0.712321567346416,51.6374712798874],[0.711461766978794,51.637407289156],[0.712680194953915,51.6382103185853],[0.718120005637639,51.6417950228287],[0.741468159997879,51.6401739547811],[0.749935972803208,51.6424911525208],[0.746533201741215,51.6405539239905]]],[[[0.787745310700603,51.7223400550592],[0.772328635276649,51.7186612802973],[0.754509028415827,51.7245450556116],[0.756268932894527,51.7267423216282],[0.777960799080903,51.7265677829777],[0.787745310700603,51.7223400550592]]],[[[0.721897837323274,51.7305250981514],[0.724400175239905,51.7249332464585],[0.724927510965315,51.7270804032705],[0.72860783564891,51.725790721769],[0.724184717062193,51.7220728612196],[0.72833829268897,51.7229253068402],[0.729067482659209,51.7183476197924],[0.7104618525979,51.7185643649918],[0.721897837323274,51.7305250981514]]],[[[0.965127442611807,51.8088285964816],[0.974779534993853,51.8043890041999],[0.993336163218833,51.8035311451099],[1.00584611507955,51.7994568826143],[0.996613666695185,51.7912454914589],[0.945791283086092,51.7747258178021],[0.902246805353056,51.7743722021],[0.89809896079341,51.7797315126495],[0.901872450179929,51.7861562817775],[0.919537136948157,51.7940606410209],[0.926477960719761,51.8015688155276],[0.94361197928901,51.8069357389841],[0.944593727541082,51.8057643738811],[0.945356648764211,51.8068362804456],[0.965127442611807,51.8088285964816]]],[[[1.26766100335633,51.8647979172076],[1.26345578751963,51.8639898598293],[1.26328452432898,51.8640195230687],[1.25879892530005,51.8687183568365],[1.25185794447706,51.8694763301796],[1.25446885503035,51.8736188738493],[1.26461065764565,51.8722493599139],[1.26805397676059,51.8650875410289],[1.26812643473034,51.8649368128486],[1.26805608076554,51.8648738236785],[1.26766100335633,51.8647979172076]]],[[[1.26368204534891,51.8749415915575],[1.26353533668466,51.8729897442252],[1.25464536768155,51.8756206230746],[1.25964254037514,51.8755991439655],[1.26221459640115,51.8806942091861],[1.26368204534891,51.8749415915575]]],[[[1.25703538940432,51.8837322410115],[1.25901466930897,51.8763199029463],[1.25408816692709,51.8767370087411],[1.24833127300618,51.8742342694299],[1.25026137585999,51.8769697028266],[1.24607141548123,51.8745634215039],[1.24455757595359,51.8688379883539],[1.22591119740826,51.8750671342519],[1.22942460325023,51.8814277936831],[1.2364433474708,51.8819444070092],[1.23862684020185,51.8789017170173],[1.23825105990805,51.8812146656052],[1.25703538940432,51.8837322410115]]],[[[1.22716478087014,51.8882014517828],[1.2297897397936,51.885181928156],[1.22975855142634,51.884929119021],[1.21200031524243,51.8809697351814],[1.22954470503402,51.8851239322731],[1.2261528202344,51.8882136589435],[1.2209084375239,51.8882767803513],[1.22567091605508,51.8886525917529],[1.22716478087014,51.8882014517828]]],[[[1.22353488649699,51.8982218550782],[1.22889669762993,51.8956291607964],[1.22386055381817,51.8965467666776],[1.218650420511,51.8974958114743],[1.21907132452539,51.8975583850242],[1.22353488649699,51.8982218550782]]],[[[1.23183115658758,51.901752906866],[1.23818194634668,51.8965196689778],[1.23474180021249,51.8966746633793],[1.24461803955968,51.8955138557944],[1.24464201801994,51.8880621834897],[1.23499523540231,51.8911387834772],[1.24248822551348,51.8864927155901],[1.23086545379862,51.8882626067551],[1.23424588875067,51.892969991189],[1.22866773830392,51.8984560926752],[1.23183115658758,51.901752906866]]],[[[1.53628004806312,52.0761391244968],[1.51463058450886,52.06765697127],[1.50011205757934,52.0655201337979],[1.50012633473052,52.0655484559776],[1.50296997260471,52.0694890695089],[1.5138178565098,52.0690894658106],[1.52521697137083,52.0802361168054],[1.53210527085128,52.0793560140873],[1.53827551223699,52.0789962867357],[1.53628004806312,52.0761391244968]]],[[[0.868943498908628,52.9576862589608],[0.857302486862634,52.9576538670807],[0.865817759041917,52.9604774303578],[0.871230647713933,52.9602132908412],[0.871224389069197,52.9601822786341],[0.868943498908628,52.9576862589608]]],[[[0.977625812496681,52.9798803922111],[0.995195806118894,52.9777321434116],[1.0659182746625,52.9627986520261],[1.11506521568663,52.952842720301],[1.12608061714386,52.9517254715644],[1.13204617567559,52.9504816634846],[1.28861696823455,52.9346908712824],[1.30653876294669,52.9309899040405],[1.31759392638769,52.9272436478527],[1.41694117810601,52.8890225028499],[1.44447550417687,52.8738199467813],[1.44619824451009,52.8728682099601],[1.49731302658429,52.8445996697281],[1.5199270476505,52.8331650178448],[1.52021945423193,52.8330170968421],[1.53348974585455,52.8263022350638],[1.53885217871742,52.8226333063368],[1.54280073540073,52.8209692922333],[1.54446202824951,52.8199713870345],[1.55397126571654,52.8159315535042],[1.55991410830252,52.8129208687964],[1.56339654383444,52.8111563191352],[1.58671256096868,52.8016594816986],[1.5873743059304,52.8012187425711],[1.59188168258675,52.7966185935443],[1.59206866793547,52.7964277352138],[1.6034790756898,52.7902778191941],[1.60344304331259,52.7902031974533],[1.67444515344089,52.7431188845643],[1.67514016707948,52.7426542628236],[1.69756952021577,52.7235391901525],[1.69933001111671,52.7198979962794],[1.71480578695708,52.6878720209015],[1.72240090915249,52.6749358848262],[1.73089046299611,52.6578580938696],[1.73189241277653,52.6547332798942],[1.74167295388782,52.6344220351164],[1.74186513082057,52.6339846134551],[1.74308394536663,52.6205644476291],[1.74214110832169,52.6180595412268],[1.74209375263844,52.6177371760469],[1.74071938713806,52.6083790350222],[1.74068751387903,52.60807787166],[1.73797796951314,52.5824583364519],[1.74336757136315,52.5799148180341],[1.74337981959113,52.5791859487083],[1.73882524594671,52.5799759304435],[1.73912909110943,52.5747897178399],[1.74343490625345,52.5759079354074],[1.74344711417188,52.5751817479229],[1.73982283053948,52.5730371952193],[1.73367921458052,52.5741586186121],[1.72570138257248,52.6040600996021],[1.72423785850078,52.6059513984479],[1.72421585308647,52.6059798340502],[1.72000127111928,52.6107427858024],[1.7207766172552,52.612219220462],[1.71531003786899,52.6130452680336],[1.7160642925463,52.6168184651191],[1.71070075960162,52.6190286428344],[1.69492804192765,52.6179858359599],[1.68175874321099,52.6083058323726],[1.65792264925865,52.6038831389443],[1.64546725089514,52.5893814781775],[1.64558744577103,52.5888668820804],[1.64560344816844,52.5888027730762],[1.6456655207738,52.5885540998817],[1.64572939224732,52.5882982185162],[1.64807687180135,52.5788922226383],[1.64836063271085,52.5777550334646],[1.64860364249786,52.5767811124102],[1.65055699941858,52.5762135644852],[1.65023849648817,52.5931657462974],[1.65023705151908,52.5932427286772],[1.65104075367481,52.5941766212502],[1.6510986129194,52.594188229581],[1.68362190178899,52.60070817789],[1.68488768517956,52.6012792921153],[1.69730958940469,52.606882461914],[1.69756723119775,52.6069986467614],[1.71344184969813,52.6115405819241],[1.7167187677013,52.6103842486398],[1.72041267132773,52.6080201633284],[1.72491956350004,52.6034302935443],[1.72581621284785,52.5968645918237],[1.72658119101018,52.5910060347607],[1.72663723531095,52.5905767499545],[1.72883581503379,52.5849921924323],[1.72885184028997,52.5849370897237],[1.73248275481938,52.5724495992839],[1.73865486185142,52.571976742544],[1.73296257718118,52.5695151232999],[1.7325702807896,52.5693454562452],[1.73285379250645,52.556848547068],[1.7384104149841,52.5387737616753],[1.73890983966663,52.5371485463346],[1.74037086158233,52.5321004513993],[1.74174699479942,52.5294022561575],[1.75290334271412,52.505951620622],[1.76047301612095,52.4900263258426],[1.76142302571244,52.487453625351],[1.76357118981522,52.4816350659752],[1.7601654189459,52.4737684832844],[1.75578438206808,52.4727114944313],[1.76052084339441,52.4758620172383],[1.75764488705135,52.4769276922416],[1.75426346740373,52.4727715293094],[1.7395900994576,52.4738368617211],[1.72254719668509,52.4774372620001],[1.72165773511989,52.4776250810526],[1.72950456709829,52.4743314230992],[1.73011941631657,52.4740732996451],[1.73911828476667,52.4709158489046],[1.75396741209448,52.4714701508349],[1.7561982622895,52.4715532612805],[1.75520856802233,52.4712959962359],[1.74982217632228,52.4698956355482],[1.74184479121505,52.4591890515935],[1.73614129412963,52.4494694310322],[1.7334632646916,52.4467701927145],[1.73334645616189,52.4455754288716],[1.73274227484442,52.4448612292416],[1.73292121879526,52.4427019011301],[1.73143794929386,52.4318576155891],[1.7313469175664,52.4310300453066],[1.72820541138376,52.4024460583067],[1.72790294108805,52.4009821263767],[1.72590417270469,52.3974866466564],[1.69978141134159,52.3600914605198],[1.69683666169855,52.3558714788423],[1.6955695159248,52.3530417437662],[1.67552678155121,52.3134187518535],[1.67290171990865,52.3139214695228],[1.67058968625826,52.3130097795556],[1.66718952941651,52.3116669582421],[1.66448127896834,52.3097346010892],[1.66082522460722,52.3077736181099],[1.65227288334805,52.3012356923561],[1.64994250268988,52.3001686605161],[1.64875834391958,52.2985480951214],[1.64437649139285,52.2951965550933],[1.63923259034409,52.2870142418503],[1.63728922695439,52.2846317963937],[1.63634388128135,52.2824177758416],[1.63571713179229,52.2814203663784],[1.63556913954551,52.2806031383807],[1.63545155579056,52.2803277138903],[1.63451133919849,52.2790396886532],[1.63435361458844,52.2777557587521],[1.63038742895536,52.2684621099352],[1.62931908361667,52.2460590115166],[1.6292893759562,52.2458946647548],[1.6292417399744,52.2454299270036],[1.62308025382691,52.2040542945211],[1.62231803241683,52.1868984622309],[1.61941790649493,52.1826836661035],[1.61032827341566,52.1694676791311],[1.60919956576671,52.16645560391],[1.60821141857764,52.164962205498],[1.59732841148232,52.1353027933002],[1.59618411411233,52.1317348714508],[1.58098210612731,52.0915392433631],[1.57938868917936,52.0873214259434],[1.53152210767946,52.0706869045636],[1.49973399830451,52.0605290897973],[1.48628265344393,52.0562266864586],[1.47607634771483,52.051377214544],[1.46802873759919,52.0485709183087],[1.4681422687658,52.0487399444886],[1.4880285515304,52.0592872010631],[1.49049646143592,52.0599362875162],[1.49988051524084,52.0624037388],[1.5174513418016,52.067021044723],[1.53755554546657,52.0748622366571],[1.56253156503549,52.0858844820216],[1.56774778548116,52.0910866441035],[1.57498990279911,52.0913345023379],[1.56773191365245,52.0914172364929],[1.56184737338771,52.0861669306998],[1.5421215291904,52.0791900463062],[1.53950578362068,52.088042368527],[1.55483702908854,52.0898517273987],[1.56880166187716,52.0981176016302],[1.5687472917467,52.1098092320018],[1.58687497284645,52.1197638987421],[1.5957582842595,52.1354253516237],[1.5991487177255,52.1436114967866],[1.59319002327965,52.1455582644504],[1.58328198521688,52.1422350224669],[1.57513611565036,52.1443355521757],[1.57126798788566,52.148156145998],[1.57992105781474,52.1548555543257],[1.57164765160159,52.1597911765885],[1.55557945831957,52.158701276459],[1.55348438410623,52.1610941263655],[1.55742279275085,52.1626105262214],[1.55172603072302,52.1665763643628],[1.53106895908944,52.1630695115816],[1.52898155465751,52.1650793989859],[1.52779167563148,52.1611357366666],[1.52357892919804,52.1618500025966],[1.51125554986757,52.1551065924795],[1.5100501392105,52.1602687868899],[1.50914974906994,52.1642169869068],[1.50787872124672,52.1643058576906],[1.49558385370672,52.1651647923399],[1.50518452395766,52.1634693559015],[1.50714836877532,52.1628356209136],[1.5076635819819,52.1615734034557],[1.50883945772962,52.158692369622],[1.50900660078328,52.1580081904122],[1.50754413776625,52.1600561717289],[1.50530562482423,52.1631905206339],[1.49923389315422,52.1638739680576],[1.50240902813107,52.1621966166739],[1.49923664412435,52.1594583601163],[1.50345424445241,52.1609620571214],[1.50388741937419,52.1537101608912],[1.50697441521512,52.1528195523376],[1.50892747771175,52.1522560282628],[1.50822810983308,52.1571736495562],[1.51078532310138,52.1510583744474],[1.51402056436832,52.1510996149371],[1.51731472875957,52.151141512205],[1.52340820943186,52.1512187667198],[1.52506009846358,52.1572039838227],[1.53987314058142,52.1573878239214],[1.55326772393184,52.1502161071422],[1.56755565622874,52.1561040489731],[1.57293793203404,52.1527909540409],[1.56929123432457,52.1516629069386],[1.56853391821374,52.1538563053234],[1.56822468691201,52.1485326073308],[1.57341605818983,52.1427398790671],[1.58295615385794,52.1397452164689],[1.59549768922396,52.1416847179339],[1.59331272794205,52.1381941518525],[1.58173568789036,52.1196890922639],[1.56627182572346,52.1118667207762],[1.56552087315067,52.1001599546604],[1.55265777294006,52.0920663751172],[1.53748202137285,52.090348264172],[1.53790207815764,52.0810286227008],[1.52498719976478,52.0820059877833],[1.51051560612363,52.069562124413],[1.50059234673564,52.0715036167674],[1.49234382089435,52.0731166683521],[1.49063102748719,52.0734515280879],[1.49580957213022,52.085698358278],[1.49612474900291,52.0864434877614],[1.48960082112439,52.079608385561],[1.48988376093401,52.0729097245309],[1.49932697737272,52.0711249735542],[1.50054462341332,52.0708947724796],[1.5013214765527,52.0707478970449],[1.50046089720851,52.0698265680641],[1.49538159961889,52.0643878076842],[1.47847779982907,52.0585317114414],[1.46168527165181,52.046224570989],[1.45951843776957,52.0446358304841],[1.46102074716134,52.04473459447],[1.45616107859991,52.0384525490121],[1.44372678282789,52.0255071958364],[1.43617860349858,52.0126000002168],[1.43097629351318,52.0058638215848],[1.42530424984737,52.0019963520942],[1.39872411682936,51.98889634368],[1.39412270325351,51.9872614127524],[1.39558929003492,51.9985299642869],[1.39202405196552,51.9962743611521],[1.3885363821993,51.9993979057549],[1.39552125631541,51.9990563297782],[1.36699692715685,52.0073690264058],[1.36622689888811,52.010294209044],[1.36301924890043,52.0224756215972],[1.34471012635948,52.0312432919156],[1.35266192015945,52.038175891255],[1.35164480283712,52.0456100167057],[1.34103864808985,52.0531357133624],[1.34370342422662,52.0641358676795],[1.32938896545762,52.0688020131896],[1.31902362867578,52.0806353380306],[1.3193740812755,52.0869844811226],[1.32453501814313,52.0890713426505],[1.32525974066601,52.0893643554068],[1.32724261157643,52.090166007687],[1.33196926453029,52.0941032918205],[1.33165094909279,52.0984304777705],[1.34337565967394,52.1017141035259],[1.34420839709583,52.1020484497862],[1.34591456216859,52.1028153859135],[1.34639490233534,52.1030312940365],[1.34752823976118,52.1035406997632],[1.33723699331583,52.1037661879728],[1.33406023703954,52.1015025484574],[1.33233257306624,52.1002713443348],[1.32605289286522,52.0957954344878],[1.32575498265074,52.0955830648119],[1.32508856558027,52.0904165733793],[1.32479053523659,52.0900522369497],[1.3173465494727,52.089036544123],[1.31477165589756,52.0808928555222],[1.3140328673394,52.0788524544108],[1.31375654075152,52.077681422349],[1.31271691042131,52.0777282231469],[1.3041163751281,52.0781150360333],[1.30756368243068,52.0794483907175],[1.29545692828078,52.0773000673613],[1.29807245290423,52.0771275848701],[1.29838470847862,52.0771072250753],[1.31742391761407,52.0760950145231],[1.32253602044178,52.0665685296446],[1.32393034874232,52.0639694850867],[1.32431873812146,52.0632454690534],[1.32509383224089,52.0636597849045],[1.32527404162812,52.0637482205029],[1.33380358094709,52.0586168716123],[1.33464364212885,52.0521251985979],[1.33478813833597,52.0510084331639],[1.33508024052138,52.0487507261226],[1.34738956335914,52.0422726495633],[1.34780674589205,52.0396200439506],[1.34314785420141,52.0370962789179],[1.33903671494396,52.0331294225212],[1.34332159388256,52.0272163306593],[1.33738549902578,52.0243580775197],[1.34443320880683,52.0264615970937],[1.35637604405293,52.0221552306213],[1.35936732726714,52.0180815340347],[1.35936059634047,52.0147108217985],[1.35611476721885,52.012538548927],[1.35887197596574,52.0158559173608],[1.35577492177165,52.0161163656978],[1.35426487980157,52.0137039243176],[1.35760690966742,52.0105407446571],[1.36400391584303,52.0044846001922],[1.3803778825143,51.9984767048388],[1.38012666988689,51.9975295413059],[1.37971830606671,51.9959897608899],[1.3828747168923,51.9966312203619],[1.3879948226377,51.9902254367074],[1.3838129430497,51.9895434177937],[1.39146705805036,51.9893249475189],[1.38978304838877,51.9828546654847],[1.38145317093468,51.9746321939918],[1.36280407325483,51.9625430168424],[1.344921726115,51.9569230557976],[1.32021345294513,51.9334942628833],[1.31983151698257,51.9412454956339],[1.31977097811235,51.9413234162287],[1.31976326057138,51.9414794559334],[1.31878176674645,51.9427083822603],[1.31870942365517,51.9455113653663],[1.31721269292676,51.9447907170392],[1.31577434477548,51.9509769596855],[1.31589643265938,51.9511942502746],[1.31569365479432,51.9513239548111],[1.31567357181875,51.9514103165379],[1.29793469333133,51.959277766859],[1.29603459647352,51.960132482534],[1.28446639234233,51.9652270563393],[1.28230013257058,51.9693048488534],[1.28031563207736,51.9931152002314],[1.26415632817304,51.9958129135187],[1.25836937031241,52.0029762607044],[1.25688958587456,51.9965475376447],[1.23796317564607,52.0030547238885],[1.22935362415475,52.0064735323103],[1.21545024918048,52.0065142798071],[1.21032432166295,52.0114949583377],[1.20451236415498,52.0132754150335],[1.19902145800461,52.0149571312423],[1.19761976384056,52.0153863695573],[1.19194179457148,52.0151495795526],[1.18833162306344,52.0149988786755],[1.18795346881228,52.0152576361605],[1.18029969287318,52.0204906338104],[1.17875093529575,52.0215493374536],[1.1784121951194,52.0217151762283],[1.17767542194341,52.0224467210378],[1.16972014752522,52.0303437855154],[1.16622670817535,52.0298645520997],[1.16067640916408,52.032640456054],[1.16099187373895,52.0418508967342],[1.16107652139935,52.0420228026512],[1.16305912743788,52.0460487205317],[1.15992524463065,52.0479580923489],[1.15549784383876,52.0365343722437],[1.15052620469011,52.0342324027609],[1.15003489113037,52.034004890136],[1.15050514721148,52.0337193377941],[1.16188953216225,52.0268047685947],[1.16688136049961,52.0182610193122],[1.17118897867686,52.0157099633171],[1.18518795171649,52.0074164506368],[1.2034944574637,52.004787873092],[1.20387721125738,52.0043990774592],[1.21153239785712,51.9966214097925],[1.23123290401446,51.9958481999091],[1.24287184057278,51.9927665332071],[1.24291709476998,51.9927545484114],[1.24304676503521,51.9900483286069],[1.246944262423,51.9899742586275],[1.24439923854362,51.9918890589959],[1.26730316429769,51.9878681967667],[1.27022807901817,51.9841865294929],[1.27110865364112,51.9758236562803],[1.26756865407466,51.9764103424752],[1.2790881432162,51.960388259765],[1.27658888208343,51.9576991147248],[1.26423056355358,51.9558451158952],[1.24297691326091,51.9614135993152],[1.21972192999347,51.9528720268273],[1.21193293951962,51.9554247156039],[1.21017962852213,51.9559992188026],[1.20041603775513,51.9558966127582],[1.18733528346985,51.9557578349554],[1.17787143998466,51.9648253294121],[1.16304862837031,51.9672951599049],[1.16354272628026,51.9705251526761],[1.15992780027042,51.9652410681146],[1.15324884862241,51.9648032225025],[1.1322436269397,51.9575663532683],[1.13031366250315,51.9535406934624],[1.11854116529181,51.9562330932362],[1.10248788449339,51.9540779439128],[1.09980149862677,51.9537170619479],[1.08613212131242,51.9589331244964],[1.06944934793724,51.9552565607509],[1.07292969351032,51.9541476220878],[1.06898213330465,51.954554623565],[1.06715221455478,51.9510843434092],[1.06599182347212,51.9490473561159],[1.05881360719528,51.9559310450605],[1.05992197646715,51.9542143602801],[1.06363880770177,51.9484565943335],[1.06215388153332,51.9491507728165],[1.06210543170683,51.9491734213126],[1.05391970029527,51.9529993952923],[1.05993410562293,51.9486186454915],[1.06187679906279,51.9459455133504],[1.07557746485267,51.9470271640478],[1.07699497904861,51.9468219495556],[1.08060978741786,51.9452561571843],[1.08121781294911,51.944682332304],[1.08165209215885,51.944804631679],[1.08201586276184,51.9446470424063],[1.08724264147513,51.9453378281441],[1.09820550366328,51.9437490355734],[1.11943852814645,51.9400398116356],[1.1363099969753,51.9404781437774],[1.15036717995018,51.945894780098],[1.17062471897496,51.9479985541244],[1.18103036720358,51.9417581717899],[1.19946310822176,51.9425195091336],[1.20587645608039,51.9427837149652],[1.21407832709636,51.9403204084106],[1.21914123829902,51.9449128879732],[1.21728642902023,51.9398225536349],[1.22741295225821,51.9394740875685],[1.23288459757089,51.9406338059566],[1.2320112700536,51.9447929453671],[1.23516443824467,51.9435100504693],[1.23650050586455,51.9441634936848],[1.24195776045936,51.9468321643377],[1.25414229479936,51.9471807584272],[1.26291341969618,51.9459297727424],[1.26405522645989,51.9452931531871],[1.27460801716414,51.939407727356],[1.27754642470832,51.9399041696186],[1.280563367352,51.9404137922946],[1.27686640373224,51.9447127034773],[1.28483050515505,51.9450545847398],[1.28440457767951,51.946502885321],[1.29078501933808,51.9489402963869],[1.29143833767636,51.9474797002088],[1.2901315059968,51.9381669045976],[1.29641839684689,51.9356612642448],[1.29292491237326,51.9365405538331],[1.29133489149863,51.9369497050096],[1.28968673830244,51.9364014710711],[1.2853253368632,51.9369178237407],[1.28214272132279,51.9346411519341],[1.27325084363549,51.928278641078],[1.27299827806938,51.9280978829076],[1.26182633389352,51.9179124603289],[1.25973399050344,51.9167532534116],[1.25900323007883,51.9163483707787],[1.25859996371276,51.9165241853304],[1.2550207078311,51.9180637514822],[1.25403512083466,51.9181211616641],[1.25891137764335,51.9152815073818],[1.25413075391168,51.9041078085043],[1.25334393753619,51.9032578356774],[1.24672983700422,51.8961112443349],[1.24347388272551,51.9001928398583],[1.24438354654052,51.8969800710834],[1.23998454893314,51.8965788541162],[1.23166101667148,51.9024618125958],[1.24007421264424,51.9026305217223],[1.22975647342711,51.9045504590852],[1.21274871163684,51.8971799926598],[1.21216811525606,51.8969282989132],[1.21890639959652,51.8958765801918],[1.23012328339655,51.8941248692637],[1.22830911843283,51.8905382608214],[1.2125165477982,51.8903844131394],[1.21225960587511,51.8863763458468],[1.19901633333596,51.8847874861497],[1.20254883607792,51.8781568872205],[1.21050951500313,51.8795318267976],[1.20628923445666,51.8818100878654],[1.21120682569375,51.8805614550073],[1.21086404320923,51.8791578005928],[1.20978643618942,51.8784946584958],[1.19711176971226,51.8773290009948],[1.19969209259311,51.8756856773577],[1.19451788063131,51.8729216270599],[1.19234003227232,51.8717580529251],[1.17821443386404,51.8714311458658],[1.19439080159547,51.8711289945474],[1.20778053502139,51.870877199019],[1.2244241881101,51.8805810745268],[1.22177261886509,51.8720775420544],[1.21275752363623,51.8699489097347],[1.22849430213928,51.8726082471567],[1.23014939005789,51.8679890715788],[1.22528272170436,51.8649503800952],[1.23227651557844,51.8629683756449],[1.22812475093648,51.8589033278034],[1.22818793717632,51.8588468390169],[1.2324077673325,51.8550740668173],[1.23562120821829,51.8614993266542],[1.24313871020205,51.8592180296445],[1.2492937204337,51.8623067593537],[1.25238528625632,51.8589481415619],[1.24996108376022,51.8570222889188],[1.24971353140395,51.8568256133635],[1.24937000016796,51.8565526812869],[1.25379105722713,51.85805832827],[1.2525311376854,51.8637471335598],[1.25871953412744,51.863502852204],[1.26003435726686,51.8633791327051],[1.26008412437474,51.8633744496183],[1.27145860623909,51.8623035011709],[1.26623624267874,51.8619432643167],[1.27142481577368,51.8605972898017],[1.26545190905584,51.8558901783816],[1.26906622648226,51.8517520770447],[1.26975168476138,51.8560566561714],[1.27493221978392,51.8548717229012],[1.27016073967464,51.8569699101965],[1.27348284329379,51.8621122189026],[1.26778863269749,51.8770989875547],[1.27033407463681,51.8770389940484],[1.26649278010671,51.8812913761365],[1.27163603468133,51.8820909479469],[1.26355903098977,51.8827616063798],[1.26369001181489,51.8862127594072],[1.28344387341178,51.8767291303103],[1.28626448992612,51.876662266158],[1.28951984651602,51.8732509016113],[1.2911821686809,51.8680264910204],[1.28883521456927,51.8628273519668],[1.26160553129793,51.8393586386994],[1.26064174788504,51.8386094298944],[1.25426991647006,51.8335547961835],[1.23922012785317,51.8216101093293],[1.23876185276414,51.8212462529822],[1.23430492701992,51.8186035939298],[1.17803756140733,51.7955724513478],[1.17279656103031,51.7937021862638],[1.16133253190603,51.7896075490258],[1.16124989437052,51.7895718533741],[1.15501743806996,51.7868793393647],[1.15482209759526,51.7867949380964],[1.15015247681164,51.784777140944],[1.12442069290619,51.7754509213016],[1.09455096009465,51.7719404266588],[1.04268242610963,51.7699096026894],[1.03300528671158,51.7783093821631],[1.02924384001904,51.7886911100181],[1.03220713373939,51.7862105826619],[1.03558979032212,51.7874741660574],[1.03628619829406,51.7848374147411],[1.04118065282149,51.7838768145011],[1.0370940856413,51.7854943860216],[1.0371519929749,51.7906069269002],[1.01761138042625,51.8006619301233],[1.02078223242157,51.8031518580599],[1.02976994835261,51.8003869151755],[1.04653396370251,51.8024575917201],[1.04443247163713,51.8031281444543],[1.06218273317232,51.8103822528971],[1.06743951014092,51.8204062201967],[1.06779725573519,51.8210882206679],[1.06328870592436,51.8205869648387],[1.05955593023872,51.8241846583549],[1.06101309292015,51.8221656297407],[1.06362611582679,51.818544568016],[1.06349717738911,51.8182810059345],[1.06023126455515,51.8116041228859],[1.0396735422232,51.8056005120152],[1.01060215931811,51.8056300588906],[0.993651915824556,51.8164150578131],[0.983412231962101,51.8302183940843],[0.9831009389551,51.8315873628105],[0.988320549386931,51.836603352637],[0.989362382430021,51.8376043765841],[0.985494380295129,51.8387405776029],[0.984300987794018,51.8407191293835],[0.980418556453222,51.8471546575988],[0.971589799456425,51.8501122910558],[0.9665818665051,51.8516580476528],[0.966201093639065,51.8517755640249],[0.955468599013042,51.8541225852651],[0.957597254207333,51.8533218183963],[0.976016068634127,51.8463901882248],[0.977621955049513,51.8408885038181],[0.978421110744497,51.8381501557769],[0.97442280434507,51.8288167050851],[0.982322645310723,51.8173587210199],[0.966372556553522,51.8222809214898],[0.964056412032822,51.8290021229312],[0.952554470344666,51.8332857943404],[0.962939883940556,51.8282684785529],[0.964166441964546,51.8219930305421],[0.94923919813316,51.8246530236963],[0.943539748645469,51.8221642668495],[0.951213891332441,51.8233767137193],[0.966618462767479,51.8194425426985],[0.991238982819986,51.8071991994293],[0.969588925811234,51.8127326566151],[0.927476617217011,51.8075545536969],[0.925257909629833,51.8083096999287],[0.91989286791833,51.8079105305248],[0.92325920399176,51.8061674994241],[0.937152457903174,51.8058597735168],[0.925405185078919,51.8026999807827],[0.899600731313459,51.7887872740442],[0.90132167691746,51.7923262245868],[0.89859425915302,51.7901226391834],[0.897248327082882,51.7890351043713],[0.894753394092583,51.7910203673161],[0.894657630526799,51.7898230963302],[0.893427669898868,51.7744385625096],[0.87852787192688,51.7857473920404],[0.871228309094193,51.7842720122422],[0.872213411176291,51.7832064397121],[0.8561967911631,51.7874165086692],[0.859595177172243,51.7857518643482],[0.851548773574725,51.7862873375788],[0.841604084309049,51.7823046832207],[0.837467699678749,51.7842070106866],[0.842857664572859,51.7810290323792],[0.843306602649899,51.7807643034907],[0.852588428797037,51.782849430868],[0.857931471969376,51.7840493025433],[0.877233282761881,51.779353903615],[0.890701397237792,51.7697119340787],[0.886632433495922,51.7708040019192],[0.884959684454068,51.768261134253],[0.894608810887656,51.7663024234976],[0.883101725269874,51.763857460709],[0.860360001426338,51.7688526631486],[0.857433304377419,51.775000992557],[0.851253417279161,51.7740898672028],[0.851368495955383,51.7705129185066],[0.839890263571399,51.7736801561364],[0.836724761248785,51.7738721895278],[0.834583084848583,51.7704432649163],[0.839650939460707,51.773208488773],[0.838918595122999,51.7710374025351],[0.842481103029129,51.7722482008925],[0.856202335021915,51.7677243467768],[0.840964668953761,51.7702163053255],[0.845340379057936,51.7675103004618],[0.842271535735097,51.7648333812369],[0.860734007202027,51.7642926242904],[0.850356658179789,51.7571285428407],[0.861833214515808,51.7631101934279],[0.882710544872676,51.7576522539139],[0.856248301249789,51.7438013401661],[0.848653396097639,51.7469072959306],[0.847436044557382,51.7474050503024],[0.848301226474633,51.7464016925257],[0.852430417976529,51.7416123526918],[0.834848670024287,51.73873862908],[0.825064835297226,51.7383954725371],[0.822613270731443,51.7408270050932],[0.811215423097858,51.738850954856],[0.792287589833152,51.7451635889845],[0.789044975569237,51.7376382093492],[0.796681544952607,51.7405640151847],[0.78863232079183,51.7366533027938],[0.778564620028879,51.7393129963471],[0.776902803082075,51.7439848983409],[0.776835449574852,51.7439577263912],[0.776453878778951,51.7437624814368],[0.77221246906873,51.7407046339861],[0.771007213116067,51.7398323725771],[0.761542748157056,51.7422072617369],[0.760457978963569,51.7424821137529],[0.761432245821566,51.741115754786],[0.763141441063553,51.7386966978092],[0.755168809574124,51.7353047417915],[0.754885011544808,51.7353365768745],[0.745539428842503,51.7363845200579],[0.744999185327617,51.7364450737204],[0.745001347323711,51.733446566562],[0.745052299314329,51.7334582803519],[0.745046266043188,51.7334220902846],[0.745130912941102,51.7334763521448],[0.750008831541818,51.7345975835282],[0.747314168063583,51.7320802821714],[0.747769714979954,51.7321510980357],[0.747714176309187,51.7320904121426],[0.747573433217648,51.7319366245239],[0.750959509168034,51.7325302807776],[0.749911096725669,51.7322218673425],[0.744923329065235,51.730973910338],[0.744785444576927,51.7309397294275],[0.744522861261808,51.7309445944737],[0.744369513459171,51.7309835550692],[0.743058466389895,51.7313166370826],[0.738273972374198,51.732532010788],[0.73747316561229,51.7327354093236],[0.737516004444836,51.7326704776644],[0.737565880487988,51.7325948782743],[0.739400854711086,51.7298133672751],[0.735516568997566,51.7294784471389],[0.712890147206159,51.7375002265908],[0.714605389908931,51.7341203257558],[0.705375743022771,51.7238565594087],[0.702176227158754,51.7279224879747],[0.690056870515077,51.7323718532004],[0.689558903027648,51.7304244546753],[0.686471863557025,51.7332192582975],[0.687158768885176,51.731767055972],[0.688672096998063,51.7285673725647],[0.699318643809774,51.7261678577602],[0.69734446423786,51.7228307095377],[0.712062931861356,51.7157528840165],[0.711068172308606,51.7147803469638],[0.710183794382378,51.7139156836074],[0.716199828007682,51.7136120891657],[0.717834301101234,51.7162395931315],[0.746995670840227,51.7114542059577],[0.743759841336277,51.7065168396142],[0.74803053783207,51.7102735016596],[0.751024375135356,51.707947619301],[0.746033709141438,51.7048637252004],[0.751540034296001,51.7075138659175],[0.751108562195217,51.7078822102136],[0.754667200326733,51.7099984772815],[0.769185517779274,51.7083592420955],[0.749837700929676,51.7003290429221],[0.754238394335417,51.6953594671933],[0.746941509100834,51.6946147828323],[0.748282996689752,51.6909571758989],[0.740572698079686,51.6940414036805],[0.740133288014236,51.6932209870626],[0.73842916893741,51.6936942551664],[0.738301890789598,51.6937732978423],[0.738322996802413,51.6937100755765],[0.739217331119556,51.6915107312788],[0.739885381404552,51.692758111545],[0.742066464472572,51.6914352514029],[0.737834658420487,51.6872043975415],[0.742746927026809,51.6892000171237],[0.751229517613637,51.6885039139578],[0.751540706531218,51.68870504901],[0.751828407601321,51.6886090445123],[0.756279371393044,51.6917288921591],[0.757428343094442,51.6949738063889],[0.759205750217637,51.6998397847318],[0.7660570164019,51.7008569800272],[0.772165080951616,51.701744021448],[0.772177241867504,51.7017130799727],[0.77220748890082,51.6940499159243],[0.775908549507167,51.6915530311769],[0.775918210471551,51.6908135453124],[0.773457903405068,51.6889119385156],[0.777330714131422,51.6854074240794],[0.776013832722133,51.6885052677942],[0.776885836910141,51.6888167278861],[0.776904837441461,51.6904421511619],[0.776433219300047,51.6908814288249],[0.77614037744074,51.6916268353666],[0.77978257077557,51.692786259658],[0.778493104335705,51.6929465861318],[0.778923712531378,51.6932939995063],[0.778532595799015,51.6932160373384],[0.778434926875374,51.6929538192115],[0.775474473170231,51.6933218507518],[0.774433997127061,51.695970116395],[0.775438332084299,51.7015850454512],[0.771581982679827,51.7040612953427],[0.785355109067918,51.7081451666109],[0.790217172681366,51.7063048020991],[0.790820933191851,51.7090568861701],[0.797560483871276,51.7079450291101],[0.790809214665959,51.7103010136061],[0.794955802583126,51.7185235493836],[0.801337545509072,51.7181004578162],[0.805882113064029,51.7177989462596],[0.819726082887312,51.7210811516916],[0.834167539152291,51.7149946067747],[0.848178284675708,51.7157052273293],[0.875264297019819,51.7251526016439],[0.886290622938406,51.7330100060562],[0.890704052787805,51.7413360335938],[0.895595242817426,51.7433045220083],[0.899523834523474,51.7448853339155],[0.91680970650699,51.7468646154607],[0.931581340894829,51.7459921847257],[0.942750277395386,51.7398036426599],[0.950572298872485,51.7308319625438],[0.950691527860078,51.7228800393088],[0.939517468836879,51.6986172123987],[0.950057791342381,51.6834964089707],[0.943015915240158,51.6722803057323],[0.942315790221674,51.6618968420764],[0.942227563918651,51.6605879301102],[0.93565532757396,51.6610888291773],[0.941849763567525,51.6602916078505],[0.936526329276151,51.660021925854],[0.939961908842364,51.6591885266936],[0.934762371180455,51.6550824190176],[0.939221522222564,51.656396408099],[0.939629868392666,51.6544839202111],[0.934239117539083,51.6538318339861],[0.939444365936141,51.6543437819399],[0.937968132663018,51.6525351875712],[0.937443653817733,51.6518925879605],[0.937128798444721,51.636223702194],[0.935168220558103,51.6348759715285],[0.926546958770398,51.628948235542],[0.925739943807412,51.6287112890607],[0.901920982885591,51.6227348253932],[0.891996726871842,51.6240196606223],[0.887969677854985,51.6236733578206],[0.8595815514143,51.6212280877734],[0.838391726412714,51.6240418082259],[0.82287928136844,51.6231131541946],[0.804378848529106,51.6261163334292],[0.802984052267524,51.6293676984386],[0.802908944951455,51.6258762685731],[0.795200002096708,51.6255195921889],[0.777160736446368,51.6356287822019],[0.776439970241478,51.6360344319385],[0.761917861023703,51.6441523091065],[0.74546875005021,51.6432963587182],[0.746239791392601,51.6456490249917],[0.742009810525441,51.6412412330652],[0.71693327822913,51.6430042314582],[0.711060789993781,51.639916697736],[0.710738523198599,51.639403267094],[0.709037187478184,51.6366925202933],[0.695916356792009,51.63924831421],[0.691988101311184,51.6370109502147],[0.662107857639027,51.6369962039513],[0.659917680554172,51.6430589249123],[0.66483480745062,51.6408815889731],[0.666650104765101,51.6425770022832],[0.650380626224716,51.6484412808022],[0.650470936002069,51.6457286375487],[0.658457744065231,51.6434543908735],[0.657874564453792,51.6378610992974],[0.629578830245553,51.6395984882452],[0.629601439020332,51.6393900200826],[0.62960706977254,51.6393381011496],[0.630386840776339,51.6374855599119],[0.646699816654623,51.6366323369613],[0.646522972281407,51.6364600037677],[0.642610432952507,51.6326468640016],[0.626910264991903,51.6334507300192],[0.607758219787993,51.6298162504196],[0.606994973844609,51.6295698618051],[0.606918958599284,51.6295453228351],[0.606678803579102,51.6294677952146],[0.606201228778257,51.6293054886071],[0.605313962050893,51.6290039381463],[0.606801274492625,51.62912887899],[0.608653158541114,51.6292844183469],[0.637196895887258,51.6316777144345],[0.64749727479055,51.6299163508236],[0.646900263950788,51.6334010102184],[0.6515932186746,51.6359085579207],[0.657129903782556,51.633059162086],[0.656789449283241,51.6352073579162],[0.656837887432395,51.6352060476368],[0.710176138189077,51.6337513858362],[0.711376031938563,51.633718385655],[0.721849653369042,51.6357114150859],[0.728684638702443,51.6330744261004],[0.733916931392536,51.6309651640805],[0.749473867721246,51.6311752797269],[0.764094701830483,51.6368781665093],[0.784418833216513,51.6242963740445],[0.779443551661996,51.6188309544874],[0.785083938735781,51.6236195451581],[0.865747078722512,51.615569766687],[0.86613818278338,51.5992172390152],[0.862526473082407,51.5960522255041],[0.821170513173093,51.598738456382],[0.81628759112688,51.6022475672687],[0.819110570716506,51.5976097670561],[0.80424520359453,51.5893398735251],[0.764643235664927,51.5832242595494],[0.754261683730945,51.5881130376547],[0.751110388228407,51.5864017555792],[0.759762853938451,51.5847350923757],[0.758661394812141,51.5811945166345],[0.758454066102858,51.5805280002518],[0.75118656938199,51.580392317617],[0.75110211047913,51.5803907381496],[0.721834535675819,51.5798396060734],[0.723386242148661,51.578722736989],[0.725591816452817,51.5771351096965],[0.713659116084998,51.5726549189722],[0.74420290155784,51.5787313263302],[0.747727124842997,51.5794317824772],[0.753111432656009,51.5791965914131],[0.759738748545888,51.578906761012],[0.761042448581241,51.5763622837468],[0.764633986224561,51.5805515031226],[0.805932493174082,51.5861220075423],[0.8067791261124,51.5797151724839],[0.793474656566124,51.5763344063093],[0.799139202825337,51.5709152679228],[0.799215522600999,51.570947572543],[0.801883309577967,51.5720767244609],[0.807021941379669,51.5696496310627],[0.80377403805699,51.5672233890333],[0.808220661599484,51.5671359128148],[0.809913915940411,51.569809741407],[0.795668823002866,51.574598505791],[0.808062448680497,51.5787320074323],[0.814382238487829,51.576445398344],[0.821011954719238,51.5643745551755],[0.817822952378417,51.5619967435084],[0.824597755975317,51.5635804434331],[0.829607311249999,51.5585517189391],[0.840125156459378,51.5601619997426],[0.850500488433668,51.5566221891493],[0.848619668975376,51.551392007142],[0.821187634051043,51.5406245731059],[0.821153104826494,51.5406051672686],[0.787770680963095,51.5218312592832],[0.777909876304213,51.5226195840682],[0.77655543989085,51.5227278032257],[0.768357281628453,51.5254520277874],[0.768295536668192,51.5254599448776],[0.731570435888342,51.530162749578],[0.730801823536657,51.5303300006188],[0.720517136129341,51.532567364957],[0.718475979486183,51.5327422041731],[0.690406546394642,51.5351428408036],[0.687932891933451,51.5353540698502],[0.670719156184168,51.5381478327614],[0.640516472317042,51.5401420445887],[0.640203611913495,51.5401626601569],[0.627203425407398,51.5380388370901],[0.626842205769967,51.5379793325735],[0.625005414615541,51.5376767340625],[0.608470309209766,51.534951199643],[0.603235831574634,51.5359090390554],[0.595987500727259,51.5372349123433],[0.594077004416345,51.5375842838308],[0.587812779527196,51.5387295541384],[0.587590685756867,51.5387701514117],[0.578280890194664,51.5400993346865],[0.565387923360839,51.5419388912607],[0.554169526417849,51.5455622668878],[0.54758298196772,51.5476889494313],[0.545033824433572,51.5476300696817],[0.544421735103637,51.5465757768035],[0.544327429225879,51.5462523958783],[0.543026442971358,51.5362662788142],[0.542868599766776,51.5349707041243],[0.538938250529505,51.5340681452845],[0.53466390549624,51.5312011153503],[0.522551321959993,51.532814661428],[0.517001364590169,51.5301033306386],[0.51692129159039,51.530064208426],[0.516760299863652,51.5299855493867],[0.51322046597515,51.5318699954606],[0.506868774999988,51.531263959517],[0.517681557101836,51.5271094082557],[0.522193879480497,51.5159664811951],[0.54127138652028,51.5125607464342],[0.531314444162764,51.5084968426041],[0.52269123183289,51.5078840259805],[0.518719884620895,51.5104255131344],[0.508165354966102,51.505197050949],[0.468947164674772,51.5012127067988],[0.467285294890274,51.5037482498788],[0.460895596713762,51.5069771563643],[0.455889568439559,51.506850969647],[0.457411708143105,51.5054154438151],[0.457587539368674,51.5052496103429],[0.447625001861972,51.5001580382088],[0.446006958984826,51.5001547617132],[0.444974824975837,51.500152659962],[0.444288451797498,51.5001512572447],[0.445602656282082,51.4981793892108],[0.441840103311365,51.4935044062493],[0.440256658801377,51.4915366567754],[0.433979747212772,51.4614986154458],[0.398401563913328,51.4536616117025],[0.398110186227817,51.453643379963],[0.381659714804317,51.4526128564297],[0.378331526275371,51.456617850236],[0.378759071347683,51.4521358354594],[0.340845314505118,51.4523277366639],[0.32817933001668,51.4692908593651],[0.318735408175832,51.474115466806],[0.30620754289798,51.4737191690649],[0.305164075622992,51.4736861046429],[0.304678377376232,51.473537933185],[0.302391321017327,51.4728401848721],[0.291448103696448,51.4695006431817],[0.281402125989587,51.4613984588571],[0.247042158331995,51.4727355194011],[0.229312247679955,51.4857806288022],[0.228521388488694,51.4863622654305],[0.211870088916148,51.4899589554105],[0.214156929096117,51.4960396098803],[0.229965349544136,51.4993659187165],[0.226597286350539,51.5065632427159],[0.241919319161816,51.5079601268953],[0.23717600954358,51.5193344334906],[0.248964774122808,51.5286740288278],[0.253834318187163,51.5178858715831],[0.263682923643184,51.5178697921034],[0.265347272043956,51.5321502650611],[0.334024218329939,51.5405038037667],[0.313035079940716,51.565818131885],[0.290289733913774,51.5642993923202],[0.269866485133475,51.5995544498121],[0.254008700235285,51.6015982007674],[0.26456196557058,51.6083206608749],[0.252194314453482,51.6177694048916],[0.224087730411796,51.6317377614501],[0.200311572516926,51.6249357566968],[0.138184235471144,51.6235453960564],[0.072867372178107,51.6046655224122],[0.021819035344359,51.6288327861104],[0.0227195416969588,51.6411154928849],[-0.0122596870547121,51.6462286962719],[-0.011918675972722,51.6808778146614],[-0.105779139838692,51.6918756442007],[-0.163493271974568,51.6881150787478],[-0.181960815257973,51.6686831946979],[-0.191066699360921,51.6638967044063],[-0.203352928676407,51.6701264980577],[-0.212135030723747,51.6613535274521],[-0.250582589477333,51.6560573513569],[-0.25736482156208,51.6418210814576],[-0.304449971011893,51.6363487192482],[-0.316672244970353,51.6405355666504],[-0.362621257698241,51.6235048165802],[-0.404003977890064,51.6131839726247],[-0.440575301279442,51.6200732383835],[-0.457130755473738,51.6122938890699],[-0.496828509147855,51.6317238405222],[-0.500595886737316,51.5996898986458],[-0.520534550264269,51.6019076648026],[-0.539260817248429,51.6380393903589],[-0.536891506831177,51.66062447194],[-0.522777811384923,51.6583975681654],[-0.520994790005152,51.6680453777499],[-0.505107856324304,51.6730768926407],[-0.5242727897625,51.6821126548307],[-0.54868869522748,51.6826545439468],[-0.544017145197112,51.6968174717823],[-0.563209678177221,51.7118798626502],[-0.550413609644404,51.7230428893424],[-0.553645081612158,51.7340179568723],[-0.57487874585542,51.7369685241256],[-0.586379726976092,51.7521159494782],[-0.612935985356938,51.7474272551457],[-0.670126919039173,51.7664681620104],[-0.690190999010661,51.7923392099107],[-0.685394264649477,51.8001859203001],[-0.709295276544129,51.8205395951875],[-0.724234882170819,51.8181444124443],[-0.745841415726905,51.8418443942057],[-0.717415813900058,51.8571598157202],[-0.696426502919578,51.858157339537],[-0.686770330064733,51.8492206300472],[-0.695449593789591,51.8411106759714],[-0.667245098413583,51.8158052615608],[-0.632939595714382,51.8199461865563],[-0.581825667306615,51.806905442703],[-0.560656237503438,51.8300826295858],[-0.553613859712542,51.8267529272763],[-0.543730170171154,51.8245761848853],[-0.537619262375032,51.8314728021354],[-0.583563578497735,51.8703238397593],[-0.6200891563295,51.8854855168653],[-0.651985919199778,51.8868522838139],[-0.672969117918549,51.9017527146068],[-0.69330888065816,51.9003480540477],[-0.702156753865155,51.9091191125534],[-0.653016974736432,51.9692494361716],[-0.645680806107934,51.9722283103994],[-0.661689665376442,51.9997363844313],[-0.643460193916601,52.0109005916404],[-0.650960161931678,52.0185469830642],[-0.640200287337004,52.0240657817183],[-0.643047384421451,52.0372494375455],[-0.66897597717708,52.0487168398621],[-0.591810331121503,52.110691887186],[-0.607249381411581,52.1338687508704],[-0.635451654776416,52.1392536199736],[-0.640765866741152,52.1528176271751],[-0.630687617590423,52.1550241210245],[-0.627446652788111,52.1815454674071],[-0.668135637658982,52.1950341108626],[-0.63733162156624,52.2273176308065],[-0.653655470981071,52.2682893062583],[-0.603337324956545,52.2788024372895],[-0.565693055132987,52.2534682255308],[-0.541971909036615,52.2560727476437],[-0.531190184929433,52.2704024294568],[-0.541969414284238,52.289942445996],[-0.514051195755829,52.3146970752555],[-0.519829880170178,52.3176925671775],[-0.465365756545097,52.3229532803249],[-0.466656737619639,52.3389275754879],[-0.483264192761938,52.3409032965452],[-0.477682425550585,52.3489199908052],[-0.498699838187518,52.3600958379159],[-0.488518815845791,52.3740235410232],[-0.495946267815481,52.3795155293678],[-0.441509864468212,52.3849964334918],[-0.417072832141305,52.4115991100394],[-0.362408041008102,52.4335312771171],[-0.370217036825639,52.4399302705061],[-0.341590492473876,52.4669426264393],[-0.359404306001708,52.4898300882408],[-0.354345203263394,52.506495071408],[-0.413602640818525,52.5256796127912],[-0.401283297186851,52.5386846816118],[-0.419593787330186,52.5589619541331],[-0.407290921113568,52.5640548539069],[-0.415381402678347,52.5787426388379],[-0.478814868225147,52.5736451461549],[-0.492664861408748,52.5819002624797],[-0.470921180908155,52.6235593371385],[-0.494688679013636,52.6402652600307],[-0.452832300952799,52.6542749147338],[-0.405694618313302,52.6480559470603],[-0.350076984266874,52.6616700383308],[-0.335037147761973,52.674865972717],[-0.289240338532188,52.670276187598],[-0.260753908799236,52.6514179769663],[-0.212501332962663,52.6666794921145],[-0.192867813968712,52.6524385101436],[-0.180020104975691,52.6605611576378],[-0.14106199482318,52.6515074238731],[-0.102195958212229,52.6722061944761],[-0.087752503198597,52.6667860917744],[-0.0637138143765743,52.6752330937121],[-0.0312706832650579,52.6615327430761],[0.0215003524278174,52.6648872875554],[0.0485664016375671,52.681401659302],[0.0441494759872833,52.7143823487219],[0.0636266193206916,52.7273915085958],[0.0890116953988098,52.7236301650923],[0.132975309366633,52.7393044762982],[0.171626068420179,52.7380317015671],[0.186323197484379,52.7353486304287],[0.272228339358099,52.7728129916084],[0.245037550842594,52.7844699906207],[0.267002148567531,52.8157118956155],[0.26880215804313,52.8158357488573],[0.287556567837441,52.8192345423513],[0.334525449802122,52.8172498579172],[0.351922628534727,52.8094450839694],[0.368629001023451,52.7884149048873],[0.368855958641539,52.7880706586225],[0.368874911304853,52.7880419125505],[0.371035970927614,52.7847637451333],[0.374821183441225,52.7790207414827],[0.374904941071507,52.7788999286784],[0.375552548553256,52.7779657949142],[0.391412554301496,52.7538271047519],[0.391566186779374,52.753497286333],[0.39552199125864,52.7475681276401],[0.393165474666195,52.7534696292467],[0.391135083564554,52.7585419537694],[0.389492939946731,52.760978547663],[0.393673355451802,52.7604108818682],[0.388907523176749,52.7618454022733],[0.374607530085557,52.7843039469982],[0.380263197023344,52.7823122303523],[0.375010493440856,52.7853856482014],[0.376190514761951,52.7859041884261],[0.379916879137359,52.7875415171946],[0.380980749268048,52.7854053000653],[0.38143865036421,52.78876615993],[0.37482154303459,52.7857014117687],[0.373200019153258,52.7874765293023],[0.371903180040537,52.7888960836304],[0.371315091103126,52.789896319228],[0.370320181294493,52.7915883862476],[0.357764687822173,52.8125481560388],[0.372982627728997,52.8205263767894],[0.415445508726087,52.8427620223547],[0.415774702135065,52.8429575663903],[0.432668536555114,52.852989038423],[0.442969858009945,52.8532611514413],[0.444772990373951,52.8533086896015],[0.445457944461445,52.8739018076321],[0.465456132739866,52.8981055791911],[0.477391634162072,52.9260752612943],[0.477408143990433,52.926113923946],[0.477692977392768,52.9267811707082],[0.480461964228256,52.93151115893],[0.490019892682054,52.9478293361729],[0.498501678792708,52.9527013630318],[0.514934452957447,52.9621356037223],[0.516026482434468,52.9635830345933],[0.518032770390911,52.9662419839556],[0.519847485786884,52.9686467274622],[0.534937821290634,52.9746560469056],[0.562280514898932,52.9765676327245],[0.562303648190193,52.9763791907668],[0.562335421232782,52.9761726139776],[0.570169034316162,52.9751483048463],[0.56971250826494,52.9721477508315],[0.565751361650031,52.9727179576573],[0.56928896969088,52.9711085045284],[0.56305591445138,52.9727518476247],[0.56324097211376,52.9720788760618],[0.563120591104451,52.969993637543],[0.568285003069228,52.9707812787761],[0.563562150887361,52.9695012059396],[0.575593104215258,52.9640033235058],[0.583515137576574,52.9663409584018],[0.574852811693297,52.9656297630273],[0.570740627391231,52.9694432240267],[0.581380724963978,52.9706126659838],[0.584966447972997,52.9674010500005],[0.581663216518352,52.9712035700227],[0.58641900860759,52.9731727874975],[0.586674436464148,52.9695808885738],[0.588584307058828,52.9708956578058],[0.594385861354676,52.968134549687],[0.594580776804567,52.9680322647805],[0.595087254181944,52.9680086622178],[0.59722261463367,52.9733439478196],[0.593823885065929,52.970490969937],[0.590095135290325,52.9731214998179],[0.593524103532861,52.9730970780331],[0.585875461143665,52.9746727674065],[0.58932204607709,52.9767593808397],[0.617857088257859,52.9736335783766],[0.619165916588525,52.9692407254731],[0.62602885991998,52.970979584301],[0.620440323488113,52.9703377905449],[0.619880655773301,52.9737688144933],[0.670163710884045,52.9778421900108],[0.675068081087854,52.9737681808982],[0.669786638995491,52.9703208210149],[0.656156627945936,52.9733113335343],[0.657411650090898,52.9709930040794],[0.639806578768937,52.9700914324042],[0.645474228650082,52.9679549588958],[0.635681640011895,52.968312494095],[0.643541862615803,52.9661627172152],[0.649775443406005,52.9697078152128],[0.649273330719675,52.966854197926],[0.666072150940941,52.9664262191974],[0.671589298047758,52.9697470775392],[0.678908530464287,52.9678452895507],[0.68148988214014,52.9671744189505],[0.688409594787431,52.9708707161705],[0.680802703272367,52.969380365757],[0.679045523007963,52.9700654272927],[0.67528455805015,52.9715315325267],[0.679148922644216,52.971740954352],[0.684625385389066,52.9720375228516],[0.695141955256206,52.9781756020604],[0.700430472451059,52.9775285810591],[0.699759924461986,52.9747050279047],[0.70312980448068,52.9766444698216],[0.702344642158813,52.9733469339552],[0.711616220543314,52.9736686631129],[0.71665265523239,52.9720413389513],[0.710463082724717,52.9754216866334],[0.706102490398869,52.9741039547051],[0.705869052361815,52.9773250418325],[0.705844065206999,52.9776697960547],[0.709684277951637,52.978045423762],[0.712332278692146,52.9766993685124],[0.714430397037189,52.9768428630657],[0.714603651298249,52.9768547105144],[0.725863242616667,52.9777196879766],[0.734150355358427,52.9757925346595],[0.734480885585174,52.9757188565838],[0.734537589485754,52.9757062162196],[0.734714718561337,52.9756667324908],[0.736183030268696,52.9753394159048],[0.752133230742927,52.9728812830591],[0.743706541194252,52.9653770342518],[0.736826462264787,52.967320665733],[0.734674035194,52.9668219573061],[0.733275164302869,52.964173188534],[0.735469151122042,52.964299627535],[0.746702607641084,52.9649463657303],[0.757875478537526,52.9693463931219],[0.759834727888186,52.9725120325256],[0.754532243671532,52.9705749445898],[0.754290556681462,52.9746917953677],[0.761332907706025,52.9758250309832],[0.751646967351185,52.9771395775777],[0.7722298008452,52.9788472373337],[0.781335328481946,52.9766959006537],[0.782164689209936,52.9766026845676],[0.809120769634315,52.9735899287129],[0.812374220138765,52.9702873884819],[0.812451498931414,52.9735659742957],[0.821893681922213,52.9765904055302],[0.821573249805141,52.9765815567802],[0.812939782308326,52.9741344156235],[0.811383600951714,52.9762997314423],[0.824117537541462,52.9773025571272],[0.844194844263152,52.9772040848771],[0.843505410447972,52.974690123446],[0.852206196776362,52.9731669284435],[0.850992503694531,52.9577794225692],[0.868798187562034,52.9570207375],[0.869914381123761,52.9548967359403],[0.870222328707058,52.9552031675656],[0.874342172145901,52.9593022263736],[0.871939774750842,52.9590823374759],[0.872401906976245,52.9603705430147],[0.87130676910346,52.9605726892352],[0.86438502644374,52.9618500622495],[0.867868966034246,52.967484328733],[0.872677287921496,52.9673565743844],[0.874439445532076,52.9673097061385],[0.87275080229524,52.9677203900811],[0.865342083210077,52.9695218430251],[0.863460562944142,52.9657993517941],[0.863410677831195,52.9620021442196],[0.852996913832645,52.9578715458484],[0.857066888376953,52.9602466727536],[0.853882041029846,52.9635344110828],[0.863027884387675,52.9677719137849],[0.85551407470956,52.9687962531596],[0.866611474241805,52.9790259328681],[0.871864597850963,52.9790915359445],[0.874843186431785,52.9780726886559],[0.879414721707514,52.9765087251957],[0.882597814685082,52.9697851840331],[0.892440949360461,52.968830167175],[0.883321553915977,52.96514902751],[0.881963891272987,52.9654793518244],[0.883511725404533,52.96496370862],[0.897402545257807,52.9695213021978],[0.903827536894482,52.961996842623],[0.893262456404603,52.96103220159],[0.897571861043299,52.959447322209],[0.907881348050052,52.9623752380874],[0.907605731212267,52.9584890548599],[0.911785760251005,52.963342493101],[0.917568328549457,52.9624602604555],[0.918158965897604,52.9623348026746],[0.917515817340639,52.9626241000186],[0.915668532565786,52.963454994621],[0.919698873702989,52.9656464363082],[0.935784954140313,52.962795923424],[0.936651561504586,52.9604120193245],[0.944872431694233,52.9638650572684],[0.946006268900154,52.9588990851528],[0.948758255222712,52.9592257317573],[0.946197690692936,52.9590642999542],[0.945854803739359,52.9637246943757],[0.952177900737445,52.9635174030675],[0.963363056748243,52.9601454074637],[0.960616010980292,52.9599725644941],[0.962080260262821,52.959352780448],[0.957735670697403,52.957511422077],[0.960963289609431,52.9573033554858],[0.96933380957936,52.9637372887442],[0.976517694536783,52.9637673660105],[0.983985947821146,52.9637981709922],[0.979081078188532,52.9603925646785],[0.982742218234346,52.9613096648577],[0.982699950505385,52.9576668994512],[0.996693016017958,52.9566687156041],[0.992059333567457,52.9577111521668],[0.996353921776007,52.9588709037716],[0.998199363491059,52.9565611611196],[1.00706847715119,52.9559275179884],[1.00690421130315,52.95607103495],[0.997842641076408,52.9581750768797],[0.998241541672388,52.9606685489084],[0.99035477256176,52.9604797948266],[0.987774918339731,52.9639493394924],[0.998794168665563,52.9643205955868],[1.01449023677166,52.9635262806521],[1.01593619594691,52.9591882689472],[1.01641981567969,52.9628550075058],[1.0180837790913,52.9607443736223],[1.0185949892395,52.9641055044103],[1.02585968752769,52.966038550441],[1.02567067977544,52.9655768687353],[1.0255002906122,52.964539590204],[1.04343714075524,52.965896284868],[1.04485882704485,52.9622299397552],[1.04639153975671,52.9657593535044],[1.02724937585673,52.9688520608004],[0.99480461565325,52.9765585981714],[0.981791628186365,52.9706921464869],[0.988463246417425,52.9772707706704],[0.97737931830149,52.9740482124314],[0.978896384912519,52.9715012606451],[0.977111936038369,52.9724078453021],[0.971545154753082,52.9752356223256],[0.970262767334116,52.9705717899477],[0.968182007866556,52.9730301861003],[0.97371037272346,52.9787578060317],[0.958306099496171,52.9691813339899],[0.958184597842087,52.9715017851866],[0.965794729237852,52.9776499220911],[0.977548697472944,52.979889814502],[0.977625812496681,52.9798803922111]]],[[[0.680168560289971,52.9882200530338],[0.737960500832725,52.9822017926261],[0.751091161849282,52.9784032904644],[0.74019384501057,52.9771389543329],[0.729424512357512,52.9801644732504],[0.738816819380389,52.9763290114438],[0.725757455582823,52.9780959176558],[0.714086705608069,52.9776800446756],[0.712794514363424,52.9796577457487],[0.699531010878303,52.979686426968],[0.698375896375984,52.9841016755214],[0.697344716095485,52.9806541671638],[0.694520153316164,52.9839373744607],[0.696114363146457,52.9808978944216],[0.685870303625661,52.9809707282941],[0.681327845171517,52.9774585813977],[0.679746122647859,52.9813868029682],[0.679176392354224,52.9828015583896],[0.67987702815443,52.9835046890167],[0.684012369425376,52.9876542009588],[0.68010293235455,52.9871586769108],[0.67166141312296,52.9860882468976],[0.67226807426303,52.9840874149525],[0.665168648953499,52.9859787186578],[0.662991729230135,52.982537730819],[0.66331758517332,52.9870129330648],[0.678430536677381,52.988400591613],[0.680168560289971,52.9882200530338]]]]},"properties":{"FID":6,"RGN25CD":"E12000006","RGN25NM":"East of England","RGN25NMW":"Dwyrain Lloegr","BNG_E":571076,"BNG_N":263235,"LONG":0.504178,"LAT":52.24073,"GlobalID":"cd22dc16-fc63-40e3-9683-0e6c99587372"}},{"type":"Feature","id":7,"geometry":{"type":"Polygon","coordinates":[[[-0.011918675972722,51.6808778146614],[-0.0122596870547121,51.6462286962719],[0.0227195416969588,51.6411154928849],[0.021819035344359,51.6288327861104],[0.072867372178107,51.6046655224122],[0.138184235471144,51.6235453960564],[0.200311572516926,51.6249357566968],[0.224087730411796,51.6317377614501],[0.252194314453482,51.6177694048916],[0.26456196557058,51.6083206608749],[0.254008700235285,51.6015982007674],[0.269866485133475,51.5995544498121],[0.290289733913774,51.5642993923202],[0.313035079940716,51.565818131885],[0.334024218329939,51.5405038037667],[0.265347272043956,51.5321502650611],[0.263682923643184,51.5178697921034],[0.253834318187163,51.5178858715831],[0.248964774122808,51.5286740288278],[0.23717600954358,51.5193344334906],[0.241919319161816,51.5079601268953],[0.226597286350539,51.5065632427159],[0.229965349544136,51.4993659187165],[0.214156929096117,51.4960396098803],[0.211870088916148,51.4899589554105],[0.210553951469516,51.490243106395],[0.187684066854566,51.4878588734338],[0.182035195733018,51.4986273269182],[0.178574966651708,51.5052038621519],[0.16006723582082,51.5117137200396],[0.159207809614416,51.5120158863305],[0.159049531255042,51.5120715343138],[0.158721674311475,51.5121868019303],[0.143206847940588,51.5153245714514],[0.141864531167574,51.5156528094271],[0.141819593023275,51.5156637978947],[0.126345975161068,51.5194462649611],[0.109074895650993,51.5142500204737],[0.100509379900435,51.5145693097708],[0.0977882718338274,51.5159064461463],[0.0975800373066397,51.5160087659265],[0.0969273504494541,51.5163294690499],[0.0960699880794032,51.5167507295967],[0.0967901178299367,51.5151511987068],[0.0845804631805836,51.512210528955],[0.0790274188107048,51.5068175408926],[0.0773375470091592,51.5051760299816],[0.0770639444988711,51.5049102456392],[0.0709057431350203,51.5006422860434],[0.0686613479588301,51.4990865709587],[0.0391165482248049,51.4985676936577],[0.0244415401970016,51.4983071926065],[0.0190380042262118,51.5015470646492],[0.0157449867445838,51.5035211873419],[0.0134809968335669,51.504878274849],[0.00942622622911539,51.5078980414309],[0.00837588793803076,51.5086801902431],[0.00878385951469926,51.5073176138539],[0.00755731380946194,51.5073205015658],[0.00594628332836147,51.507324275254],[-0.00204585615387899,51.507342668644],[-0.00791528475568811,51.5020081083794],[-0.00864106836119252,51.5013483513626],[-0.00328957989154049,51.491369695655],[-0.00321863460504855,51.4906657854092],[-0.00649837166247987,51.4871259700283],[-0.0182539750195338,51.4869017328643],[-0.0244033449161679,51.4893742304862],[-0.0261924911944529,51.4939160554184],[-0.0262117616628073,51.4939649686835],[-0.0288667316290014,51.5023620197961],[-0.0303733257887865,51.5071927716844],[-0.041881876537095,51.5097198462545],[-0.0420983428656717,51.5097665247412],[-0.0597656797868999,51.5028741506043],[-0.059809035890202,51.5028788545652],[-0.0787063478691949,51.5076794506541],[-0.0793533312083202,51.5078441700774],[-0.0800589166102533,51.5079705434088],[-0.08037601393606,51.508027334919],[-0.0811554803488642,51.5081148736179],[-0.085146443388475,51.5085629925169],[-0.0854549989783372,51.5085976287518],[-0.0885584050838637,51.508922102839],[-0.0919624961026863,51.5094041987933],[-0.0922962467912373,51.5094772619367],[-0.0952340303145026,51.5101203403679],[-0.0963329974775968,51.5102700360296],[-0.0993299841669168,51.5106782125926],[-0.0998770504493278,51.5107527118338],[-0.108221024305665,51.510810124402],[-0.108446561292221,51.5108116679186],[-0.108527481118133,51.5108102290386],[-0.111475371485997,51.510757771322],[-0.121349370238457,51.5074102522213],[-0.122264781903832,51.5038952146376],[-0.1246552226678,51.4947134969963],[-0.124856944842419,51.4943665137409],[-0.128457351672107,51.4882394884782],[-0.134428121983445,51.4852622139059],[-0.142230614236486,51.485047460942],[-0.147480980770779,51.4853441142791],[-0.149979158603456,51.4854851815577],[-0.150248050472509,51.4854494793049],[-0.150330007354558,51.4854385976596],[-0.150582216264032,51.4854051099005],[-0.163805319798312,51.4836485548371],[-0.164344729425399,51.4834810533702],[-0.179618834931522,51.478736465009],[-0.181663969506671,51.478100958132],[-0.18377559746026,51.4774447330174],[-0.183856622798358,51.477419551406],[-0.182839873300327,51.4774596035647],[-0.179441290136891,51.4775135540184],[-0.181311672374052,51.4738438375283],[-0.187906166467776,51.4669984957713],[-0.188811281644963,51.4668275007963],[-0.20155450489287,51.4651870697017],[-0.217171395174096,51.4698709944767],[-0.222216221236814,51.4792315250941],[-0.223747436397827,51.4818953733784],[-0.224064562272722,51.4824470364754],[-0.226540197049036,51.4859511161312],[-0.227559643979108,51.4873939190688],[-0.234390850326629,51.4904260585363],[-0.24347085721075,51.4888844108705],[-0.243609073608919,51.4888609373632],[-0.244010807714427,51.4887927092094],[-0.244539277274199,51.4887029546299],[-0.249710507181286,51.4856921178267],[-0.254381736328889,51.4730824087963],[-0.260756036264891,51.4713476022925],[-0.268579550932221,51.4732334887484],[-0.273371229042023,51.4788616387658],[-0.274932136015606,51.4808108135323],[-0.277084648927052,51.4834984502321],[-0.283771281164292,51.4861995584181],[-0.283822026335196,51.4862355745529],[-0.283874285582858,51.4862411617945],[-0.286871819688156,51.487451804713],[-0.28744754811658,51.4876843129593],[-0.292335315524355,51.4874385526066],[-0.298964454878668,51.4852556918667],[-0.299091593713872,51.485112562179],[-0.304398983515156,51.4791365693211],[-0.304430251816544,51.4791013571749],[-0.306930916350892,51.4762095919569],[-0.308369846307205,51.4757027533677],[-0.319125119119623,51.4714774198758],[-0.320219875927036,51.4688804242641],[-0.321712316644831,51.4654065958495],[-0.32138312332748,51.4651664772361],[-0.31929704583017,51.4636509014766],[-0.313872211174679,51.4597090154664],[-0.313795040289381,51.4596747385099],[-0.305892400035465,51.4561641070348],[-0.304279006346907,51.4516121339997],[-0.305721933936308,51.4509921164738],[-0.315798396056739,51.446661513483],[-0.325075276811457,51.4465336874899],[-0.330579811120447,51.4421888534238],[-0.330964782906169,51.4418849451673],[-0.331364063270804,51.4415697346438],[-0.328485800316887,51.433958725644],[-0.320191773126606,51.4295334033081],[-0.319940908618239,51.4294008367622],[-0.31901378002931,51.4294980743171],[-0.318440402732133,51.4295582057532],[-0.325947416677613,51.4329364022464],[-0.326934876731624,51.4334502357966],[-0.329931237421091,51.4417020841657],[-0.305853232909415,51.4485109103443],[-0.302547817224562,51.4523442852726],[-0.304881918879484,51.4562294769028],[-0.305022033220876,51.4564626811302],[-0.313668179278429,51.4606549619279],[-0.313854906653685,51.46074548552],[-0.319906575293127,51.4650048832276],[-0.318242890382086,51.4706117183503],[-0.306984102925967,51.4748111072634],[-0.294872412569871,51.4848711595201],[-0.28815416048292,51.4864621386069],[-0.280311793721909,51.4837220577353],[-0.273465153845283,51.4763676506932],[-0.270540040700607,51.4726810829882],[-0.260215048755059,51.4703144328646],[-0.257663504931694,51.4712848709992],[-0.257492822103567,51.4712055245743],[-0.257312818819596,51.4714182405149],[-0.251589100329679,51.4735947738937],[-0.251480720048389,51.4736359816367],[-0.251405180380742,51.4738937761436],[-0.249386048423458,51.4807833657601],[-0.24604784692551,51.4847259468928],[-0.239274368709081,51.4888187633345],[-0.232787436281545,51.4884626873841],[-0.228643996851768,51.4854343765101],[-0.227177692043385,51.4826533161949],[-0.225845612567914,51.4787271619701],[-0.224887474762834,51.4759027515368],[-0.223687207635472,51.4723640307096],[-0.223639066497962,51.4722220865247],[-0.223401522870407,51.4715216728925],[-0.210675970471895,51.4649803296005],[-0.195099374844175,51.4606196251684],[-0.194993760709075,51.4606437446282],[-0.194901611157011,51.4606647897221],[-0.187114608204622,51.4641791520053],[-0.177949731420868,51.4706113700357],[-0.173230652694061,51.4795719180768],[-0.16035236816493,51.4819030170047],[-0.147407210757351,51.4831814152135],[-0.139801888301078,51.4839317780747],[-0.138108765259967,51.4840983073676],[-0.136144303705793,51.4842914934375],[-0.130618267762537,51.4848347379085],[-0.128430560959041,51.4850497271864],[-0.128088236601812,51.4852700558828],[-0.125525092498704,51.4869196588494],[-0.125070608172031,51.4877256263541],[-0.121983303893627,51.4931996936216],[-0.121352821058677,51.4943173900731],[-0.120396531928177,51.4979176235124],[-0.11896158305716,51.5067666018434],[-0.109125213989273,51.5083548633509],[-0.108805057906591,51.5084462995708],[-0.108710943783188,51.5084503729624],[-0.104676526122011,51.5086249209914],[-0.0885964200890663,51.506884532771],[-0.0880998441977707,51.5068307501761],[-0.0761234589469458,51.5044033170692],[-0.0724306684421993,51.5030869849777],[-0.0708325352365456,51.5025172569459],[-0.0577560320946397,51.5008510146202],[-0.0572576283645827,51.5008632036694],[-0.0520706934768517,51.5027504809857],[-0.0479005399988052,51.5042009445789],[-0.0478302330659537,51.5042441674619],[-0.0460295283370462,51.5053511564758],[-0.0420814448677549,51.5073557697404],[-0.0338444036024698,51.5060497801194],[-0.0334154871351948,51.5020956817895],[-0.0324206765272085,51.4933580406567],[-0.0323863262307784,51.4930562791944],[-0.0323028890378385,51.492973473446],[-0.0248209130048979,51.4855466859933],[-0.0243027931398687,51.4852024518886],[-0.0188258054896725,51.4834796532129],[-0.016682561228203,51.480961378922],[-0.0195059604218515,51.4780334047106],[-0.018980270354387,51.4784686620242],[-0.0168340745733652,51.4802455797102],[-0.0149992974311414,51.4817665637771],[-0.0178584573832501,51.4832186940558],[-0.0109251849859338,51.4839842238117],[-0.00470017229324967,51.4846711770922],[-0.00461859352853049,51.4847311625206],[0.00247343704341189,51.4899452452828],[0.00118580996119195,51.4927305627473],[-0.00224019592642529,51.5001398594115],[-0.00100546250214412,51.5018904736163],[0.000516109745909446,51.5040475768075],[0.00136645390955042,51.5042260946716],[0.00558687393365308,51.5017778641016],[0.0154158417131342,51.4960746969671],[0.0157264207044849,51.4958944510594],[0.0290454308537624,51.4939165459781],[0.029596384973964,51.4939397177828],[0.0297440265845601,51.4939459272458],[0.0457984490117824,51.4946199015782],[0.0611039704935613,51.4952603953971],[0.0750474141654847,51.4958421511036],[0.0759243680540068,51.4958786839926],[0.0762345446849466,51.4958916035646],[0.0824310970958383,51.4988617105771],[0.0827214381594712,51.4991679695343],[0.0839006700998783,51.5004117975328],[0.0880219220250108,51.5047584430324],[0.0911711239438588,51.5080792170148],[0.093531023588613,51.5091361587317],[0.118677535576636,51.5113102762248],[0.118784514355923,51.5113195140937],[0.120239031684623,51.5114451012656],[0.125795285195226,51.5126709075388],[0.133765379101177,51.5117039040052],[0.151296375343893,51.5062825005641],[0.152013469178269,51.5061567081224],[0.163215554731013,51.504190975853],[0.169362164614016,51.4988888682564],[0.169380011573712,51.4988619650002],[0.172101162872704,51.4947595111934],[0.172147224337253,51.4946181692145],[0.172307112621799,51.4941275409117],[0.175197827350929,51.4852556409535],[0.186499592697562,51.4804808286052],[0.186537326334579,51.4804648833723],[0.200844593643595,51.4786571118063],[0.211683788803227,51.4827285921846],[0.217644190043408,51.480448589397],[0.219202439132856,51.4796095638918],[0.221044799984653,51.4786175022421],[0.203374621646498,51.4543154579914],[0.172844869107023,51.4432871508992],[0.164328170821928,51.428584960395],[0.155875040956964,51.4308765823218],[0.152932433172376,51.4087084813763],[0.148869410494427,51.4084291280153],[0.162384150043184,51.3924903020233],[0.147741030714359,51.3928010018088],[0.152057738933261,51.3696937046945],[0.136958108456318,51.3441746048812],[0.118456303441167,51.3441477823276],[0.117900333226097,51.3296471000251],[0.085029299988601,51.3160232043694],[0.085693083414603,51.2930842265565],[0.042396497430127,51.2926730467214],[0.0329094179322316,51.3075209105802],[0.0150093784679093,51.2917860691426],[0.00225531192400326,51.3291348341144],[-0.0379200854497904,51.3387247432932],[-0.0513072247610965,51.3224522765565],[-0.0789130205771895,51.3197699387298],[-0.0912237418672903,51.3014752290573],[-0.124301850029936,51.2867904031611],[-0.137245888383678,51.300763842139],[-0.155317700345265,51.3012743937466],[-0.156523624561657,51.321485286252],[-0.197319340394251,51.3435951598667],[-0.220841625332819,51.3298019706872],[-0.229822682346971,51.3365228045655],[-0.217264425534208,51.3433870908022],[-0.222736428311044,51.3570860723604],[-0.245382434157475,51.3668892943279],[-0.245027866580531,51.3800591554688],[-0.260996427671818,51.3795939509652],[-0.288469327282705,51.3621278871387],[-0.30618917299884,51.3350755647039],[-0.330655551869037,51.329009638114],[-0.330510146371957,51.3484194351447],[-0.307365443633207,51.3783835450886],[-0.317697879461912,51.3936670793324],[-0.327817849624804,51.3918371417138],[-0.359139332144209,51.4119031604173],[-0.383350026681253,51.4085382950892],[-0.39131707100993,51.4223154118767],[-0.45646755928571,51.4381066796859],[-0.458723754309907,51.4563417400208],[-0.509807321692741,51.469207263699],[-0.490024731164425,51.4947476343761],[-0.4832235109622,51.5070849116577],[-0.495487343928382,51.5385452300165],[-0.476620654293635,51.5591888368951],[-0.500595886737316,51.5996898986458],[-0.496828509147855,51.6317238405222],[-0.457130755473738,51.6122938890699],[-0.440575301279442,51.6200732383835],[-0.404003977890064,51.6131839726247],[-0.362621257698241,51.6235048165802],[-0.316672244970353,51.6405355666504],[-0.304449971011893,51.6363487192482],[-0.25736482156208,51.6418210814576],[-0.250582589477333,51.6560573513569],[-0.212135030723747,51.6613535274521],[-0.203352928676407,51.6701264980577],[-0.191066699360921,51.6638967044063],[-0.181960815257973,51.6686831946979],[-0.163493271974568,51.6881150787478],[-0.105779139838692,51.6918756442007],[-0.011918675972722,51.6808778146614]]]},"properties":{"FID":7,"RGN25CD":"E12000007","RGN25NM":"London","RGN25NMW":"Llundain","BNG_E":517517,"BNG_N":178394,"LONG":-0.308632,"LAT":51.49229,"GlobalID":"c0417edc-06d1-4e09-9c76-074b18105cd5"}},{"type":"Feature","id":8,"geometry":{"type":"MultiPolygon","coordinates":[[[[-1.28292173108355,50.7297199501257],[-1.29097776317691,50.7087599850781],[-1.29221801179883,50.7055315436353],[-1.2915935863307,50.7018907965874],[-1.29147837979288,50.7015863631839],[-1.2904035127196,50.6987458874283],[-1.290022592163,50.6977381283124],[-1.28970932023614,50.6991447161745],[-1.28927615933681,50.7010362282708],[-1.2910865053432,50.7067779260642],[-1.28927552572651,50.7097396267222],[-1.27606852402623,50.7313555551715],[-1.27563520980144,50.7317242862666],[-1.2758753922053,50.7319370709858],[-1.28638294741161,50.7405506755885],[-1.28658256713662,50.7412257533643],[-1.29042653829969,50.7542205740056],[-1.2904659050356,50.754353615722],[-1.28833993342054,50.7629644117407],[-1.28721274847001,50.7633074637365],[-1.27483042686044,50.7654001629569],[-1.26799231038251,50.7629364696775],[-1.25715005390764,50.7557008235114],[-1.25683091761488,50.755323256597],[-1.25661120327659,50.7550633115084],[-1.25514129269615,50.7545589675334],[-1.24546624161763,50.7496559336621],[-1.24477182077856,50.7490104532991],[-1.23922967723529,50.7438581078603],[-1.23864368947809,50.7437242237913],[-1.23860144693855,50.7437145719982],[-1.22719504288637,50.7411077327317],[-1.21732005235065,50.7356509252252],[-1.22354249407228,50.7313597993964],[-1.22440400769646,50.728338153817],[-1.22509348453052,50.7259196172347],[-1.22546148760161,50.7246286543127],[-1.22493994489551,50.7253106984914],[-1.21988791310435,50.7319163850224],[-1.2198040458423,50.7320260265049],[-1.21755528485512,50.7349656488234],[-1.21612333137367,50.7349054308554],[-1.2159587266223,50.7348985076674],[-1.2145563402121,50.7341233529556],[-1.19961915311573,50.7342101052885],[-1.18266124964741,50.7334932026085],[-1.17463046205845,50.7333838534484],[-1.161825348704,50.7332095313821],[-1.16017581176672,50.7331869884517],[-1.15592767320727,50.7321153114854],[-1.15570871879172,50.7320600703934],[-1.15120799647691,50.7309244347922],[-1.15049642135387,50.7307448513456],[-1.15037252439377,50.7307135822519],[-1.14489925791069,50.7293320697066],[-1.14375395859592,50.729042941227],[-1.13766277655994,50.7272797348909],[-1.13759844237131,50.727261109677],[-1.13684937604013,50.7270442472956],[-1.10970780844137,50.7215633037039],[-1.10156348915349,50.7076694689468],[-1.10139366644967,50.7073796893467],[-1.09779900643064,50.7061351911383],[-1.09614291250082,50.6942314089043],[-1.1038876421946,50.6962619782948],[-1.10283024136577,50.6997835935563],[-1.10797011947732,50.6938516664006],[-1.10826190426559,50.6935148670565],[-1.09830798399017,50.6905120242449],[-1.09551329097405,50.6936652064831],[-1.09484664526988,50.6944172914142],[-1.09362054763937,50.6958004573975],[-1.08778649335556,50.6951007914447],[-1.07061792501684,50.6876632256325],[-1.06983492669321,50.6838808681837],[-1.09470570418184,50.6719836599657],[-1.09763838860091,50.6658298781028],[-1.09805247534114,50.6652268156224],[-1.10894638097618,50.665509215311],[-1.10903167302575,50.665496941482],[-1.10931640283207,50.6654559676493],[-1.1202723242994,50.6638787980237],[-1.12348871274578,50.6637202861312],[-1.1247409018751,50.6632351822105],[-1.13259640027527,50.6621032851691],[-1.15190026551263,50.6543604642162],[-1.15223137860683,50.6541660423947],[-1.15226244720119,50.6541478003473],[-1.15259660267148,50.6539515884185],[-1.1600838413646,50.6495545001778],[-1.16045416271274,50.6493369855962],[-1.16600493090572,50.6440022644493],[-1.16901541739167,50.6368427259109],[-1.17069478022835,50.631332995464],[-1.17070370281314,50.6312843249786],[-1.17329784567859,50.6171273469983],[-1.18120092731387,50.6000004333636],[-1.18260622067861,50.5983951851549],[-1.19621872408103,50.595115375823],[-1.19964430364874,50.5942887388772],[-1.28923538051669,50.5771537347521],[-1.29964623292,50.5759040273835],[-1.30289993742167,50.5763978227896],[-1.3043636348177,50.5772555184911],[-1.31816381545215,50.5894543077931],[-1.33946516395556,50.6017897881434],[-1.35060890195436,50.6056684561893],[-1.36672636994685,50.6138411937079],[-1.37393834078341,50.6180151235932],[-1.38252464168359,50.6229829583649],[-1.38942672531088,50.6270142424196],[-1.38955505750282,50.6270494134296],[-1.38985166317769,50.6272209548419],[-1.40569922483409,50.6315245970973],[-1.43568422703762,50.6401561865775],[-1.44726963068313,50.6434882930824],[-1.45529059047808,50.6477251026625],[-1.48411274947434,50.6666353380828],[-1.4843345131806,50.6666277911943],[-1.48449901538063,50.6667487024508],[-1.48497825227426,50.6668065752788],[-1.48518299364819,50.6669477965988],[-1.5110357638081,50.6700032650005],[-1.53242507134907,50.6667927020559],[-1.54915063074329,50.6644039011438],[-1.58650278245235,50.6631169491324],[-1.56987050145873,50.665365095541],[-1.56987017026566,50.6654233140755],[-1.56982476836565,50.66555623474],[-1.56933009307736,50.6656281259125],[-1.56946282592416,50.6699744855591],[-1.55075100156661,50.6774917154244],[-1.54897819354726,50.6778656665697],[-1.54848996014499,50.6783996927507],[-1.54843746308858,50.6784207731161],[-1.54821201104999,50.678676541385],[-1.54800292728708,50.6787296370207],[-1.54786730124115,50.6790675975901],[-1.54754456637582,50.6794337179624],[-1.53825131911865,50.6895953952219],[-1.53820388613848,50.6897371040281],[-1.53804738217164,50.6902046692079],[-1.5366630227744,50.6917742232769],[-1.5356001853704,50.6920417188856],[-1.53502351614102,50.6936329010263],[-1.52395351417195,50.7061780003307],[-1.52379131514764,50.7062618242684],[-1.50298577036132,50.7067351420544],[-1.50967039709627,50.7058149548162],[-1.50457226778353,50.7046764153411],[-1.50493588646663,50.7013321945853],[-1.50279396415519,50.7030208214389],[-1.50338109431954,50.6971215635769],[-1.50226385442806,50.6995360184196],[-1.4998352834462,50.6979536864391],[-1.50340420336797,50.6968893360331],[-1.50802907347937,50.6960305693783],[-1.50388346545576,50.6951402062314],[-1.50509146036756,50.6936671917479],[-1.49905982817654,50.6942186606568],[-1.50194540847583,50.6952442032627],[-1.4980086136445,50.6980098451588],[-1.4978537377953,50.6981186373015],[-1.50134966395385,50.7009673574149],[-1.50004609967704,50.7007141170057],[-1.49743812617385,50.7002074202595],[-1.4967568814384,50.702704483186],[-1.50100840509995,50.7017271699998],[-1.50391018583695,50.70567304273],[-1.49345417894791,50.7069017426616],[-1.48953817489038,50.706849062212],[-1.48706989053732,50.7068152811727],[-1.47620868416264,50.7089261229222],[-1.47011842537386,50.7096403862143],[-1.43468636472833,50.7232910598395],[-1.42799173879371,50.725868071311],[-1.41577793187711,50.7251606327279],[-1.41205712689479,50.7245604154246],[-1.42116745370044,50.7246726916925],[-1.41196104310128,50.720800934099],[-1.41307316502437,50.720462442753],[-1.41826181648191,50.718882992623],[-1.41246284709713,50.7189608428904],[-1.41552195679449,50.7152387667705],[-1.43723288401198,50.7025005974362],[-1.41604749603221,50.714117541588],[-1.41352937171056,50.7154509405222],[-1.41303627021256,50.7035437485043],[-1.41290007072832,50.7115098054481],[-1.4070236541655,50.7085558837714],[-1.41219349002374,50.7143415835933],[-1.40244361442605,50.7092928256688],[-1.39972328970796,50.7107770630934],[-1.40929456323759,50.7159082201788],[-1.4099015090023,50.7164919353497],[-1.40783576374849,50.721257512246],[-1.40347938499462,50.7244571192545],[-1.4087447148476,50.7179246199918],[-1.40918399744268,50.7160891415634],[-1.40394236051302,50.7208491400326],[-1.39989415065201,50.7165918031101],[-1.39742936720994,50.719174385758],[-1.39226301873653,50.715532389326],[-1.37952121530057,50.7163383087813],[-1.37667300499211,50.7106468057879],[-1.37932903706301,50.7174628252164],[-1.36992457213877,50.7198235943614],[-1.38924155968313,50.716634277893],[-1.39521034127393,50.719744702501],[-1.38971857547376,50.7200076073489],[-1.39277235648464,50.7227095154764],[-1.38614325931585,50.722636044908],[-1.40008250348922,50.7241467388068],[-1.3959829009903,50.7263224586354],[-1.40405227662706,50.7265965992868],[-1.40243226751381,50.727882304706],[-1.35332978714586,50.7390865604206],[-1.34787328380789,50.7446694022248],[-1.31557239396906,50.7660488424902],[-1.31151908373632,50.7666881148072],[-1.31096335619433,50.7667740598969],[-1.29672729130641,50.7620088281514],[-1.29543530883191,50.7600150509805],[-1.29537672870629,50.7599787400939],[-1.29218869371711,50.7580025487089],[-1.29253971576834,50.7564445771013],[-1.29383038663976,50.7507151452024],[-1.29385961796168,50.7505853640006],[-1.28776132678747,50.7341389720291],[-1.28745856317761,50.733862550393],[-1.28292173108355,50.7297199501257]]],[[[-1.09259884047015,50.8150475317129],[-1.10164342831192,50.8136706101516],[-1.09803663842497,50.8203004373683],[-1.09259884047015,50.8150475317129]]],[[[-1.00531638074112,50.8337934113197],[-1.00237994162694,50.8293239689987],[-1.00897035920441,50.8333163600221],[-1.00531638074112,50.8337934113197]]],[[[-0.96910319746011,50.8345330488794],[-0.970280425601462,50.8307259117336],[-0.963643218391542,50.8334334163732],[-0.957278996215084,50.8313092648],[-0.951026190824232,50.8239788880996],[-0.957602769372298,50.815798451951],[-0.957057022449932,50.8073429334254],[-0.961209020723093,50.8113512200491],[-0.971052405120429,50.8106424409905],[-0.961723438876531,50.809272118543],[-0.965169303953304,50.8065211656047],[-0.970987782049813,50.8079683480807],[-0.971313739605224,50.808049409123],[-0.973387965922701,50.80879695544],[-0.971467190102528,50.8063943585184],[-0.970882114188852,50.8056624636445],[-0.968970797226884,50.8027409172838],[-0.958607335379369,50.8047011723958],[-0.958131770921413,50.8044064614595],[-0.957138376719738,50.8037908285985],[-0.952966420738481,50.8010332485766],[-0.95305930858341,50.8009262927766],[-0.95706379383582,50.7991243570385],[-0.956449949588187,50.7970217427618],[-0.956150200039041,50.7959949378619],[-0.955824634932635,50.7948796471106],[-0.955484265733958,50.7937135844154],[-0.96273510069016,50.7894579877714],[-0.96786139643599,50.7901490906391],[-0.967338515464135,50.7871525640212],[-0.957552236915261,50.7897877478385],[-0.95130748967383,50.786906250576],[-0.951194460507159,50.7842172605302],[-0.961422624532384,50.7822249939807],[-0.949271372155985,50.7831207995632],[-0.943205639509742,50.7867127095724],[-0.937011508039178,50.782532335031],[-0.936808134788176,50.7868111146276],[-0.936469449377521,50.7781541096916],[-0.940441516123265,50.7777455840256],[-0.963108051645205,50.7799677644998],[-0.978701192689505,50.782625527711],[-0.98309389607669,50.7829449875035],[-0.991125074537772,50.7835286223966],[-1.00705723302044,50.7849879871001],[-1.00856664028997,50.7847941763614],[-1.02018584338791,50.7856357770951],[-1.02533099192435,50.7953983373186],[-1.02422897372883,50.7954714565273],[-1.01988901418045,50.7957593112073],[-1.02022574538205,50.7954379452022],[-1.0219476832304,50.7937944960562],[-1.01759437014897,50.7924512765454],[-1.01731594851385,50.7951774013367],[-1.00586428314064,50.7932872746079],[-1.00136170080273,50.7952779736957],[-0.994896275669133,50.7981358972598],[-0.983331962594238,50.820759156309],[-0.986794980331782,50.8269018327409],[-0.977800813628966,50.8329991929237],[-0.96910319746011,50.8345330488794]]],[[[-1.04423118218365,50.8316944126489],[-1.04235340140659,50.815641907004],[-1.04229269839533,50.8151067627567],[-1.03924330210301,50.7983779737646],[-1.03887485682086,50.7969144786154],[-1.03854143725673,50.7955900286861],[-1.03830522643681,50.7946516766106],[-1.04400290835515,50.7901642864033],[-1.03808270131539,50.7910718423425],[-1.03199334450838,50.7920050015499],[-1.03065982897167,50.7955249604126],[-1.03209702078451,50.7867846224977],[-1.0644725654605,50.781168407213],[-1.08462603890223,50.7779840233924],[-1.08854484716758,50.7777424875362],[-1.10023193748347,50.7846337346833],[-1.10090378193628,50.7850567217997],[-1.10967244295408,50.7915422205449],[-1.1056710619861,50.7911123001222],[-1.10862644907642,50.7961466909748],[-1.10875613260052,50.7963677694575],[-1.10883211974156,50.7964973084643],[-1.10584452200622,50.7970434843218],[-1.11124937487272,50.7985380766537],[-1.11151248696923,50.8069645902954],[-1.10373774415546,50.8057018432061],[-1.10399281701702,50.8104700595753],[-1.09250445039372,50.8091761810638],[-1.09133832534436,50.8090447808352],[-1.09049054528629,50.8116272396763],[-1.09685880773377,50.8112927629952],[-1.09120966830241,50.8148019506299],[-1.09065466822102,50.8168462578166],[-1.10021521689139,50.8269101105464],[-1.0960895515273,50.8281253226751],[-1.09297900994103,50.8290537432037],[-1.08775794158093,50.8261049073185],[-1.08561071785047,50.8249312583334],[-1.07660783193164,50.8367971223187],[-1.05475204494628,50.8334048763066],[-1.05471109353064,50.8333981530624],[-1.04950585573593,50.8325435156171],[-1.04423118218365,50.8316944126489]]],[[[0.676507130024316,51.3925512210171],[0.672607382371696,51.38977196703],[0.670533435232856,51.3943702558407],[0.682059664687934,51.3963213313544],[0.676507130024316,51.3925512210171]]],[[[0.614643851364023,51.4004466705878],[0.615324178551404,51.3953841229014],[0.61156097058342,51.3997365410907],[0.603388365956422,51.3938329616353],[0.597014785817756,51.3960797897663],[0.595128335286905,51.4002164415197],[0.608113907189036,51.4015436382047],[0.614643851364023,51.4004466705878]]],[[[0.564435834328907,51.4079545418085],[0.574611573011941,51.4050136157666],[0.579464870558879,51.4068829072556],[0.582572584376833,51.4031341853723],[0.561520430470315,51.4022334214046],[0.564435834328907,51.4079545418085]]],[[[0.691199231999407,51.4116741203557],[0.694536882817616,51.3966268940346],[0.680355249781893,51.3999471100885],[0.672639129239268,51.3984055078142],[0.671378445792679,51.4070684332994],[0.665928519130536,51.4062823343678],[0.672103097763797,51.4101737462213],[0.677909185210685,51.4063887908945],[0.675070837748216,51.4087101923606],[0.68249432838637,51.4089803021655],[0.682969207446559,51.4126452811321],[0.691199231999407,51.4116741203557]]],[[[0.638913923900006,51.4212668831784],[0.638491997773013,51.4164889533816],[0.636958804927212,51.4196632246311],[0.629883738779221,51.4210516455041],[0.633850979082726,51.4238271128173],[0.638913923900006,51.4212668831784]]],[[[0.686969928801202,51.4222752183707],[0.687828097002103,51.4143462380993],[0.680518944825991,51.4192408710354],[0.676310720169763,51.4192767653696],[0.672311526334751,51.4134760833166],[0.668088464927327,51.4204841327452],[0.660113688435495,51.4175876614239],[0.66700183993546,51.4239086007268],[0.686969928801202,51.4222752183707]]],[[[0.638316450414561,51.4275994263073],[0.633151989594985,51.4269565040907],[0.636621967698649,51.429429157828],[0.638316450414561,51.4275994263073]]],[[[0.658144775252846,51.4396251359855],[0.650279889439622,51.4390468534577],[0.654086491433999,51.4423279808341],[0.657287521284768,51.4416160067432],[0.652955609325572,51.4402490719954],[0.658144775252846,51.4396251359855]]],[[[0.658562665695052,51.4479350139327],[0.661211601884388,51.443737692295],[0.655529088820357,51.445439576151],[0.658562665695052,51.4479350139327]]],[[[0.902019423826626,51.41649050846],[0.911493190502033,51.4064274343202],[0.938176834545083,51.3898286030408],[0.951024989787225,51.3734796267971],[0.943659186307583,51.3674849732086],[0.943561580214593,51.3703332330578],[0.937273275175206,51.3705549515886],[0.921363488901706,51.3598412170696],[0.897167768282596,51.3543359750737],[0.881073414545734,51.3577847428966],[0.874548976977892,51.3637976544867],[0.871589864149841,51.3638988104337],[0.858344452992976,51.3643506799109],[0.857587703227935,51.3703332217298],[0.856853160609674,51.3649743955466],[0.849415664276802,51.3706510550602],[0.83935407614591,51.3705985818389],[0.850705210920254,51.3670993389676],[0.850392452322052,51.3639607811816],[0.843784912196368,51.3635637582138],[0.806285518209497,51.3721779156716],[0.805958846059795,51.369796964207],[0.796340708793607,51.3685572960392],[0.796975443080189,51.3706944316648],[0.791983651520665,51.3700597977374],[0.788106767537405,51.373391787254],[0.780629516837981,51.3706608084485],[0.782684917465582,51.3690119281097],[0.773588792479123,51.3677453843928],[0.765014595193675,51.3707918860802],[0.765507837120967,51.3774979003171],[0.77029844199816,51.3792411566307],[0.76426482338305,51.388232055303],[0.751409948692771,51.3911257038024],[0.751374813125351,51.3913540751819],[0.750858710068596,51.3947084713775],[0.731033222347362,51.4013736082002],[0.721502840029973,51.4144703159104],[0.732135030122885,51.4090261647353],[0.740595074530389,51.4112300836497],[0.742854868543226,51.4151961713856],[0.741219182244334,51.4151224804381],[0.736304499389471,51.4211185506332],[0.736594700272609,51.429792509994],[0.736635367848672,51.4298411644817],[0.745484642526073,51.4404254745278],[0.744648772436859,51.4472930756015],[0.769415508324849,51.4407788123452],[0.790946160681167,51.4393149324845],[0.791602397131471,51.4392702531539],[0.815472781213597,51.4279341785404],[0.836357977767097,51.4253967034772],[0.837342430132024,51.4252770002117],[0.875235301636961,51.4220599151752],[0.883970868849043,51.4213164237011],[0.902019423826626,51.41649050846]]],[[[-0.627446652788111,52.1815454674071],[-0.630687617590423,52.1550241210245],[-0.640765866741152,52.1528176271751],[-0.635451654776416,52.1392536199736],[-0.607249381411581,52.1338687508704],[-0.591810331121503,52.110691887186],[-0.66897597717708,52.0487168398621],[-0.643047384421451,52.0372494375455],[-0.640200287337004,52.0240657817183],[-0.650960161931678,52.0185469830642],[-0.643460193916601,52.0109005916404],[-0.661689665376442,51.9997363844313],[-0.645680806107934,51.9722283103994],[-0.653016974736432,51.9692494361716],[-0.702156753865155,51.9091191125534],[-0.69330888065816,51.9003480540477],[-0.672969117918549,51.9017527146068],[-0.651985919199778,51.8868522838139],[-0.6200891563295,51.8854855168653],[-0.583563578497735,51.8703238397593],[-0.537619262375032,51.8314728021354],[-0.543730170171154,51.8245761848853],[-0.553613859712542,51.8267529272763],[-0.560656237503438,51.8300826295858],[-0.581825667306615,51.806905442703],[-0.632939595714382,51.8199461865563],[-0.667245098413583,51.8158052615608],[-0.695449593789591,51.8411106759714],[-0.686770330064733,51.8492206300472],[-0.696426502919578,51.858157339537],[-0.717415813900058,51.8571598157202],[-0.745841415726905,51.8418443942057],[-0.724234882170819,51.8181444124443],[-0.709295276544129,51.8205395951875],[-0.685394264649477,51.8001859203001],[-0.690190999010661,51.7923392099107],[-0.670126919039173,51.7664681620104],[-0.612935985356938,51.7474272551457],[-0.586379726976092,51.7521159494782],[-0.57487874585542,51.7369685241256],[-0.553645081612158,51.7340179568723],[-0.550413609644404,51.7230428893424],[-0.563209678177221,51.7118798626502],[-0.544017145197112,51.6968174717823],[-0.54868869522748,51.6826545439468],[-0.5242727897625,51.6821126548307],[-0.505107856324304,51.6730768926407],[-0.520994790005152,51.6680453777499],[-0.522777811384923,51.6583975681654],[-0.536891506831177,51.66062447194],[-0.539260817248429,51.6380393903589],[-0.520534550264269,51.6019076648026],[-0.500595886737316,51.5996898986458],[-0.476620654293635,51.5591888368951],[-0.495487343928382,51.5385452300165],[-0.4832235109622,51.5070849116577],[-0.490024731164425,51.4947476343761],[-0.509807321692741,51.469207263699],[-0.458723754309907,51.4563417400208],[-0.45646755928571,51.4381066796859],[-0.39131707100993,51.4223154118767],[-0.383350026681253,51.4085382950892],[-0.359139332144209,51.4119031604173],[-0.327817849624804,51.3918371417138],[-0.317697879461912,51.3936670793324],[-0.307365443633207,51.3783835450886],[-0.330510146371957,51.3484194351447],[-0.330655551869037,51.329009638114],[-0.30618917299884,51.3350755647039],[-0.288469327282705,51.3621278871387],[-0.260996427671818,51.3795939509652],[-0.245027866580531,51.3800591554688],[-0.245382434157475,51.3668892943279],[-0.222736428311044,51.3570860723604],[-0.217264425534208,51.3433870908022],[-0.229822682346971,51.3365228045655],[-0.220841625332819,51.3298019706872],[-0.197319340394251,51.3435951598667],[-0.156523624561657,51.321485286252],[-0.155317700345265,51.3012743937466],[-0.137245888383678,51.300763842139],[-0.124301850029936,51.2867904031611],[-0.0912237418672903,51.3014752290573],[-0.0789130205771895,51.3197699387298],[-0.0513072247610965,51.3224522765565],[-0.0379200854497904,51.3387247432932],[0.00225531192400326,51.3291348341144],[0.0150093784679093,51.2917860691426],[0.0329094179322316,51.3075209105802],[0.042396497430127,51.2926730467214],[0.085693083414603,51.2930842265565],[0.085029299988601,51.3160232043694],[0.117900333226097,51.3296471000251],[0.118456303441167,51.3441477823276],[0.136958108456318,51.3441746048812],[0.152057738933261,51.3696937046945],[0.147741030714359,51.3928010018088],[0.162384150043184,51.3924903020233],[0.148869410494427,51.4084291280153],[0.152932433172376,51.4087084813763],[0.155875040956964,51.4308765823218],[0.164328170821928,51.428584960395],[0.172844869107023,51.4432871508992],[0.203374621646498,51.4543154579914],[0.221044799984653,51.4786175022421],[0.239670421075236,51.4685840692059],[0.254992205884017,51.4627880903359],[0.255652843346682,51.4625380999197],[0.276519122502966,51.4535684997638],[0.278485527771372,51.4538244710105],[0.294264791702122,51.4558772410417],[0.30179608298225,51.4610266843233],[0.307304466032726,51.4647918632747],[0.311043895074943,51.4637415589658],[0.309946490854417,51.4669594206122],[0.315278529325664,51.4649943797151],[0.315318057908445,51.4649798118405],[0.328482980589554,51.4508441990386],[0.325163825661595,51.4503353641567],[0.348033769156636,51.4468119229317],[0.353729766497946,51.4459335479845],[0.355894693107856,51.4455996136307],[0.356374694036826,51.4455868164576],[0.369693379841237,51.4452308446644],[0.393177829248725,51.4440001883913],[0.405479531479915,51.4433536018945],[0.406564619600801,51.4432964960946],[0.427029372087716,51.4465403239904],[0.428428830496027,51.4467620020971],[0.443243411080802,51.449498621339],[0.45850983378548,51.4552422512034],[0.459301472726115,51.4555405465562],[0.457863575310779,51.4578206663778],[0.457565560198211,51.4582932090629],[0.455930347959668,51.4608858691838],[0.454310834253017,51.4634533375208],[0.458349962306228,51.4660091911741],[0.46761843428857,51.464201910678],[0.457874861059614,51.4669472878616],[0.468743597230634,51.4827715522523],[0.481491396074262,51.4871629918744],[0.529312810286617,51.485195906764],[0.530583072748773,51.4851433884215],[0.547005324745015,51.4870463276465],[0.553635220224846,51.4849423698579],[0.554562045035346,51.4813714750969],[0.559953741354911,51.4846957191627],[0.574545954216846,51.4842656879642],[0.581329728756614,51.4803225946171],[0.582489838599842,51.4796481714454],[0.585781233209322,51.4844404064317],[0.59099918162024,51.4833795488009],[0.610500456006954,51.4794122054164],[0.615237628800612,51.4750832082893],[0.642301431602885,51.4790678582897],[0.659983867168387,51.4776769830092],[0.669693547793596,51.4750028034865],[0.671328618731534,51.4690952622616],[0.674753977963859,51.4680504709286],[0.671236258818385,51.4721975570612],[0.686039395389154,51.4750953903679],[0.703174915090527,51.4712712920477],[0.720386019001547,51.4597369951011],[0.722708359545191,51.4537641553571],[0.723245914245339,51.4434967108672],[0.710285623311776,51.4348165232554],[0.675501873781444,51.4335515207182],[0.676654119631884,51.4387884642708],[0.668998433876607,51.4437262042941],[0.672095123587682,51.4479322152363],[0.663514946631934,51.4436251422301],[0.662221518108075,51.4477134742226],[0.656010750846126,51.4492240783769],[0.645112477977836,51.4433843451895],[0.635814795441336,51.4462226450498],[0.633434631384088,51.4412539461587],[0.629564702628731,51.4417006422516],[0.633136336482891,51.4449481585375],[0.62869585516671,51.4423595512216],[0.628902159511501,51.4376826148607],[0.619544666982939,51.4368830103684],[0.619130831836547,51.4353035519736],[0.618532799276835,51.4330208739623],[0.61764162784895,51.4309929407527],[0.612448943455794,51.4296429513239],[0.610137919148001,51.4226171087892],[0.605211185230282,51.420496217794],[0.613591817471719,51.4228955181457],[0.618297224993446,51.4286832647333],[0.625179599482746,51.4235809253253],[0.610866385052462,51.4174042897816],[0.587201216227894,51.4162586713378],[0.576660088460681,51.415746814298],[0.563533826149856,51.4095409873882],[0.546972649596005,51.4120765246019],[0.537995771812742,51.4124313097141],[0.532385454358505,51.4126526892089],[0.522912218953276,51.3997966746468],[0.516320201019939,51.4010329223273],[0.522986227182469,51.3980089945012],[0.518957858840061,51.3869750851834],[0.507116743377568,51.3968559394086],[0.506678019409273,51.3966245688714],[0.499629562104465,51.3929295339853],[0.49285478693765,51.3918401971019],[0.491953531526442,51.3916952558642],[0.493357404825218,51.3916869615848],[0.497022122101514,51.3905695776907],[0.499249764409765,51.3916520132979],[0.500123410258311,51.3916468485123],[0.501366086665237,51.3916394904683],[0.50171107099614,51.3916374456485],[0.501982424999534,51.3917431962554],[0.508643685189527,51.3943385332675],[0.509083354028894,51.3927650137787],[0.511020337651678,51.3858323905939],[0.513837485391827,51.3856464103661],[0.520894677336303,51.3851801195997],[0.52254435937189,51.3850710587366],[0.53210693227338,51.4015678425127],[0.537174124721616,51.4103051528523],[0.548219439352305,51.407597549873],[0.554600887071531,51.3998522701256],[0.555225754533474,51.3990936719351],[0.558686583839698,51.3962614976596],[0.561931696477051,51.397911941138],[0.560969209700235,51.3948140325981],[0.578108512784405,51.3912001208995],[0.581993738559095,51.3903804773635],[0.582379868943708,51.3902990097663],[0.585736634895553,51.3903027554065],[0.592670131145006,51.3903101864996],[0.59463797427138,51.3864487827875],[0.596994994121358,51.3881944490311],[0.602144396925179,51.3906345114808],[0.597169363775774,51.3878604689889],[0.598807699613964,51.3847222321305],[0.616297375930775,51.3779268551228],[0.621935826320594,51.3827646424678],[0.619231580898711,51.3884876227659],[0.63241095846628,51.3890024972411],[0.635622562234275,51.3869533919614],[0.628569165383773,51.3827785014414],[0.624810784741108,51.3810643044718],[0.62253090346988,51.3760301798216],[0.625078644058274,51.3752773202731],[0.626927098579493,51.3747310490736],[0.640903954263681,51.3875381495957],[0.639939999193337,51.3950868245995],[0.648018280128286,51.3976009888512],[0.659647215083668,51.3918350940283],[0.660316718734981,51.3838998446545],[0.66320599485889,51.3853658789407],[0.662591741294943,51.3827328925681],[0.666856528342941,51.3830595493231],[0.666671808413092,51.3795872360721],[0.666641485246801,51.379017174341],[0.666871178503406,51.3788639831577],[0.6716996732238,51.3773532040133],[0.670065397523827,51.3733009985029],[0.682529407119001,51.3803435401528],[0.686488701397093,51.3915519774466],[0.698161822243421,51.3941429770454],[0.70314566629449,51.3917688125536],[0.69474483818232,51.3849514567992],[0.695285660677322,51.3798223137793],[0.713540880278358,51.3839501499076],[0.719187552877468,51.3881822774487],[0.705602106443239,51.394565025189],[0.706478837631449,51.3980191723802],[0.705145361743755,51.3950108459907],[0.701780352159101,51.3957279935342],[0.704584477940573,51.3985162179135],[0.700348420638372,51.3987784929096],[0.695894033644864,51.4072832742972],[0.698584478441736,51.4096002753942],[0.700315830446945,51.4093065390776],[0.697952968820435,51.4146416114584],[0.697726389981625,51.4151531326399],[0.698937274215735,51.4214003662417],[0.708003495789632,51.4197576013046],[0.727977427880636,51.423589955274],[0.729682171383601,51.4209581961465],[0.714703442480433,51.4197753013072],[0.728720267910784,51.4202421655941],[0.73226780037907,51.4150140136584],[0.723723202381617,51.4173669854587],[0.716859003235301,51.4140887848202],[0.716940133060131,51.4139647839535],[0.720491370911279,51.4085362666325],[0.726436540736452,51.399018430407],[0.726931078874957,51.3988437041286],[0.735899413635428,51.3942743620521],[0.736601799779736,51.3961179463269],[0.742793384439681,51.3943749444414],[0.746015194341353,51.3920985312769],[0.758510700924964,51.3832670699586],[0.762826106628123,51.3843940140568],[0.759672840981839,51.3713833627103],[0.75950672886319,51.3706977516748],[0.764794268508334,51.3630820746127],[0.762741565470629,51.3625164812165],[0.757030918941361,51.3609427197916],[0.754221797984762,51.3528701427358],[0.75410387149945,51.3525311887009],[0.743775934087206,51.3469465689899],[0.741333243365005,51.3457487541694],[0.741322741845125,51.3456153520578],[0.754362156854587,51.3503719657266],[0.756799208411742,51.3547136172393],[0.760169306254271,51.3607159514813],[0.779249425136983,51.3615936045379],[0.77934939240083,51.361584225164],[0.814325878592542,51.3582969330704],[0.809184211661689,51.351538036641],[0.813485739713228,51.3495519301114],[0.811167113296509,51.3521362430023],[0.817172007554753,51.3563846988062],[0.837533149209902,51.3538380117381],[0.862759338185725,51.3563100041828],[0.87101841620203,51.354758848553],[0.875815422427481,51.3538575939706],[0.897630039101061,51.3444082918346],[0.896922432215572,51.343118057842],[0.895316838643884,51.3401901667249],[0.893122915189831,51.3361887571814],[0.892700081540241,51.3354174795812],[0.894522204308626,51.3363857666996],[0.898902658413543,51.3339667501524],[0.908438250349256,51.3352730518207],[0.909937937655363,51.3354784190533],[0.907185050666276,51.335611796741],[0.90385907641411,51.336510733007],[0.90204403830648,51.3358607048711],[0.896401681792267,51.3361716047404],[0.896732044021021,51.341463319704],[0.919042979012452,51.3457176622658],[0.950265339958116,51.3457638937328],[0.997763933217489,51.3475622346186],[1.01148347274443,51.3517395064367],[1.02449903614871,51.3636305271468],[1.02511714929672,51.3638391631418],[1.02770251674596,51.3629446050822],[1.02603501177794,51.3639208241816],[1.02579175232243,51.3640632318675],[1.02853666621903,51.3649625561648],[1.03318205477243,51.3655946372013],[1.05335867698933,51.3656250581929],[1.05424391853995,51.3656263149273],[1.06939832238278,51.3693441161268],[1.08173912654582,51.3681955070599],[1.08228197404652,51.3681449504428],[1.09510586786096,51.3686260373198],[1.1021519589929,51.3724648270011],[1.10249064285805,51.3724701191728],[1.13669587893635,51.3729995681935],[1.15965109832819,51.3741713659069],[1.16550346588554,51.3744698157444],[1.16607667059378,51.3744990318572],[1.19934081579015,51.3798553609765],[1.2241829236227,51.3793359474873],[1.22484215135573,51.3793080450132],[1.26320940220487,51.377681379537],[1.28015673354218,51.3781952974128],[1.28916694422635,51.3823258066277],[1.30234060768466,51.382432658068],[1.31977608828218,51.3819306812101],[1.32070316588372,51.3819746106948],[1.33115366385493,51.3824692895823],[1.33368021052041,51.3850888851647],[1.33924178236131,51.3858440621501],[1.34490357561157,51.3851739719164],[1.34520972127283,51.3851377302484],[1.3743196053089,51.3874202609683],[1.3746523575714,51.3874473140191],[1.37888554679016,51.3877913854228],[1.37859957317996,51.3911799331205],[1.39034047733743,51.3927688946536],[1.40298471852165,51.3922892927081],[1.40390806089305,51.392352486173],[1.42492483282119,51.3937887717512],[1.43473915054955,51.3892959773096],[1.43509146461748,51.3891946492793],[1.43520024275902,51.3891633636475],[1.44124466970522,51.3874247106477],[1.4428956432807,51.3861076884831],[1.44299683436132,51.3859774565472],[1.44271396639035,51.3847980419339],[1.44505415410662,51.3833295602264],[1.44753399513297,51.3801374337102],[1.44958517398544,51.3774967277419],[1.44678475921496,51.3701690618453],[1.44601263969038,51.3681481972266],[1.44581716052751,51.3676365420178],[1.44345436579516,51.3581138215649],[1.43633136690188,51.3426241924248],[1.42994528638211,51.3361736566517],[1.42524436772318,51.3303163425881],[1.42490831057723,51.3298975503216],[1.42468182646303,51.3259930963434],[1.42320345571096,51.3313764659113],[1.4181076040947,51.329175282897],[1.4216776259355,51.327660532512],[1.41458339233029,51.3274845283574],[1.41538763025354,51.3238714560925],[1.41160577966693,51.3239089943823],[1.41143755903544,51.3239106616247],[1.40926222811419,51.3268787042116],[1.37689618483466,51.3296017036786],[1.36584660196252,51.3249817945439],[1.36166989784211,51.3196184092337],[1.36315385558438,51.3135714432928],[1.36025474360448,51.3161463735181],[1.36245925542875,51.3133764258615],[1.35820153581783,51.314448617741],[1.35795522222024,51.3118695533268],[1.35791820184316,51.3114818881391],[1.35618843638307,51.309326933421],[1.36434207197722,51.3124241265133],[1.36655156762372,51.3132632468805],[1.36760031676848,51.3133931453003],[1.37827836604297,51.2903554891627],[1.39171439858796,51.2613365600123],[1.40313170828072,51.2342008030162],[1.40471030569606,51.2214914986041],[1.40495811034887,51.2154531414702],[1.40495953098473,51.21541850565],[1.40537508048024,51.2041711740248],[1.40566858030088,51.1894067191474],[1.40106443053318,51.1651813883858],[1.38832822367456,51.1515494472903],[1.38646388202752,51.1505019377902],[1.38626653759927,51.1502419744448],[1.38237503349181,51.1451742331322],[1.37957862132471,51.1421788475566],[1.34360357913591,51.1313756612932],[1.34358811415756,51.1306565455287],[1.34358753696884,51.1306297133371],[1.34358375300563,51.1304537402544],[1.34274081214762,51.1302157558597],[1.34335665623229,51.1220627461711],[1.34315672044726,51.1234465759129],[1.34271928514151,51.126889738749],[1.34266500235859,51.1268969371024],[1.34245676419281,51.126923520278],[1.33849758732542,51.1274329086775],[1.32712682632756,51.1251604740783],[1.32670399196937,51.1255965237227],[1.32602646248942,51.1254002988353],[1.31729645896306,51.1231992226436],[1.31663433193994,51.1224027882473],[1.31573125196407,51.1221102710478],[1.31360202643253,51.1198501516658],[1.31346573736431,51.1196998523758],[1.31300210963241,51.1191885580448],[1.32006110127932,51.117630078162],[1.3229883860895,51.1141302249882],[1.32200878161011,51.1145637225028],[1.31852001177595,51.1164108605802],[1.31818831079287,51.1162615290294],[1.31124965510622,51.1193444055839],[1.31011119336943,51.1167959120417],[1.31562884442344,51.1151091941029],[1.31473093948468,51.1147049069324],[1.31365510371341,51.114784794437],[1.31447042534673,51.1145876060495],[1.31413683804699,51.114437401589],[1.3248199348157,51.1120061486657],[1.31270435892213,51.1144105300653],[1.30167980548908,51.1133192501706],[1.29984274753177,51.1126912926838],[1.27860572006368,51.1054284880665],[1.2639604687574,51.1022658751084],[1.26140051744224,51.1026372249533],[1.22108286534227,51.098091677472],[1.21934899027893,51.0974886634166],[1.20581199960096,51.0927795708385],[1.19929294414451,51.0832216462161],[1.18571957692849,51.0795714784135],[1.18592724423007,51.0794901521636],[1.18550583066265,51.0794221395592],[1.19481871698083,51.0759701463662],[1.19422128090761,51.075955120971],[1.17849005149343,51.0759529299232],[1.1784238874036,51.0759529156791],[1.17759203636918,51.0759527345171],[1.16301275519442,51.0728437172404],[1.16269685925346,51.0728281989336],[1.16262940962756,51.0728248858048],[1.13899366166974,51.0716614144492],[1.12477946305334,51.0709594601041],[1.1246910662867,51.0709550894447],[1.07580139502044,51.0635145960804],[1.07559834449458,51.0634836072134],[1.06351136725064,51.0586546431543],[1.05840320033433,51.0579790553544],[1.05198265382932,51.0540465977395],[1.03486986014185,51.0472027374316],[1.0346318358262,51.0471075124285],[0.997348035727354,51.0250792552563],[0.978315533189132,51.0040581171357],[0.978174746956862,51.00390253637],[0.977006369378348,51.0026113323006],[0.964140643478175,50.9680805152191],[0.964167365644777,50.9678773863632],[0.966286252995623,50.9517658744895],[0.970738697774562,50.941621658737],[0.981030769390679,50.918155868754],[0.978406567929974,50.9128729195088],[0.978010016149439,50.9128675184479],[0.87789061070156,50.9205261893953],[0.85470608200392,50.9237291413829],[0.854453343103378,50.9237654805079],[0.844483485731208,50.9251984646577],[0.788087914509276,50.9332862800299],[0.772016625616782,50.9312619609906],[0.774608367748936,50.9275991022356],[0.74977468964116,50.9221800377562],[0.709802939988421,50.9019886893538],[0.709553214061611,50.9018410773832],[0.709439908066,50.9017741017669],[0.682527557459008,50.8858574809095],[0.672195251185652,50.8760276396506],[0.664322900748543,50.8717994552841],[0.658637808389318,50.8699506772751],[0.657847469237874,50.8697873660708],[0.624746211697056,50.8630145934236],[0.564787399677822,50.8523443686886],[0.555812629002094,50.8514239521216],[0.543733670564703,50.8501840007312],[0.543455329921353,50.8501357308084],[0.535723470576642,50.8487945608577],[0.51946440318591,50.8469036091176],[0.519118315226333,50.8468614464848],[0.513143449135548,50.8448744717093],[0.503211293760793,50.843147071212],[0.503068878004571,50.8431219852763],[0.476650115459079,50.8372411661285],[0.476173830447649,50.8371350751233],[0.463922492857536,50.8360320786061],[0.463002763041975,50.8359492249742],[0.427619505593781,50.8321604466656],[0.42729989655128,50.8321261721014],[0.37819128075866,50.8204604129695],[0.37782674946964,50.8203737184378],[0.377512425932031,50.8202989635353],[0.359552351184159,50.8134701368102],[0.358345364431831,50.8131050373744],[0.358108132335125,50.8129208040238],[0.349963764592404,50.8098223688659],[0.339196064989785,50.7991565083844],[0.339135865385327,50.7990743178024],[0.338137599866232,50.7977113269503],[0.317268539011165,50.7814977343346],[0.315757204681181,50.7810511698948],[0.315578129016469,50.7809385993705],[0.308847686260925,50.7767071626845],[0.29170922950291,50.7659269952616],[0.291561002774301,50.7658285551456],[0.291531680871911,50.765809081819],[0.271557566118727,50.7525379334104],[0.266592666916154,50.7469964773797],[0.258222661568121,50.7376509694569],[0.242757804699393,50.7352334431504],[0.233926852413498,50.7357251832822],[0.209928430616958,50.7384064264999],[0.209809555861401,50.7384594202801],[0.18876855097626,50.7478356522264],[0.150151991754406,50.758742882332],[0.149966772737978,50.7587951534767],[0.1489427307005,50.7590841486161],[0.142114433501073,50.7570414641228],[0.128409248866213,50.7573593555601],[0.123948852211865,50.7581148432334],[0.104374514098296,50.7660855552727],[0.104016221012269,50.7662781889468],[0.0917298839636094,50.7728698580146],[0.0701346160701455,50.7811891714538],[0.0669967692240594,50.7823974134693],[0.0667733107989352,50.7824834513386],[0.0582396232570472,50.7823088624016],[0.0573153180865004,50.7817041660568],[0.0558055595737416,50.7816368028859],[0.0555888517937852,50.7814464906008],[0.0554168748555909,50.7812954590576],[0.0523842626913872,50.7807059626975],[0.0536164954234246,50.7797142770913],[0.0533731259813269,50.7794796695925],[0.0561469764635921,50.7774153588091],[0.0527240116917695,50.7797835193084],[0.0385578511559139,50.7817453302659],[0.0296788174666348,50.7829739890711],[0.0292848924128239,50.7830497147807],[0.020590293774181,50.7847207077362],[-0.0234251297045346,50.7952111244318],[-0.037931196232616,50.7994406369912],[-0.0379937023440269,50.7994588561227],[-0.0382291560903875,50.7994865691686],[-0.0384591599137172,50.7991967932014],[-0.0417891981011275,50.7995347382688],[-0.0759894864357226,50.8071262430444],[-0.0768267801802015,50.8073674813997],[-0.0918783287492784,50.8117026369662],[-0.0964162168336907,50.8085198190377],[-0.0969801785307016,50.8083680758669],[-0.106161150905902,50.8095552694096],[-0.0967016239295908,50.8085501574228],[-0.0955761824888017,50.8092857963012],[-0.0940620705341734,50.8106663460102],[-0.10720837465994,50.811579926996],[-0.106386422603212,50.8082656524384],[-0.107744154735857,50.8116171283456],[-0.107512914156387,50.8128077700351],[-0.108088630899957,50.81296787752],[-0.113036375470302,50.8143436880582],[-0.123916328630621,50.816358472124],[-0.136919237385358,50.8185711839272],[-0.13702749035309,50.8185884681303],[-0.156951778211792,50.8217677454424],[-0.16693236130415,50.8230919732627],[-0.167948955059791,50.8231816926636],[-0.181287352203268,50.8243581091245],[-0.188929806150467,50.8252406835102],[-0.191675210816595,50.8255576018978],[-0.208372481546306,50.8266789849051],[-0.208414583792303,50.8266838913616],[-0.216037848219507,50.8275720604581],[-0.216618489205312,50.8275952139395],[-0.216786708482252,50.8276018849721],[-0.238016901011962,50.8284409971427],[-0.244998350418523,50.8282071497392],[-0.245788995865103,50.8270349705985],[-0.246414267317815,50.8269775007958],[-0.246005774812351,50.8285307593156],[-0.240145271967531,50.8302194897198],[-0.24802971521177,50.8290863337417],[-0.252095410912602,50.8310953058685],[-0.252299516704684,50.8310967008739],[-0.275306381490799,50.8312516889847],[-0.281328144721502,50.8338788313211],[-0.281700732834149,50.8340413595764],[-0.287500322188381,50.8405307756171],[-0.285601504202168,50.8333814176274],[-0.280241046400709,50.8313316867555],[-0.284245460821656,50.8293265748234],[-0.251545402023221,50.8302643040312],[-0.251499108238562,50.8302244000367],[-0.249083986431717,50.8263287387258],[-0.262924692290451,50.8260894824094],[-0.272917302021477,50.8269606183492],[-0.290227976348295,50.8252219414368],[-0.290541136688821,50.8251904625605],[-0.297636569599865,50.8239799715875],[-0.323324775633451,50.8195933551419],[-0.323544640435031,50.8195557822275],[-0.323878299594848,50.8194987611938],[-0.332299681598633,50.8175375390889],[-0.332510024616,50.8174885432981],[-0.332696992966186,50.8174449916167],[-0.333109681080165,50.8173521452303],[-0.349203325620975,50.8137300309733],[-0.398149552310012,50.8061026731051],[-0.405757176145418,50.8056451767907],[-0.405844120022708,50.8056379733426],[-0.435654760275144,50.8031640970776],[-0.43594348532793,50.8031400981125],[-0.436020660176655,50.8031369151256],[-0.452890726721973,50.8024399020283],[-0.453275929223936,50.8024407033178],[-0.495213051062272,50.8025201453656],[-0.507447141903187,50.8024701633893],[-0.522422858912583,50.8021019580246],[-0.522759216279927,50.8020936653269],[-0.537085269859291,50.8021894304823],[-0.538128372787456,50.8021963379139],[-0.541917426466518,50.8014244410321],[-0.544987226111581,50.8050006620282],[-0.541986677686025,50.8002489983463],[-0.559454260549821,50.7997524682052],[-0.560309184657109,50.7997280963167],[-0.568610123430496,50.7979849886713],[-0.61942344661749,50.789444698014],[-0.627385597818432,50.7884672589748],[-0.642368509846778,50.7873467200736],[-0.642638239439758,50.7872914927896],[-0.658266129183487,50.7840903844282],[-0.658798424936868,50.7839813100557],[-0.659507387057873,50.7838360315769],[-0.671820652030134,50.7818302651147],[-0.672731596887987,50.7816944498286],[-0.688178223768619,50.7793902097573],[-0.716331098958073,50.7742655134157],[-0.716416006237349,50.7742500445114],[-0.728414236525602,50.7711471314808],[-0.732559731073215,50.768905557196],[-0.738579374449917,50.76635663741],[-0.739727163767191,50.7650177486289],[-0.742933399548693,50.7632782568881],[-0.745286604998405,50.762889678547],[-0.743768946164645,50.7628249070573],[-0.751484270613254,50.7586389548207],[-0.752889469898709,50.7602236066256],[-0.752411057129192,50.7606584965236],[-0.749733709597395,50.7615031989414],[-0.750632861188642,50.762274829955],[-0.750329251225059,50.7625507890378],[-0.751691033382283,50.7631828889038],[-0.756888712544955,50.7676426191865],[-0.755373047599032,50.7719161523572],[-0.761526292769063,50.7727158514949],[-0.76309159880609,50.7729192291355],[-0.763961072763756,50.7727047506558],[-0.767056433843205,50.7719411303466],[-0.767485478686677,50.7718352765752],[-0.766801314434689,50.7718690080674],[-0.763369577944058,50.7720381393705],[-0.763304955221468,50.7719653090079],[-0.762997534093699,50.770793583592],[-0.762330937203273,50.7682526899481],[-0.781634377917352,50.7684713639845],[-0.777172550526254,50.7670171662916],[-0.785695615068233,50.7601375070146],[-0.786854383500342,50.7599013473389],[-0.772799075997144,50.7616409846658],[-0.761800601668765,50.7511394885751],[-0.761485524554337,50.7538961413115],[-0.750994762841008,50.7571697403398],[-0.750923322141184,50.7571920286013],[-0.750357758588692,50.7573684706701],[-0.75026867961851,50.7572680039687],[-0.750543247252681,50.7569937335989],[-0.750587256543339,50.7569497710848],[-0.753592872027918,50.7539471393585],[-0.757055100614437,50.7519596442032],[-0.756354471330308,50.7511878591496],[-0.757635459289044,50.7499078197401],[-0.759089931070316,50.7500792468899],[-0.759106909692664,50.7500416343261],[-0.759396059295001,50.7481484128178],[-0.761437866767296,50.7461090501265],[-0.789252307994322,50.7224071927194],[-0.804538668857002,50.7307539364831],[-0.817884745559142,50.7395151596013],[-0.818843748870153,50.7401445302225],[-0.821536944170706,50.7415395745709],[-0.830582586631305,50.7466401307157],[-0.834148003158628,50.7488169695822],[-0.835266255688616,50.7492804602741],[-0.842858878939924,50.7535596391477],[-0.867052207301382,50.7625166839238],[-0.868686932293021,50.7631226421608],[-0.87581374956699,50.7657582373761],[-0.902039961498244,50.7727948546495],[-0.916824395101302,50.780381826557],[-0.912485427384017,50.7888884664118],[-0.908413000068607,50.786538350409],[-0.915622966341174,50.7804426420333],[-0.905274955942435,50.7820385587843],[-0.901269345690038,50.7899030799131],[-0.894474877624861,50.7902076661905],[-0.89289369460465,50.7942998454925],[-0.890755749532505,50.7998317604549],[-0.877796685245669,50.8077127318676],[-0.868706976958658,50.8081314092839],[-0.865990501936546,50.806417957715],[-0.860329485447776,50.8028465656103],[-0.844726907625558,50.7992937119621],[-0.834983005620394,50.8047463973615],[-0.82518078524483,50.8048530154694],[-0.825119481703083,50.8056891331548],[-0.824798932052619,50.8100606494807],[-0.814494508573961,50.8143728049972],[-0.8168611416816,50.8194149591463],[-0.809723993295285,50.8271995358759],[-0.807788772497802,50.8305422604206],[-0.811478222445033,50.8304728913688],[-0.810746291349619,50.8332937200845],[-0.812926745612841,50.8305253821183],[-0.812012552638792,50.833926242174],[-0.817585798321848,50.828552910391],[-0.819744738402361,50.8168694784451],[-0.844574177105394,50.8048543824274],[-0.856969243466316,50.8075476195934],[-0.85585171175828,50.8102957319498],[-0.848777830475894,50.8107467935629],[-0.864755379687986,50.8117109327906],[-0.865838276924668,50.8127046838791],[-0.869938002517346,50.8164663570723],[-0.865638474568407,50.8209571116516],[-0.86313171792558,50.823574905492],[-0.851153603666065,50.8278281724731],[-0.86124487345675,50.828065555241],[-0.858062414524451,50.8394887568607],[-0.861898408580845,50.8379201077167],[-0.865205063505604,50.8388591662301],[-0.870893526400638,50.8404742627727],[-0.868942403918591,50.8342880163698],[-0.874067291002464,50.8325371051695],[-0.865761480984303,50.8269584461597],[-0.871386126511016,50.8239975960172],[-0.87687742861178,50.8114818409104],[-0.892312330433291,50.8185132800719],[-0.897034417453063,50.8288719313713],[-0.892545021997736,50.8347363002281],[-0.89503310792791,50.8385762450104],[-0.908714041068306,50.8377461050976],[-0.913204586293997,50.840078516801],[-0.917302582165629,50.8366182872565],[-0.912399553053592,50.8277119925136],[-0.908304140639035,50.8226737450345],[-0.906891389780626,50.8010055077978],[-0.908003092665566,50.7986040014131],[-0.911025906663843,50.800118797689],[-0.931661147356764,50.8136683577611],[-0.942576239196575,50.8153971820182],[-0.938608045101952,50.8178054852376],[-0.942389967037205,50.8243434680384],[-0.938074198236308,50.8315939654726],[-0.932962836382906,50.8429090301198],[-0.930052183194257,50.8417465880154],[-0.932120686788482,50.8454158299844],[-0.932217173077177,50.8455869697566],[-0.932477907919786,50.8460494372293],[-0.932198851215166,50.8434301496914],[-0.935309558595946,50.8439952712343],[-0.937570439115519,50.8444106095429],[-0.940011964415762,50.841907570948],[-0.951230558650446,50.8440161323528],[-0.956186029832178,50.8396935399286],[-0.956820417797168,50.8397842056071],[-0.957890657690773,50.839937153532],[-0.974458244173659,50.8423034842743],[-0.981420804407408,50.8349280849224],[-0.983378082881504,50.8382384435697],[-0.987563130070159,50.8399529326324],[-0.985976018285814,50.8378230536424],[-0.989645058966675,50.8376588799219],[-0.994739534989422,50.8403113332325],[-1.0011889802698,50.8436684839342],[-0.996649738802726,50.8466394932584],[-1.00090882606922,50.8448818979122],[-1.0007982093221,50.8505832749039],[-1.00078254751953,50.8513917364961],[-1.00100733444943,50.8504338519332],[-1.00274831335135,50.8430144997266],[-1.00318819948421,50.8430192268921],[-1.01990951706716,50.8431977122986],[-1.02062526974649,50.8390588178691],[-1.02116045045486,50.8383058508389],[-1.02186613625835,50.8373129419327],[-1.02171418115208,50.8373512623898],[-1.02158781102454,50.8373831308128],[-1.0184837675862,50.8381658491997],[-1.010246324836,50.8349576637902],[-1.01695548979847,50.8368867299232],[-1.02385767435965,50.8330555701385],[-1.02397328421119,50.8329913907263],[-1.02407161171292,50.8329368052142],[-1.02410384926369,50.829218339698],[-1.0242867861233,50.8263663347388],[-1.03489519311751,50.8293078650345],[-1.03628568799817,50.8353744535101],[-1.04411850438351,50.8321365884638],[-1.05427700367731,50.8338899276589],[-1.07879231501581,50.837217222719],[-1.08916845299701,50.8285950927072],[-1.08844354729689,50.8302599281273],[-1.08791713819815,50.8313508502244],[-1.09497544927682,50.8313345601044],[-1.1062757985556,50.8378619572434],[-1.10327975271944,50.8464001747544],[-1.11384209901434,50.8467994425545],[-1.11181792283721,50.8435013882665],[-1.11395263432284,50.8436771221732],[-1.11604956800975,50.8438497068932],[-1.11608577739555,50.8412684984864],[-1.11434371972155,50.838395985293],[-1.11301359185727,50.83619730067],[-1.11329456480932,50.8361750486886],[-1.12220953104078,50.8356771112003],[-1.1309030024229,50.8372299772013],[-1.14921987099564,50.8405628651827],[-1.15233380516287,50.8411291342923],[-1.15378329778755,50.8447728509702],[-1.15382212728443,50.8447643784266],[-1.15383668408532,50.8448072337574],[-1.167696486803,50.8417380920912],[-1.16778634742797,50.841716523268],[-1.17267102974854,50.8406498675857],[-1.17572208867964,50.8461584149991],[-1.17672068235319,50.8479610202608],[-1.17613930599273,50.8479845881032],[-1.16925900270228,50.8482632735847],[-1.16825966567349,50.850322549936],[-1.16741464254733,50.8520637733135],[-1.16698654697926,50.8529458466725],[-1.16935951262614,50.8495652518224],[-1.17637859969686,50.849031918939],[-1.17896540896825,50.8488352542921],[-1.17899497774783,50.848700798368],[-1.17574846865719,50.8421113891865],[-1.17934678604644,50.8374759789633],[-1.17937389899321,50.8374410474969],[-1.1783921243022,50.8380006351359],[-1.17609982788125,50.8392603342945],[-1.17550484922784,50.8391634104032],[-1.16645190474856,50.8376882225432],[-1.16650488200634,50.8347173395904],[-1.16003679239223,50.8379420794897],[-1.15670260279412,50.8374927093457],[-1.15167107062104,50.834151608739],[-1.150051169683,50.8330929635051],[-1.15025735291431,50.8267689357923],[-1.15479339943076,50.8245398836475],[-1.15503754523539,50.8244198969221],[-1.15712788560855,50.8233925416846],[-1.14950048779999,50.8251268958744],[-1.14577959503564,50.8259727331584],[-1.14094385341218,50.8163066239704],[-1.14019058573636,50.8158610623938],[-1.13967510648339,50.8155561463918],[-1.1238152813139,50.8061718815321],[-1.13120685541112,50.8051794300094],[-1.13606524840628,50.8045268267465],[-1.13444774522871,50.8021170489744],[-1.13382177040983,50.8022549020407],[-1.12373864023064,50.804126373458],[-1.12231569044576,50.8000049828556],[-1.12182887383154,50.7996419311656],[-1.12139100115174,50.7993153731576],[-1.11723046077293,50.7962122102125],[-1.11657262913995,50.7957215118509],[-1.11868510858975,50.7912132399556],[-1.12828138745148,50.7917700694053],[-1.12694717361466,50.7892852583005],[-1.13068465392429,50.788796998008],[-1.13622325447839,50.7903408379741],[-1.13399718157132,50.7887882774908],[-1.13180409650373,50.7872585997352],[-1.13863061979218,50.7851876818321],[-1.13712029039087,50.7851681443703],[-1.13297310336003,50.7851143998619],[-1.12686948545871,50.788290064915],[-1.12492200373915,50.789303164087],[-1.1243592829644,50.7895958830828],[-1.12328547005588,50.7893812748362],[-1.11641588726261,50.7880080658641],[-1.11309827756289,50.7913443969034],[-1.11226658046414,50.789319185453],[-1.12476284110669,50.7821563087746],[-1.13992897369615,50.7745674790117],[-1.14986063190469,50.7783217008502],[-1.14996645651038,50.7783773642052],[-1.1503454677461,50.778576720667],[-1.1613737338442,50.7843760447997],[-1.17595392746296,50.7864525652041],[-1.18100073112445,50.7878676661254],[-1.1838992851201,50.7888189502938],[-1.19297851506746,50.791804857419],[-1.19902465365587,50.7968024228435],[-1.21380226563474,50.8090114061007],[-1.21414762202561,50.8092966359292],[-1.21439389889259,50.8093739020746],[-1.2349270523189,50.8158131673282],[-1.26228120761864,50.8250081597756],[-1.26690582375664,50.8272249568438],[-1.26720873178314,50.8273701419371],[-1.30640856372924,50.8406796699191],[-1.30800554206901,50.845250300765],[-1.3033356212654,50.8485751024763],[-1.30772465610308,50.8631092541489],[-1.30778681572015,50.863315071447],[-1.30500488354849,50.874829614071],[-1.29634545988452,50.8792565562087],[-1.30204106567659,50.8836423255513],[-1.30009648579789,50.8854381750343],[-1.29798132835706,50.8870123437098],[-1.28774012504024,50.8917374990121],[-1.28711886167591,50.8953631010957],[-1.26551163849173,50.8977478623134],[-1.26527971692053,50.8978888459289],[-1.26524777971993,50.8979082597053],[-1.25600813620225,50.903523900663],[-1.26204442214102,50.9037367758635],[-1.26117552232237,50.90296497296],[-1.26102997247959,50.9028329772215],[-1.26282741094703,50.8997822503917],[-1.2652838251872,50.8994018993796],[-1.27907956849998,50.8972650484072],[-1.28081894997402,50.8993710294182],[-1.28023436203594,50.897164243611],[-1.28905479997748,50.896159062769],[-1.28961583881382,50.8944097530362],[-1.29190549489367,50.8925402826843],[-1.29352108337152,50.8927707771998],[-1.29469326596182,50.8929379959765],[-1.30511161554836,50.883073355982],[-1.30332980141347,50.8817614004272],[-1.30410909052208,50.8785367838777],[-1.31290116596401,50.8764449396822],[-1.31436532792582,50.8733554145085],[-1.31341119148967,50.8723719725914],[-1.31259122045942,50.8715267744088],[-1.30967770112268,50.868998327117],[-1.30940185501165,50.8687589199185],[-1.31313262762703,50.8650759483708],[-1.31243633005116,50.854773640051],[-1.31773824923346,50.8541867924472],[-1.31077740862619,50.8509284013657],[-1.31097658452097,50.8501030556708],[-1.31264952843521,50.8488674989926],[-1.33190855064143,50.8571056591698],[-1.36308209160005,50.878638158132],[-1.36400845122415,50.8792775943923],[-1.36511119785051,50.880038751102],[-1.38312553935544,50.8893844750922],[-1.38275514180771,50.8972535783382],[-1.38272715993989,50.8978479431135],[-1.38245311047603,50.8979649582517],[-1.38252070466166,50.8981359625814],[-1.38483538441716,50.9039910631456],[-1.37178764435642,50.9119607996544],[-1.37216544078783,50.9122930057241],[-1.37233258322541,50.9124399758038],[-1.3767477171279,50.916321848389],[-1.38553512385367,50.9146851343794],[-1.38765250195773,50.9170200518224],[-1.37690718286638,50.9218468992228],[-1.38013320294887,50.9305303417324],[-1.38076652066406,50.9322294674654],[-1.38083238690649,50.9324061713278],[-1.38081673669763,50.9321911264976],[-1.38002211476626,50.9212709053789],[-1.38919343269586,50.9191656506232],[-1.38927097963852,50.9185332953549],[-1.38927415395492,50.9185074158517],[-1.38968402309308,50.9151647838416],[-1.37751590942638,50.9113063319423],[-1.388281272141,50.9050292952828],[-1.38827677235282,50.904879285875],[-1.38799378075025,50.8954432700669],[-1.39286115422394,50.8948878822274],[-1.38839278651565,50.8941828130695],[-1.39266401002129,50.8884031544274],[-1.39639054987442,50.8925600900212],[-1.39327084197526,50.8830557238962],[-1.39948910086346,50.8883325031717],[-1.39902240076432,50.8945485156857],[-1.4008217835614,50.8902853813678],[-1.40354168653182,50.8956283718855],[-1.41672703874445,50.9005645154562],[-1.41780819432377,50.9009000486203],[-1.41823157215843,50.9010314385022],[-1.43248580173196,50.9054537044529],[-1.44044254559556,50.9079211619149],[-1.44096436395827,50.9080829545675],[-1.44102960918324,50.9080567557108],[-1.45087716039981,50.9041018418637],[-1.45122450838687,50.9041666319257],[-1.46460616294742,50.91000035633],[-1.46475794248893,50.9101586767226],[-1.46563905039155,50.9111100425957],[-1.47645642178605,50.923224860158],[-1.47732819842619,50.9284618855289],[-1.4792628151023,50.9266028341068],[-1.48273081237447,50.9248774423874],[-1.47873738960661,50.9244666445173],[-1.47672932351917,50.9203421715838],[-1.47661240442159,50.9199625965723],[-1.47406984111189,50.9117064803979],[-1.47903921926408,50.9164474291177],[-1.47840958924323,50.9125903196234],[-1.47824152537295,50.9119762482886],[-1.46179951649547,50.9035723564651],[-1.46154165754307,50.9034405192651],[-1.45232700190617,50.9003481575212],[-1.44196390713837,50.9020536063344],[-1.43256703213584,50.8987538594522],[-1.42677738010354,50.896720263813],[-1.42570284415117,50.8947901921648],[-1.42184978337485,50.8950260969921],[-1.42040419499883,50.8916749596154],[-1.42007243382078,50.890905808387],[-1.40061852827747,50.8769979946571],[-1.39750161645737,50.8747685929374],[-1.4007682788813,50.8719465744454],[-1.3956900217931,50.8691012508123],[-1.39524622015575,50.8688157458126],[-1.38831643780869,50.8643570269555],[-1.38797912177433,50.8642422305253],[-1.3879035729799,50.8642165186344],[-1.38415504227134,50.8629256880768],[-1.37916017822496,50.860137831811],[-1.38156765730142,50.8590140242658],[-1.37337131815439,50.8569765428845],[-1.37678378257521,50.8538906726091],[-1.37236873614104,50.8552490495979],[-1.35270689897512,50.8481432502489],[-1.36051272275992,50.8429123519179],[-1.35169828700469,50.8465064081278],[-1.35407557728012,50.8419109530193],[-1.3505506411226,50.846300341187],[-1.34214108608634,50.844337646396],[-1.33456761751743,50.8374574897594],[-1.34033661393387,50.8344032185273],[-1.33924686541595,50.8264962254611],[-1.32605596145988,50.8275500068998],[-1.32838982133581,50.8239124871359],[-1.32447856783499,50.8268894720078],[-1.32501006600893,50.82320604854],[-1.32751373597159,50.8239209110295],[-1.32505912665965,50.8228660157798],[-1.32596113009714,50.8166134810936],[-1.32603319309803,50.8165546127218],[-1.32596813409201,50.8165649231283],[-1.32597952615599,50.8164859453405],[-1.31174442682286,50.8182299878941],[-1.31049501224103,50.817257775347],[-1.31063822658254,50.8169223238644],[-1.31398277932326,50.8158466834298],[-1.31193842321916,50.81387665175],[-1.31205977918257,50.8135923594112],[-1.31191188530398,50.813851077637],[-1.31150683479449,50.8134607269043],[-1.30744086373158,50.8192376733522],[-1.3071982719865,50.8191105363122],[-1.30858369298341,50.8148454678388],[-1.32779612288927,50.8029563141704],[-1.33225326620477,50.7976413287083],[-1.33749756074788,50.7913858876778],[-1.34237081129794,50.7859307477731],[-1.35254465899792,50.7840052168139],[-1.35431476465195,50.7840996521811],[-1.35469489630763,50.7841199288005],[-1.38834171852129,50.7859099079882],[-1.4035166649674,50.783429379927],[-1.40738695376147,50.7852926571349],[-1.40052052768325,50.7843366301269],[-1.40872171757671,50.7866564238454],[-1.4050585181123,50.7913787243088],[-1.40788228442429,50.798049627938],[-1.4090043976988,50.8006999770733],[-1.41407717775816,50.8026563534093],[-1.41213932597076,50.8048695644862],[-1.42007071676618,50.8002997312803],[-1.41913978064879,50.8070647702691],[-1.42648516842019,50.8075715039221],[-1.42914271203759,50.8111258847745],[-1.43363730180274,50.8103478964208],[-1.43598402182996,50.8099415990117],[-1.43815496729156,50.8154393689608],[-1.44865489667803,50.8201377510072],[-1.45123020157255,50.8191570829918],[-1.44708843203064,50.8186267644427],[-1.44560904951305,50.8136018575282],[-1.43944344720225,50.8140436268187],[-1.43994200870571,50.8103356549442],[-1.43365539178804,50.8088485916559],[-1.42036434639748,50.8057031174892],[-1.42284487221729,50.7999565046242],[-1.41233384624114,50.8001026402433],[-1.41177698687587,50.7980694798636],[-1.40968829984566,50.7904418610205],[-1.41297158725193,50.7839505196354],[-1.39801800104047,50.7762815191866],[-1.39360104329939,50.7767895166498],[-1.39491085395327,50.7762109238855],[-1.39783131204136,50.7755375864891],[-1.39787740465151,50.7755262981683],[-1.4015669424895,50.7739176672732],[-1.40149076399889,50.7739287914837],[-1.40165335699422,50.7738573056195],[-1.40116211075196,50.7739767824015],[-1.39937836968196,50.7742372343353],[-1.40002578055259,50.7739511888468],[-1.41881596496017,50.7666238046499],[-1.42108571142339,50.7662355251267],[-1.42135046453464,50.7661912283787],[-1.43419033402159,50.7644992110379],[-1.46210060719231,50.7608155966438],[-1.46494423854685,50.764843920427],[-1.46749147281216,50.7597978681937],[-1.51378626707686,50.753230456842],[-1.53007461624294,50.757937714556],[-1.53534576800788,50.75946036263],[-1.53351362030499,50.7624925727845],[-1.53682655032701,50.7630918312697],[-1.53677524898031,50.7629206756907],[-1.53674926616428,50.7619881879365],[-1.53666492514991,50.7589611094406],[-1.52756969797322,50.7532079728415],[-1.53166011739315,50.7487317208998],[-1.52586660501304,50.7494726872884],[-1.52592502725889,50.7445214988885],[-1.53065136131695,50.7424408476348],[-1.53732713542051,50.7451257463445],[-1.53523684296084,50.7418045672776],[-1.54076767008564,50.7400850086997],[-1.5343736420822,50.741217313672],[-1.53341830024103,50.7414006621013],[-1.53107393692561,50.7370180953137],[-1.54553614551933,50.7270107290004],[-1.55251560470508,50.7277248173069],[-1.55438335719048,50.7238068799077],[-1.55458712677326,50.7233793923661],[-1.56037866497127,50.7210982695117],[-1.56743309672146,50.7224795809156],[-1.56496841526405,50.7209689422284],[-1.57604818098248,50.7166516760651],[-1.58047794495873,50.7182727064671],[-1.56480684210398,50.709976559503],[-1.55216800418908,50.7068876001421],[-1.55465092633221,50.7132299956582],[-1.55414905422726,50.7128753255009],[-1.54799449679455,50.7081805502366],[-1.55115673133856,50.7060995462288],[-1.55442809158684,50.7060415704119],[-1.56404212607097,50.708491474889],[-1.5820395989047,50.7182448113695],[-1.58291818539775,50.7186379309412],[-1.58369825434768,50.7189688554757],[-1.62817378530234,50.728870936599],[-1.63024991367073,50.7293398535672],[-1.63498369311138,50.730440279806],[-1.64043725099167,50.7320185396037],[-1.6427037058247,50.7322343744514],[-1.64714019568721,50.733265100123],[-1.65647758532321,50.7340271654425],[-1.65818794554133,50.7343330468439],[-1.69174813705308,50.7372826640369],[-1.69187957994834,50.7372941948231],[-1.68181880176013,50.751850044785],[-1.74416871755885,50.7474553878365],[-1.73895962345847,50.7632705325318],[-1.74884631724303,50.7794943865874],[-1.78549590627468,50.7647520309869],[-1.8039049599245,50.7959652088114],[-1.81189346961485,50.8086420516117],[-1.80340083464914,50.8303392074562],[-1.79061492044422,50.8363141185068],[-1.80247295729644,50.8429625290353],[-1.80711024689597,50.8633153662949],[-1.83000872917239,50.8552737968334],[-1.85353883472863,50.863460109718],[-1.84855553218411,50.8898873561065],[-1.8165419268142,50.9039481448891],[-1.8106580896691,50.927203382462],[-1.84184002606343,50.9316803733843],[-1.87364432144964,50.9172258888636],[-1.92084101012651,50.9614073103249],[-1.95546558071481,50.9782663317828],[-1.95683008078171,50.9898002876488],[-1.94993597428249,50.9823105862036],[-1.92787590068259,50.9976972344344],[-1.88674132171074,50.9995277353679],[-1.87448162937032,51.0063305721162],[-1.87391116606953,50.9845006387859],[-1.85338113087344,51.0046795398842],[-1.83581730052681,51.0094733410558],[-1.81542176154033,50.9859226497394],[-1.80031396441254,50.9913947995553],[-1.75440191299908,50.9778920948413],[-1.71957103083064,50.9767862616202],[-1.66165999760679,50.9452778916326],[-1.63496498191182,50.9592422023824],[-1.61975086537986,50.9585669216435],[-1.60292975190204,50.9785041787189],[-1.61973084457042,50.9830349737378],[-1.62888498210167,50.9990317647678],[-1.59738550046853,51.0097469903255],[-1.59939671455144,51.0237293750411],[-1.63237574994688,51.032779708019],[-1.63492593348603,51.0404375874662],[-1.62780997211858,51.078228390884],[-1.63731479886634,51.092202331828],[-1.62633709616521,51.1173233709859],[-1.66297542061049,51.1271919933478],[-1.65404004725731,51.1562528472999],[-1.67227119754693,51.1785463705247],[-1.66882042147437,51.1907592185769],[-1.69409695143106,51.2040432388922],[-1.68969464697899,51.2148276698345],[-1.63362097701599,51.2175905577841],[-1.60759078945477,51.2527924061638],[-1.57757201593558,51.2555795581159],[-1.54584181725981,51.2452513608374],[-1.53603185288199,51.2485479809513],[-1.5298179468057,51.2608018456309],[-1.54059897066636,51.2608311895023],[-1.54262001501247,51.2812415017535],[-1.5227771840447,51.2870633235997],[-1.51940862318842,51.2959527998656],[-1.53356185391502,51.3162235794285],[-1.52750793808987,51.3384441165574],[-1.49828689474575,51.3293617167329],[-1.48561782031052,51.3476506886645],[-1.50063304963128,51.3563211266337],[-1.49537262165059,51.3696578977458],[-1.55559663765941,51.3955386531602],[-1.55292234102159,51.4100374211089],[-1.57096980348612,51.4152945956558],[-1.56511865145832,51.422043433161],[-1.52653517029054,51.4239718906948],[-1.52402343880987,51.4474724278157],[-1.58240025292512,51.4942544245884],[-1.58469504578326,51.5249220601573],[-1.60282488305727,51.5183097246359],[-1.64768626504516,51.5719347085607],[-1.65504259728401,51.5764933599863],[-1.67654765821201,51.5693909366413],[-1.69110586307939,51.5835056836659],[-1.69059536080077,51.6054112334679],[-1.66698974337017,51.6162194507483],[-1.67372908103647,51.622836342486],[-1.65992419135007,51.6350159242163],[-1.69188577119606,51.6521617504399],[-1.70021189280661,51.670883073928],[-1.68313461199299,51.6901263768097],[-1.66845860139018,51.6804375689642],[-1.64825374342062,51.6840870658459],[-1.68800012551327,51.7120447475636],[-1.69587065656067,51.7235374525478],[-1.6870208353919,51.7398840228322],[-1.70070464063817,51.7705842299967],[-1.71948863302901,51.7832118276915],[-1.68193160633868,51.8039930864362],[-1.68646159226861,51.8344557908918],[-1.67638499897572,51.8503096854222],[-1.68686790516724,51.8654997690631],[-1.66711188278055,51.8770000576877],[-1.6586519744456,51.896551192631],[-1.63305061648252,51.8992254665565],[-1.64552984349675,51.9222942559287],[-1.61518893058729,51.9376816289697],[-1.63249065036283,51.9556514579195],[-1.66252911046192,51.9640049466649],[-1.66575430454863,51.9874888210715],[-1.61234247849955,51.955403416263],[-1.5916338243768,51.9704499705292],[-1.60030155963125,51.9769415553217],[-1.56353907898642,51.9770403695739],[-1.54954673594339,51.9808463142775],[-1.55722360987893,51.9916576647463],[-1.52282569381325,51.9968433223434],[-1.48780444309778,52.093957432128],[-1.47730164801721,52.1013509440553],[-1.44718785165916,52.097625032042],[-1.45345845225059,52.1130088162311],[-1.42585527139589,52.1182494959058],[-1.38539981246728,52.0941455721548],[-1.35776965526573,52.10131042365],[-1.37084214071868,52.1175341825775],[-1.39330253064253,52.1189629040259],[-1.36614709694777,52.1360752375012],[-1.34870798028103,52.1351321985152],[-1.3318971346503,52.1684850552835],[-1.2480850615427,52.0971607909998],[-1.32116486414435,52.0870189275303],[-1.31815993117564,52.0799212567645],[-1.29750881413832,52.078056693896],[-1.31292004347286,52.0514526625255],[-1.27816401885651,52.0142726684525],[-1.28349719185547,51.9795649892517],[-1.24161223468245,51.9862933629289],[-1.19625975033443,51.9774314422917],[-1.16382348465592,51.9934122258321],[-1.13432869833779,51.9972963869661],[-1.11808639729751,52.0154261711703],[-1.13666519177378,52.0222431384052],[-1.12198746604179,52.0451472419556],[-1.06206502018462,52.0627354070484],[-1.02766844665035,52.0637342654294],[-1.04220828140128,52.0737089569099],[-1.02631813741674,52.0756755631199],[-0.967805300661276,52.0709109272462],[-0.951872932630787,52.0815336213379],[-0.906030231113269,52.0212211082569],[-0.890117418394569,52.0315336010724],[-0.877557824518293,52.0299049686966],[-0.871273944930241,52.0402199265888],[-0.852446930044217,52.050705093085],[-0.862678645822757,52.0609340378429],[-0.839594622604854,52.063795932375],[-0.831313005313099,52.0720063376628],[-0.846712543491745,52.0915087025577],[-0.869530890831007,52.1000376594131],[-0.871472753510848,52.1117797310542],[-0.887033141552335,52.1142149331636],[-0.880758452631504,52.1262921514354],[-0.828204674516664,52.1326105518988],[-0.831966629471785,52.1436835078038],[-0.814018926401135,52.1424745134984],[-0.807587882658753,52.1569790134712],[-0.792091270533438,52.1513294595377],[-0.777975100575612,52.1687324920773],[-0.749734768722189,52.1668767675297],[-0.705455584072188,52.1915706998724],[-0.668135637658982,52.1950341108626],[-0.627446652788111,52.1815454674071]]]]},"properties":{"FID":8,"RGN25CD":"E12000008","RGN25NM":"South East","RGN25NMW":"De Ddwyrain","BNG_E":470064,"BNG_N":172925,"LONG":-0.993086,"LAT":51.45098,"GlobalID":"5b6f8bf8-0fa7-4478-8760-1cc1431fea1f"}},{"type":"Feature","id":9,"geometry":{"type":"MultiPolygon","coordinates":[[[[-6.34667271332341,49.8975557358017],[-6.33698773489135,49.894125705035],[-6.33718082570715,49.8945320106728],[-6.33681188317142,49.8943902769734],[-6.33720699667396,49.8949113416852],[-6.32843194925867,49.8924589326502],[-6.32852607422768,49.8920533490924],[-6.33325627245989,49.89260235622],[-6.33442200294925,49.8937376493416],[-6.33833748048622,49.8934128591435],[-6.33805049279199,49.89263883191],[-6.34125310969322,49.882346492852],[-6.34611175982197,49.8900581660049],[-6.35183076238424,49.888656237057],[-6.35263912214101,49.8891479853204],[-6.34956527436827,49.8945671450027],[-6.3524077751758,49.895799040899],[-6.35225905748685,49.8961505939658],[-6.3503138983122,49.8955018409733],[-6.34910316392713,49.8982345456521],[-6.34667271332341,49.8975557358017]]],[[[-6.37416306935363,49.8989681424802],[-6.3720177324986,49.8957622222482],[-6.37792233891165,49.8958995636849],[-6.37494768664929,49.8996070481613],[-6.37416306935363,49.8989681424802]]],[[[-6.277268415256,49.9184673292196],[-6.28080278224047,49.9154512469441],[-6.28645392278757,49.9167560961843],[-6.2842405376636,49.913292906673],[-6.28716651362069,49.9102651870127],[-6.28782901967606,49.9100221547125],[-6.30300385700417,49.9115332634328],[-6.30266347928918,49.9108807824531],[-6.30358368576015,49.9033192750273],[-6.30475260571377,49.9040412057854],[-6.30608771920915,49.9054255105875],[-6.31287819443449,49.9132390677616],[-6.31742344554242,49.9132513826462],[-6.31754540246868,49.9123649692426],[-6.31761110244577,49.9123522430456],[-6.3175016724563,49.9120365218868],[-6.31772144468412,49.9086232813086],[-6.31925588500032,49.9083462171246],[-6.32663715009822,49.911622611564],[-6.32764388449862,49.9125747432091],[-6.32743247879778,49.9126885198725],[-6.31669086845471,49.9155737629518],[-6.31669960031791,49.9152544534677],[-6.30909422933638,49.9166184603086],[-6.30841736076335,49.9200729075821],[-6.3105461318211,49.920477434524],[-6.31077007367776,49.9216209667477],[-6.30917775411116,49.9218537211304],[-6.30993408271686,49.9220795278014],[-6.30842328528119,49.9226992933729],[-6.31152183236488,49.9254592477131],[-6.31229044280552,49.9293829080762],[-6.30913396825261,49.9330988488284],[-6.30428515096677,49.9351622925636],[-6.29777467012225,49.9367940545237],[-6.296277540829,49.9366828637545],[-6.28946568842687,49.9340018934367],[-6.28820252847201,49.9308843203299],[-6.2766229078191,49.9287187038082],[-6.27661359299824,49.9286299066904],[-6.27675160269922,49.9285819036471],[-6.28137154995494,49.9277690288071],[-6.2808414808124,49.9271592419226],[-6.2808883853484,49.927142925128],[-6.28081619788515,49.9271310475261],[-6.27628466526316,49.9222289182433],[-6.27593968083456,49.9208304278873],[-6.277268415256,49.9184673292196]]],[[[-6.35226022929904,49.9376345532661],[-6.35061279136246,49.9281331066543],[-6.35765502848755,49.9303274716817],[-6.35695331430993,49.9312780558152],[-6.35441343666724,49.933085297963],[-6.35500874302267,49.9339120767554],[-6.35226022929904,49.9376345532661]]],[[[-6.34807363717607,49.9556526331598],[-6.34949394036593,49.9519209948246],[-6.35730415486619,49.9450758196314],[-6.35857927246639,49.945210439388],[-6.35843444673263,49.9454293973264],[-6.36055965627262,49.9459729343484],[-6.36047114523961,49.9469856943655],[-6.35632374213882,49.9490814331387],[-6.35733957392718,49.9494291351492],[-6.35725946344414,49.9494593348389],[-6.35800673644341,49.9495690032904],[-6.36019008361859,49.950201475526],[-6.35987579383191,49.9537971434044],[-6.35842316716996,49.9536545769489],[-6.35975199677419,49.9552133690391],[-6.35935830340575,49.9597168125324],[-6.35650596362801,49.9613591724543],[-6.35907441212146,49.9629640095213],[-6.3590101382085,49.9636991366985],[-6.34807363717607,49.9556526331598]]],[[[-6.34170081359362,49.9662387215551],[-6.3396363812914,49.9626784096874],[-6.33591940535534,49.963701017362],[-6.33427214035353,49.9629778588275],[-6.33242088039238,49.9589119736529],[-6.32875909233306,49.9591131221594],[-6.32635306703298,49.9585899752416],[-6.32167680330005,49.9551593029455],[-6.32066559990264,49.9506491540752],[-6.32275967138037,49.9468770401048],[-6.31973872664684,49.9447222112679],[-6.32825696400721,49.9435096662414],[-6.33190554325246,49.9395923279119],[-6.33257335634019,49.9394904337229],[-6.33518606475761,49.9424529636987],[-6.33481637387274,49.9432027262802],[-6.33638203152256,49.9438089523459],[-6.33921912771072,49.9470252628939],[-6.33909608311325,49.9558554121917],[-6.34387354058518,49.9592541797225],[-6.34679251719157,49.96789877527],[-6.34545663028613,49.9678870036426],[-6.34170081359362,49.9662387215551]]],[[[-6.30914385392836,49.9695931986701],[-6.30937400612415,49.9650384271608],[-6.31417848753189,49.9664730317374],[-6.3142502921424,49.9664426745368],[-6.31584086941172,49.9670227930906],[-6.31261060324809,49.9698201184539],[-6.30914385392836,49.9695931986701]]],[[[-6.2912181105969,49.9704385925524],[-6.28874852639423,49.9661723695763],[-6.27816922863996,49.9638507070253],[-6.27632349209349,49.9648411490632],[-6.27077281485748,49.9640872748027],[-6.27065942257613,49.963997390733],[-6.27057776582375,49.9640607789634],[-6.26159070800057,49.9628395624701],[-6.27558573086802,49.9586793489295],[-6.27704463684569,49.95901194957],[-6.27709017613044,49.9589850780583],[-6.27714655909969,49.958997387454],[-6.27973906615304,49.9574442610092],[-6.28363646671756,49.9562850932667],[-6.2847935429564,49.9565523139256],[-6.29015664955357,49.961774960551],[-6.30277368619646,49.9636824649862],[-6.30410219913881,49.9651084478676],[-6.30364035412536,49.967793371396],[-6.30082773906641,49.9696474592431],[-6.29864124317027,49.9694184103738],[-6.29799595890305,49.9734924896033],[-6.29228047106668,49.9743700721387],[-6.29216696419219,49.9743895740237],[-6.29178236213999,49.9744595818274],[-6.29166779053877,49.9742120746537],[-6.29285538607438,49.9732665215145],[-6.2917192469313,49.9713042043366],[-6.29180428111439,49.9710317033672],[-6.2912181105969,49.9704385925524]]],[[[-6.32326207486117,49.9718938312912],[-6.32652828396371,49.9703787855625],[-6.32707139464666,49.970450258294],[-6.3266414260489,49.9747825216374],[-6.32622473164961,49.97468164754],[-6.32326207486117,49.9718938312912]]],[[[-6.29423312960252,49.9797532431531],[-6.29235177202279,49.975689628058],[-6.29293392453988,49.9762961167743],[-6.29432267620115,49.9797426074251],[-6.29423312960252,49.9797532431531]]],[[[-5.47673012455798,50.1165885420354],[-5.4782611610227,50.1157703719878],[-5.47871146586846,50.116593343729],[-5.47853893098564,50.1177900015463],[-5.47823566327807,50.1184159615653],[-5.47613684862769,50.1175226648544],[-5.47673012455798,50.1165885420354]]],[[[-3.89832469389064,50.2784471068866],[-3.90105077819791,50.2780768757717],[-3.89953610068782,50.2809968841897],[-3.89690128430186,50.2788047526691],[-3.89832469389064,50.2784471068866]]],[[[-4.44592805435602,50.3361662885754],[-4.44925102021077,50.3358975093046],[-4.4505386238906,50.3360212062096],[-4.45168744200008,50.3361318720078],[-4.45024144025148,50.3382771235388],[-4.44592805435602,50.3361662885754]]],[[[-1.98710789633152,50.67927044206],[-1.99062962587833,50.6770585015678],[-1.99670385300853,50.6799707409596],[-1.99385719258704,50.6828744377405],[-1.99534499823341,50.6806280761465],[-1.98710789633152,50.67927044206]]],[[[-1.98004646465949,50.683523014188],[-1.98898983403101,50.6816735036745],[-1.99114078983005,50.6841503540855],[-1.98615957148271,50.6846588864325],[-1.98004646465949,50.683523014188]]],[[[-2.01223417679183,50.6879656398759],[-2.01738002416466,50.6844262740981],[-2.02200499976065,50.69394884695],[-2.01867644562559,50.6940691361971],[-2.01460775667783,50.6908943695936],[-2.0178461803559,50.6892823716222],[-2.01223417679183,50.6879656398759]]],[[[-1.95676426465836,50.6882194326631],[-1.96664723483653,50.6859154206755],[-1.98354573892022,50.6870749195882],[-1.98808847416946,50.6924532814542],[-1.97416887426422,50.6972277229473],[-1.95815544518318,50.6949304217082],[-1.95676426465836,50.6882194326631]]],[[[-3.01577328883599,51.2284862458919],[-3.0148210695477,51.2230920041491],[-3.0186832058029,51.2284187610187],[-3.01577328883599,51.2284862458919]]],[[[-4.6640828632435,51.1617757112281],[-4.67092482315619,51.1584635548179],[-4.68057246853434,51.1724248304546],[-4.67339528224932,51.1800864116322],[-4.67309408026351,51.1801627462432],[-4.67613531377768,51.1836545185289],[-4.6775191182745,51.1853340014616],[-4.674084255895,51.1855052040153],[-4.67464658339744,51.1861487507555],[-4.67407090811325,51.186289618616],[-4.67480521259503,51.1901672799602],[-4.67452422601396,51.1902864064152],[-4.67845759465235,51.1931947965762],[-4.67735481800582,51.2024393340143],[-4.66175304639424,51.1793363740797],[-4.66167263459142,51.1670922005903],[-4.65956032895791,51.1658672378632],[-4.65652688474457,51.1631102361838],[-4.65472166810614,51.1630608188061],[-4.65345609829841,51.1623266987284],[-4.65450458674659,51.1620894649458],[-4.6640828632435,51.1617757112281]]],[[[-3.10515061960547,51.3401880651349],[-3.11482786782436,51.3396628028672],[-3.10602211780306,51.3414268428582],[-3.10515061960547,51.3401880651349]]],[[[-1.7676920738422,52.1125783274844],[-1.74590621082171,52.0928298201331],[-1.72856052811281,52.1001203046394],[-1.73065604717972,52.0732913537538],[-1.71311213593006,52.0665529393768],[-1.70169911871026,52.0728344030857],[-1.70505254003613,52.0596336077601],[-1.6886364810542,52.0518332037271],[-1.69398075504565,52.0395278979871],[-1.66382433788403,52.0312666546422],[-1.62446030247049,52.0389532635568],[-1.61751874276147,52.0333959374855],[-1.66575091348295,51.9974047833333],[-1.66575430454863,51.9874888210715],[-1.66252911046192,51.9640049466649],[-1.63249065036283,51.9556514579195],[-1.61518893058729,51.9376816289697],[-1.64552984349675,51.9222942559287],[-1.63305061648252,51.8992254665565],[-1.6586519744456,51.896551192631],[-1.66711188278055,51.8770000576877],[-1.68686790516724,51.8654997690631],[-1.67638499897572,51.8503096854222],[-1.68646159226861,51.8344557908918],[-1.68193160633868,51.8039930864362],[-1.71948863302901,51.7832118276915],[-1.70070464063817,51.7705842299967],[-1.6870208353919,51.7398840228322],[-1.69587065656067,51.7235374525478],[-1.68800012551327,51.7120447475636],[-1.64825374342062,51.6840870658459],[-1.66845860139018,51.6804375689642],[-1.68313461199299,51.6901263768097],[-1.70021189280661,51.670883073928],[-1.69188577119606,51.6521617504399],[-1.65992419135007,51.6350159242163],[-1.67372908103647,51.622836342486],[-1.66698974337017,51.6162194507483],[-1.69059536080077,51.6054112334679],[-1.69110586307939,51.5835056836659],[-1.67654765821201,51.5693909366413],[-1.65504259728401,51.5764933599863],[-1.64768626504516,51.5719347085607],[-1.60282488305727,51.5183097246359],[-1.58469504578326,51.5249220601573],[-1.58240025292512,51.4942544245884],[-1.52402343880987,51.4474724278157],[-1.52653517029054,51.4239718906948],[-1.56511865145832,51.422043433161],[-1.57096980348612,51.4152945956558],[-1.55292234102159,51.4100374211089],[-1.55559663765941,51.3955386531602],[-1.49537262165059,51.3696578977458],[-1.50063304963128,51.3563211266337],[-1.48561782031052,51.3476506886645],[-1.49828689474575,51.3293617167329],[-1.52750793808987,51.3384441165574],[-1.53356185391502,51.3162235794285],[-1.51940862318842,51.2959527998656],[-1.5227771840447,51.2870633235997],[-1.54262001501247,51.2812415017535],[-1.54059897066636,51.2608311895023],[-1.5298179468057,51.2608018456309],[-1.53603185288199,51.2485479809513],[-1.54584181725981,51.2452513608374],[-1.57757201593558,51.2555795581159],[-1.60759078945477,51.2527924061638],[-1.63362097701599,51.2175905577841],[-1.68969464697899,51.2148276698345],[-1.69409695143106,51.2040432388922],[-1.66882042147437,51.1907592185769],[-1.67227119754693,51.1785463705247],[-1.65404004725731,51.1562528472999],[-1.66297542061049,51.1271919933478],[-1.62633709616521,51.1173233709859],[-1.63731479886634,51.092202331828],[-1.62780997211858,51.078228390884],[-1.63492593348603,51.0404375874662],[-1.63237574994688,51.032779708019],[-1.59939671455144,51.0237293750411],[-1.59738550046853,51.0097469903255],[-1.62888498210167,50.9990317647678],[-1.61973084457042,50.9830349737378],[-1.60292975190204,50.9785041787189],[-1.61975086537986,50.9585669216435],[-1.63496498191182,50.9592422023824],[-1.66165999760679,50.9452778916326],[-1.71957103083064,50.9767862616202],[-1.75440191299908,50.9778920948413],[-1.80031396441254,50.9913947995553],[-1.81542176154033,50.9859226497394],[-1.83581730052681,51.0094733410558],[-1.85338113087344,51.0046795398842],[-1.87391116606953,50.9845006387859],[-1.87448162937032,51.0063305721162],[-1.88674132171074,50.9995277353679],[-1.92787590068259,50.9976972344344],[-1.94993597428249,50.9823105862036],[-1.95683008078171,50.9898002876488],[-1.95546558071481,50.9782663317828],[-1.92084101012651,50.9614073103249],[-1.87364432144964,50.9172258888636],[-1.84184002606343,50.9316803733843],[-1.8106580896691,50.927203382462],[-1.8165419268142,50.9039481448891],[-1.84855553218411,50.8898873561065],[-1.85353883472863,50.863460109718],[-1.83000872917239,50.8552737968334],[-1.80711024689597,50.8633153662949],[-1.80247295729644,50.8429625290353],[-1.79061492044422,50.8363141185068],[-1.80340083464914,50.8303392074562],[-1.81189346961485,50.8086420516117],[-1.8039049599245,50.7959652088114],[-1.78549590627468,50.7647520309869],[-1.74884631724303,50.7794943865874],[-1.73895962345847,50.7632705325318],[-1.74416871755885,50.7474553878365],[-1.68181880176013,50.751850044785],[-1.69187957994834,50.7372941948231],[-1.692547967083,50.7373528291345],[-1.71795343948768,50.735043454087],[-1.72215573854994,50.7346609020013],[-1.72582810237035,50.7326159553866],[-1.72899034207095,50.7322105748852],[-1.73167209504833,50.7293522168513],[-1.74112706155002,50.7240702672374],[-1.7415042066345,50.7238992076345],[-1.74235694252529,50.7237191492197],[-1.74342764381778,50.7282605745807],[-1.75416738664181,50.7274077460852],[-1.75708723392253,50.7301799897126],[-1.7575237039338,50.7235676671496],[-1.76199597926117,50.725288175522],[-1.76029137322098,50.7228341653274],[-1.76433348122147,50.723328893263],[-1.76568960267667,50.7288953571022],[-1.77056819447297,50.7302989612946],[-1.76948369906457,50.7277073350751],[-1.76947331680195,50.7276825216531],[-1.76699749372796,50.7217650247348],[-1.76087326995483,50.7201159542266],[-1.76570925352408,50.7198622336413],[-1.76342930490591,50.7186050078956],[-1.747051486984,50.718034715299],[-1.75011579864097,50.7174324945357],[-1.74631197626783,50.7156160088461],[-1.74269078748914,50.7215314695368],[-1.74110091120498,50.7232608929741],[-1.74602993583266,50.7154813121436],[-1.74884156008202,50.7110424135805],[-1.76682686149852,50.7161068864555],[-1.76862271729031,50.7162967178389],[-1.76927729366597,50.7164718894633],[-1.80256454272012,50.719990427057],[-1.80918698243759,50.7206892224593],[-1.81635900086924,50.7207850410591],[-1.83103784492116,50.7203164130233],[-1.83787868115578,50.7200973825489],[-1.84380058576083,50.7194561194011],[-1.84418563568598,50.7194200904946],[-1.8648799878008,50.717481787038],[-1.86518879585138,50.7174528341996],[-1.87619586403308,50.7154370952176],[-1.87925439854258,50.7146931617203],[-1.88395479696599,50.7135496719381],[-1.88526989463712,50.7134091993002],[-1.88595542332552,50.7130628941252],[-1.90089939925553,50.7094254320018],[-1.90236807493104,50.708773347189],[-1.92054203681289,50.700701273639],[-1.9478094101184,50.6826768805077],[-1.94968220032177,50.6848038860119],[-1.95042492732779,50.6868032948927],[-1.9400074216236,50.6890973367865],[-1.93212740370537,50.6961467443308],[-1.94736876466497,50.7067061965733],[-1.95080281494809,50.7044870892472],[-1.95146331653753,50.7040679154469],[-1.95124010076533,50.7043073799971],[-1.94813836540867,50.7074250592621],[-1.95009202293337,50.705863202318],[-1.95231123573963,50.7040888806312],[-1.95319527899825,50.707903098341],[-1.94965270213855,50.7071451811991],[-1.94896250538668,50.707548700426],[-1.9487329120289,50.7101504367351],[-1.94875157952421,50.7101845548958],[-1.94931345454125,50.7112114641653],[-1.94950050736421,50.7112905948599],[-1.952718708443,50.7117285944137],[-1.95381654479714,50.7083232945018],[-1.96038207758796,50.7119320259489],[-1.95759451413208,50.7152483339452],[-1.96308106303666,50.7157321306575],[-1.97268419341131,50.7104223997238],[-1.99190921550623,50.7124649127161],[-1.98958624706885,50.7188337420251],[-1.98455268530886,50.720306088703],[-1.99225439454616,50.7234067414431],[-1.99232919933465,50.7295307423668],[-1.9989100688029,50.7299087330144],[-2.00135848863344,50.7298050100733],[-2.0050654877711,50.7296478046067],[-2.00135849512244,50.7299577234405],[-1.99924301869114,50.7301344917174],[-1.99195304237092,50.7297869811401],[-1.99596095998786,50.7374884880633],[-2.00135874650887,50.7358933369805],[-2.01033104432467,50.7332409057254],[-2.01051490901331,50.7326946517233],[-2.01059056857613,50.7296246593165],[-2.00552557647054,50.7296010750612],[-2.01140062300153,50.7265844527197],[-2.0072961515772,50.7268509888263],[-2.00316120592022,50.7177461732301],[-2.00135796307638,50.7177464104608],[-1.99378935857664,50.7177468827813],[-1.99456467876081,50.7131714203245],[-1.99319330063883,50.712230596654],[-1.98785303591065,50.710214952299],[-1.98684386519538,50.7098340003593],[-1.98650393151947,50.7081976608028],[-1.9965833991353,50.7072929394319],[-2.00024580232654,50.7107822374518],[-2.00135761900601,50.7107401767465],[-2.01056077280389,50.7103913252628],[-2.0402191174733,50.719060975735],[-2.03497621664097,50.7226637674183],[-2.03669626153929,50.726041502749],[-2.02809333561406,50.7283435174533],[-2.02686934975375,50.7293263023408],[-2.03518816931244,50.7278796817569],[-2.0347874318929,50.7301307651797],[-2.04257054885649,50.7319005599083],[-2.0499634100888,50.7262745982524],[-2.04999464817064,50.7262508228743],[-2.04946527822753,50.7256908636848],[-2.04832852743548,50.725348548257],[-2.04274978748487,50.7263284708291],[-2.04214009681879,50.72447271509],[-2.04242122520714,50.7238022094703],[-2.04414728140624,50.7196850417728],[-2.0407378382664,50.7199974487528],[-2.04078425573575,50.7199788520034],[-2.0469427551451,50.7175112257573],[-2.04162630761674,50.7140313032106],[-2.05560360229709,50.7178023103075],[-2.06290249092498,50.7165404624021],[-2.07085857509563,50.7099135676079],[-2.07134514224695,50.7076470784731],[-2.05763246363065,50.7056197137789],[-2.07216256498224,50.705044061278],[-2.07105417883749,50.6979179027715],[-2.08321695539036,50.6933009071103],[-2.07938921330364,50.6943791958545],[-2.07841551537164,50.6887170601655],[-2.08423845320731,50.6905771897885],[-2.08119723467529,50.6862807533317],[-2.06572311975732,50.6867204675315],[-2.05452015138048,50.699802833566],[-2.0430183313153,50.7030236269469],[-2.0398754054458,50.7071578736399],[-2.02624887114515,50.7074353384961],[-2.01808342163337,50.701574645515],[-2.03320283190619,50.7021141727165],[-2.02917923490779,50.7011818959708],[-2.03028242951334,50.6970557053115],[-2.02605662255407,50.698216871293],[-2.02399668090646,50.690673264326],[-2.02786329779625,50.6888719774974],[-2.02445650976953,50.6876362428331],[-2.0368983521882,50.680502381746],[-2.04638811694223,50.6814368002527],[-2.05267156124091,50.6779789827883],[-2.04646638667178,50.6789960985862],[-2.05111742503945,50.6778753624333],[-2.04731336228987,50.6740487785234],[-2.04651929459752,50.6780797212309],[-2.03510252849509,50.6790919868835],[-2.02515846425187,50.6843742592336],[-2.02472109046026,50.6846065449658],[-2.02518930262437,50.684239061565],[-2.02980720060183,50.680614224986],[-2.02690618820669,50.6815052637102],[-2.02659802536249,50.6780594276342],[-2.03269818322415,50.6734224302609],[-2.03015486607401,50.6740273064877],[-2.02945816509605,50.6741929901449],[-2.02881674209937,50.6743455240795],[-2.02487719419422,50.6726053900738],[-2.02725902776199,50.6679636508213],[-2.02279401118179,50.6724377107342],[-2.02600208799139,50.6747158232319],[-2.02320707157072,50.6775995657851],[-2.02102967907273,50.6762312748262],[-2.02206573400334,50.6820953916632],[-2.01144856812292,50.6827705569047],[-2.00399558679415,50.6777997944529],[-2.01296626572092,50.674200146152],[-2.00941841700842,50.6747040701809],[-2.00957605365196,50.6709091257385],[-2.00716549497617,50.6754056989428],[-2.00135592981925,50.6762353586155],[-1.99857355043308,50.6766325904142],[-1.99578429352828,50.6733806834671],[-2.0013556749288,50.6709698061147],[-2.00189198901538,50.6707377048835],[-2.00135564866512,50.6704257769809],[-1.99573233029697,50.667154850184],[-1.99191676934153,50.6727051185359],[-1.97836639693774,50.6769452904709],[-1.98524947183026,50.6699013757219],[-1.98077598558238,50.6638565647221],[-1.97470842811473,50.6651458531892],[-1.97820587676979,50.6592633630798],[-1.97276774428805,50.6642532815651],[-1.96811958846347,50.6604966299168],[-1.9711021926418,50.6694130103393],[-1.96348419121847,50.6704755349481],[-1.96134087344713,50.6748983530975],[-1.95805415916443,50.6723360077091],[-1.94982786014496,50.6801175400248],[-1.94201167401933,50.6732944703837],[-1.94177233292476,50.6729903824874],[-1.95229801001409,50.6564190250501],[-1.95131677494268,50.6528469110177],[-1.95184316555674,50.6500707299757],[-1.950170748594,50.6486742889189],[-1.94939373939346,50.6458448183267],[-1.94082790755989,50.6406895887111],[-1.92375945775831,50.6420339891584],[-1.92406673669662,50.6416640678832],[-1.9397863550532,50.6297981573646],[-1.94379360835675,50.6291697385135],[-1.95372453235678,50.619686184491],[-1.95579735385994,50.6177039095625],[-1.95672646623215,50.6170018293874],[-1.9567044084763,50.6168364128624],[-1.9569925773645,50.6165608027923],[-1.95687422161285,50.6162934677178],[-1.95719095749694,50.6159872565173],[-1.95556577276682,50.6082958756976],[-1.95327604312428,50.608164800678],[-1.95300998424176,50.607563632463],[-1.94409002078993,50.6074581457996],[-1.94591083577559,50.6060775326367],[-1.95089028735692,50.6036961199457],[-1.95091958991871,50.6022791273214],[-1.95259119415066,50.6010112714801],[-1.95133668915064,50.5945562580947],[-2.02634590356957,50.5890017803394],[-2.05376264836449,50.5769195824605],[-2.05490567270318,50.5766600420042],[-2.06322423189438,50.5920668737146],[-2.06336423178075,50.5931833746926],[-2.06380513455488,50.5931423651816],[-2.06412503853541,50.5937346186691],[-2.07571766515324,50.5944367677275],[-2.07578427243577,50.5944874928585],[-2.07678109809482,50.5954676138492],[-2.0929960543008,50.5965369006944],[-2.09838489581647,50.5981245839564],[-2.10217691418308,50.5971413562305],[-2.10301950083739,50.5971967889533],[-2.10271212143003,50.6003475060925],[-2.10349625132467,50.5973207416282],[-2.11397533300741,50.6003864844988],[-2.13345659528205,50.6122810066099],[-2.13398155500058,50.6121098516802],[-2.13441579481619,50.6126153635384],[-2.14603487208705,50.6084933353132],[-2.14743780917319,50.6093202093888],[-2.1473571487792,50.6105241271904],[-2.14950466035989,50.6105383111628],[-2.15777257274533,50.6154100067058],[-2.17236036435491,50.615134331432],[-2.19013083055407,50.6204641911256],[-2.19306800106179,50.6217118150679],[-2.19310295647943,50.6217266616421],[-2.19455557086512,50.6217906855757],[-2.19751592820478,50.6226780357898],[-2.20158095497016,50.6221000693234],[-2.20720616949285,50.6223474813413],[-2.22040504508313,50.6201550600027],[-2.22068933994694,50.6199536621571],[-2.22076538353235,50.6199407175503],[-2.22078513172991,50.6198111053219],[-2.22114512823358,50.6194853247958],[-2.22136686201153,50.6192846633967],[-2.24194895418684,50.6163519814377],[-2.2442177835409,50.6165197079961],[-2.24601838438494,50.6186040966291],[-2.24604332648209,50.6193448121679],[-2.24636165379988,50.6191331855655],[-2.24639251348996,50.6193795182114],[-2.24655887421718,50.6192297384805],[-2.24672516632833,50.6194222252015],[-2.24817078677504,50.617930404882],[-2.24953244497576,50.6170250503547],[-2.25894572928625,50.6190244129967],[-2.26065361088392,50.6194038302299],[-2.27307138505907,50.6221615845375],[-2.28408795295836,50.6228275508919],[-2.32422076710507,50.6252509669213],[-2.3387413069399,50.631984761855],[-2.34011570696808,50.6319334382234],[-2.37718585264453,50.6333298938654],[-2.39361565997597,50.6366773664091],[-2.39447813505477,50.636550230395],[-2.39473639292615,50.6366025360449],[-2.39852319907529,50.6359538598628],[-2.40851008943323,50.6345006367131],[-2.4156202530922,50.6347651970743],[-2.42336640411731,50.6358967202074],[-2.42486491231394,50.6351085288627],[-2.42556400738516,50.6351344621323],[-2.42698877227272,50.6339913345212],[-2.44092799443321,50.6266567378831],[-2.44386857348169,50.6241968686119],[-2.44405107510572,50.6239608085445],[-2.4480141451832,50.6188340494879],[-2.45257047745202,50.6129382342591],[-2.45046285487011,50.6086306532973],[-2.44384345160686,50.6090231626612],[-2.44380006928247,50.6090149383463],[-2.45074656273898,50.6044630073708],[-2.45073137325095,50.6042348889259],[-2.45081476180996,50.6042071559231],[-2.44958088925018,50.602093360567],[-2.44947270466472,50.6019054747037],[-2.44943919736782,50.6018506083632],[-2.44885157708084,50.6016573097708],[-2.44904679006509,50.6014501295639],[-2.43508548622471,50.5970835274657],[-2.43343615910021,50.5965255769843],[-2.43631576866582,50.5973123207524],[-2.44986935612726,50.6012432523804],[-2.4501944250104,50.6011027488646],[-2.45029758928914,50.6010692776482],[-2.45039722892797,50.6010007836278],[-2.4522018663959,50.5999887031765],[-2.46479899393446,50.5932113347169],[-2.46622619671967,50.5918161348064],[-2.47134348957411,50.5846514529303],[-2.47240168316337,50.5845239007629],[-2.48780137968115,50.5911044617691],[-2.498853708766,50.5974229929206],[-2.49569810090449,50.6028558565277],[-2.50139023881387,50.6068577097223],[-2.5067918842434,50.6061165816184],[-2.5083818440201,50.6112223147002],[-2.51153418936816,50.6106074868138],[-2.51363667229913,50.6101973635421],[-2.51749165634176,50.6178577972011],[-2.53168607861517,50.6174654639395],[-2.53334650822574,50.6184738615025],[-2.5455685179787,50.6258943418863],[-2.54884797415127,50.6248851482577],[-2.55186643539135,50.627429419764],[-2.54676526038894,50.6276684794264],[-2.5452841781843,50.6308877321338],[-2.55805549075413,50.6308343407125],[-2.56049586822828,50.6391465597955],[-2.56700387285589,50.638090478692],[-2.57025846980974,50.6375621889033],[-2.59844616891511,50.6491232947873],[-2.59822095003597,50.6539986722266],[-2.61145256570102,50.6540468041876],[-2.56691819973587,50.6309777057935],[-2.54272780372315,50.6184302027338],[-2.51676475231603,50.6049501301777],[-2.5025818714916,50.5975806221424],[-2.4699438170759,50.5781327193252],[-2.46952607904143,50.5824275895456],[-2.46217861488884,50.5731876960079],[-2.46059593843725,50.5710611768796],[-2.46053034550992,50.5710467833476],[-2.44594463552729,50.568297142663],[-2.44374030297137,50.5687825837889],[-2.441894603885,50.5685329151275],[-2.44102485148575,50.569380513502],[-2.43894316980154,50.5698388367004],[-2.43919518936263,50.56936687512],[-2.43701807434889,50.5699593232451],[-2.43679365032846,50.569948811846],[-2.43869958825597,50.5693704979422],[-2.43663794118654,50.5687110836372],[-2.4374044069385,50.5682968101778],[-2.43568451759691,50.5684061143077],[-2.43333926949784,50.5676558930482],[-2.42243385201977,50.5692189355418],[-2.42863588225113,50.5670393032524],[-2.42791412884526,50.566298561267],[-2.4283771063158,50.5660591314972],[-2.41680747229026,50.5509773177818],[-2.41567517095136,50.5491850657224],[-2.41587492037327,50.5486765111884],[-2.43675488143457,50.530436980508],[-2.43714167624136,50.5301835586801],[-2.43723661771426,50.5300159526059],[-2.45500725645401,50.5144781571035],[-2.45676669594014,50.5136254658803],[-2.45181316546959,50.5514476213534],[-2.44965126587861,50.5556730745404],[-2.44981807173355,50.5562690904498],[-2.44856514729884,50.5588886264817],[-2.44876210505181,50.5590218129648],[-2.44870660319066,50.5591416807916],[-2.45063432892807,50.5604397104291],[-2.45052675443307,50.5612601201718],[-2.45136278004965,50.5617877788303],[-2.45149861175842,50.5622729953779],[-2.50400145774758,50.5965531531162],[-2.50854204588974,50.5989780474888],[-2.51749288201308,50.6041624668666],[-2.5230963463445,50.6069955027331],[-2.5297409144206,50.6111763732349],[-2.55017564683175,50.6211924734106],[-2.56690774271143,50.6301100784474],[-2.59087244179783,50.6428722751303],[-2.6170260438203,50.6543938739751],[-2.62549444869254,50.6586587115603],[-2.6307774542113,50.6606226922959],[-2.63549417868498,50.6629263134488],[-2.63993443373553,50.664476346406],[-2.65255110326318,50.6700254260414],[-2.76024908907227,50.7088621038092],[-2.76307061327601,50.7097519059796],[-2.76171464070388,50.7112665534135],[-2.7632813807675,50.7098183505749],[-2.77680226264135,50.7140796011372],[-2.77917780784563,50.7144579528962],[-2.77970224546285,50.7146673149754],[-2.78729971184728,50.7157649877743],[-2.79363775450223,50.7179641227987],[-2.83308225447926,50.7232648126752],[-2.83385072828841,50.7234826726242],[-2.83426795432765,50.7234239201299],[-2.8426972709073,50.7245547375193],[-2.85142186961313,50.7259385691504],[-2.89445578432034,50.7327538265181],[-2.89478578847851,50.7327422484131],[-2.90198161968187,50.7324895605517],[-2.90852007740465,50.7333626885896],[-2.91156239565636,50.7321524292663],[-2.92089930437522,50.7318231179364],[-2.92486895326067,50.7295608087597],[-2.92741933452239,50.7286777884563],[-2.92749843450687,50.7280620684759],[-2.93710253200577,50.7225866751842],[-2.93734544736541,50.7218900483515],[-2.94620335376529,50.7183619808016],[-2.94739275942927,50.7182876280686],[-2.94776118613026,50.7182646696291],[-2.95257593183509,50.7164390587911],[-2.99205813422633,50.7052313980865],[-2.99514738560341,50.7054656284037],[-2.99909598514356,50.7037435256962],[-3.01170567309655,50.6997837239699],[-3.02016595465206,50.6987267552323],[-3.03215676398428,50.6999206242532],[-3.05485361776791,50.7025213706874],[-3.06087317752656,50.7030365058152],[-3.06676583170489,50.7028030996347],[-3.07272353761813,50.7028285413972],[-3.07505045138695,50.7024685609245],[-3.07987491497486,50.702273472277],[-3.08078397991832,50.7016130221693],[-3.0814167599153,50.7016449490418],[-3.08158421756179,50.7014574890709],[-3.08243889256569,50.7013252015806],[-3.0890114966555,50.6969735355881],[-3.09235393295658,50.6955823031904],[-3.0958889989374,50.6854376027271],[-3.09608058050382,50.685222964747],[-3.13380143337927,50.6851160711333],[-3.18476687391533,50.6849455036016],[-3.18967908818612,50.6843190607304],[-3.19118059592989,50.6843056072229],[-3.19540877923381,50.6835880849992],[-3.23380486223201,50.6786817924935],[-3.23404043670757,50.6786516483243],[-3.26164378014492,50.6719159067143],[-3.26183126617225,50.6718701166243],[-3.27033583543943,50.6649780042036],[-3.279807902862,50.6582519103133],[-3.28062461210111,50.6566364656098],[-3.2846876570971,50.6533413244886],[-3.28786023337394,50.6438220845638],[-3.29765537056595,50.6350665372314],[-3.30609307434285,50.6294830057365],[-3.3062849393809,50.6298765842142],[-3.3074206733532,50.6314691423261],[-3.30871606246466,50.6334583489519],[-3.30934059518567,50.6343560253123],[-3.30979355425881,50.6350404680704],[-3.30820694727134,50.6310628303699],[-3.31198629427716,50.6309016258572],[-3.30698493649884,50.6295728329215],[-3.32240508584952,50.6284023947347],[-3.34683255123514,50.6208218809076],[-3.34799247053395,50.6206252698467],[-3.34821377495307,50.6203936288221],[-3.3492127403347,50.6200945648825],[-3.35861904998313,50.6153677068402],[-3.35858180936661,50.6151241228516],[-3.35922218228781,50.6147853079662],[-3.35912700396444,50.6117634647899],[-3.35904176136924,50.6090566412097],[-3.36050358363461,50.6075256123959],[-3.36597508969369,50.6098804212757],[-3.37475605108107,50.6084573299953],[-3.3854560191713,50.6067513493112],[-3.42384565532666,50.6177121741843],[-3.42317050662033,50.6191745275655],[-3.41661505707977,50.6215385338783],[-3.41592274149271,50.6291137349067],[-3.41551654708744,50.6291914308564],[-3.41569183600111,50.6293079569486],[-3.4155166084088,50.6293404188048],[-3.4157304442375,50.6293336224518],[-3.41582820436731,50.6293986106422],[-3.41586870910026,50.6294233437922],[-3.41588096837471,50.629570737294],[-3.42259591051976,50.6381777117195],[-3.42311926586393,50.638848375059],[-3.43279393149388,50.6461007147865],[-3.45207359267947,50.6774279210608],[-3.45150962937501,50.6792437912469],[-3.45072914155106,50.6818015783665],[-3.45110268623978,50.6822304421918],[-3.45161218018845,50.6817484093001],[-3.45200064636436,50.6800270781087],[-3.45636874216979,50.6749416728641],[-3.45949347833118,50.6757267124138],[-3.46707167900961,50.6826280503482],[-3.479888890768,50.6907770976133],[-3.48387999881274,50.6905104837873],[-3.48102961375026,50.6895494039406],[-3.47762666989849,50.685013684319],[-3.47700749172681,50.6841882859853],[-3.4698515445237,50.682232862063],[-3.4686914148987,50.6818186589006],[-3.46809483539148,50.6639517609695],[-3.46449716795771,50.6615379877433],[-3.46443567286653,50.6614967260744],[-3.46469055027262,50.6607082271472],[-3.46280977756326,50.6604057469466],[-3.45641499096321,50.6561141143155],[-3.45248081474467,50.6424675601903],[-3.45243062819601,50.6422934259295],[-3.44691286774567,50.6170833295658],[-3.44690016543489,50.6170226038278],[-3.44558260937034,50.6107231393136],[-3.44455833201218,50.6058245781452],[-3.44515112812978,50.605580364177],[-3.44454741091473,50.6057648063102],[-3.44367293738485,50.6015892897599],[-3.43112023465237,50.6079338537779],[-3.42892290186136,50.6077135944596],[-3.42745305538195,50.6104696204031],[-3.43062003473418,50.6106201330219],[-3.42731694644859,50.6133651750319],[-3.42290431667323,50.6144705477752],[-3.42473968827302,50.6109798398662],[-3.42808464684231,50.6070814678326],[-3.4394037767651,50.5993184457353],[-3.43948248890829,50.599123638968],[-3.45576741525996,50.5860387386472],[-3.45816660920688,50.584882240678],[-3.46336038999664,50.580020531919],[-3.46435949645609,50.57944096562],[-3.4650432493821,50.5785814258901],[-3.46681124539003,50.5771596963287],[-3.4668557566677,50.5767479593451],[-3.46740458251235,50.5762340642553],[-3.46746678266749,50.5755345454702],[-3.4687141103481,50.5739662306692],[-3.46841285941008,50.5648926124084],[-3.46857549108614,50.5630627668766],[-3.46936525290081,50.5626297490704],[-3.47703050678037,50.5602912326828],[-3.48048305761033,50.5565325518354],[-3.48276010452122,50.5552834595704],[-3.48252048319454,50.55520560764],[-3.48232297087803,50.5551182002799],[-3.49270501372607,50.5452456611641],[-3.49444319167425,50.5439822529567],[-3.49484649988824,50.5432086440032],[-3.49643993506539,50.5416928010137],[-3.50028082098597,50.540869066087],[-3.50088312583543,50.5460037254039],[-3.50092906755731,50.5463953295162],[-3.50685544626598,50.546207308927],[-3.51914659307001,50.5459901738683],[-3.51955372088399,50.5459854309455],[-3.55900731431162,50.5455188880673],[-3.56671665061977,50.5429263461787],[-3.5771105520933,50.5421747403313],[-3.58025642885859,50.5393835777724],[-3.58057837265816,50.5393026892839],[-3.59080033929384,50.5388478043697],[-3.58369662168093,50.5385246184787],[-3.58305547928636,50.5383617388183],[-3.57920206382664,50.5373826972379],[-3.55102231028188,50.5411143192753],[-3.54042068875447,50.538131581609],[-3.53992092680045,50.5391848230093],[-3.5398794455886,50.5392722434135],[-3.53932985497901,50.5404304395054],[-3.50978323969302,50.5428634192114],[-3.49740987012131,50.5382910588625],[-3.50635248921541,50.5211271136543],[-3.5091606746168,50.5166191104537],[-3.51522401716698,50.4961196521517],[-3.51344509845125,50.4885483704544],[-3.51282479463084,50.4860287245739],[-3.51428803757818,50.4835452591396],[-3.51480198381588,50.4816900243434],[-3.50848105539332,50.4798456609452],[-3.50529122420483,50.4789075483235],[-3.5011042298952,50.4770081208702],[-3.49729526351796,50.4758374735391],[-3.50110563458394,50.4718608129943],[-3.49198651976071,50.4704742553144],[-3.48901218662456,50.4638037525234],[-3.480824533607,50.4640287125078],[-3.48343223797436,50.4603700684536],[-3.49126631689865,50.4581941823869],[-3.50414157625236,50.459615111137],[-3.51597622984316,50.4538008814759],[-3.52323573477641,50.4574088913013],[-3.5238074628748,50.4573863864756],[-3.52517137117297,50.4573326870523],[-3.52886495208303,50.4572825271831],[-3.52355562757013,50.4613629816358],[-3.53039596536211,50.4611346945027],[-3.52903332427297,50.4576980821073],[-3.53104333582506,50.458971321447],[-3.53062719066154,50.4610663099611],[-3.53402548813658,50.4630934869482],[-3.54014670200344,50.4605262935835],[-3.54039773120766,50.4601285366426],[-3.54451476089022,50.4530317675303],[-3.54483112683196,50.4528555858329],[-3.55262152138612,50.4495354896757],[-3.55316895765202,50.4493028772461],[-3.55777308728358,50.4400821575651],[-3.55780050993805,50.4400272276199],[-3.55908423051769,50.4331155253617],[-3.55761764352602,50.4328339007415],[-3.55559882815209,50.4325488205214],[-3.55550280261279,50.4312941891733],[-3.55536044073853,50.4294339948137],[-3.55526474613385,50.4281834968124],[-3.55703266159009,50.4281531594249],[-3.55908828021355,50.4276642301715],[-3.55687349864717,50.4162409407468],[-3.55679766978584,50.4158273451804],[-3.55512034340095,50.4066767215322],[-3.5508670995767,50.4057094812423],[-3.54692507577471,50.4048127933627],[-3.54505714233096,50.4024960734956],[-3.54470197690165,50.4020991482172],[-3.5393518245681,50.4034828923096],[-3.53555456736002,50.4044847352688],[-3.53313340527848,50.404809222765],[-3.531841840573,50.4047813444471],[-3.52820356570097,50.4047384508046],[-3.52688087972667,50.4042393771505],[-3.52394174230421,50.4028321085285],[-3.52286060702565,50.402314417403],[-3.52282580905156,50.402297753677],[-3.52247464922303,50.4023433793498],[-3.51952206080181,50.4031754976767],[-3.51314754466184,50.3985181374287],[-3.51065263471538,50.3977321633333],[-3.5063495476377,50.3994871468348],[-3.5051445671327,50.3999761284791],[-3.50591731058736,50.4005338347092],[-3.5072572952697,50.4015114605398],[-3.5116585127531,50.4047285607404],[-3.50447913393557,50.3999802675904],[-3.49345909668318,50.4012509576781],[-3.49323036089794,50.401270099812],[-3.49033381858062,50.4008917437194],[-3.48969182484912,50.4007056606319],[-3.48765576368725,50.4007219054701],[-3.48757485912574,50.4007547695711],[-3.48329833519841,50.4002019529178],[-3.48308991030852,50.4001623579098],[-3.48264270018069,50.3998889200842],[-3.48240718495997,50.4000404655032],[-3.48243295049384,50.3989680053836],[-3.48263044593443,50.3987516604758],[-3.48492927523052,50.3979794425514],[-3.48608631249486,50.3980321007078],[-3.48672429818614,50.3979536531467],[-3.48776229370966,50.3979079194602],[-3.48801675032231,50.3978985596709],[-3.4892903658854,50.3966401301894],[-3.48948870183178,50.3962437510239],[-3.48952794038511,50.3956982817205],[-3.48927478021713,50.3956142356971],[-3.48894122112387,50.3946429055163],[-3.48885939893292,50.3944359727778],[-3.48858406928767,50.3943594403368],[-3.48938271451427,50.3942746262333],[-3.4898939470437,50.3942248773606],[-3.490088434593,50.3942583505167],[-3.4902094050804,50.3941410701949],[-3.49153280163046,50.3934932606397],[-3.49217601628575,50.3935619147854],[-3.49232561673907,50.3937026047577],[-3.49213337016474,50.392584369731],[-3.49289632150418,50.3922980929397],[-3.49267615123677,50.3921513887295],[-3.49265308658063,50.3920114626804],[-3.49281418782548,50.3919014678798],[-3.49384194675309,50.3915709199866],[-3.49481830645372,50.391543543482],[-3.49482099692949,50.3916734845536],[-3.50136391710843,50.3897000248723],[-3.50157032823514,50.3891410585744],[-3.50289820237352,50.3887858012096],[-3.50259338257727,50.3863704089503],[-3.50320916729598,50.3847025789109],[-3.49798176113463,50.3840168270743],[-3.49738324610277,50.383209631568],[-3.50705720866176,50.3792683045511],[-3.5076303087972,50.3791555947665],[-3.50774610197523,50.379058908648],[-3.50777195004446,50.3790373256853],[-3.50786703034252,50.3789579359301],[-3.51544784207585,50.3726269622066],[-3.5151121923952,50.3721234185814],[-3.51567731066755,50.3716049774422],[-3.51539542439435,50.3713467309622],[-3.51609282761012,50.3706776988513],[-3.5130731825449,50.3690642293439],[-3.51285022044553,50.3687296858439],[-3.52106461901206,50.3587651082014],[-3.52038814630071,50.3581849655625],[-3.52052677157133,50.3579781482165],[-3.52054122481492,50.3579427325218],[-3.51870775445852,50.3567437817173],[-3.51537963005543,50.3538890775053],[-3.51731137534438,50.347683566543],[-3.51792808597184,50.346505247624],[-3.53109317322232,50.3443428131076],[-3.53308881312138,50.3398885805748],[-3.54326793014187,50.3355981279894],[-3.54413308291276,50.3354477024348],[-3.55647557118788,50.3431193094344],[-3.55966202179668,50.3419386985966],[-3.56914911393151,50.345973134808],[-3.5709478853186,50.3467420780412],[-3.5735945480556,50.3479451811031],[-3.57021113664641,50.3496853946327],[-3.56410362640629,50.3527692064152],[-3.56887740246473,50.3517381645741],[-3.57030857244567,50.3514966853465],[-3.57621224312103,50.3629452595132],[-3.57660464421032,50.3652926522591],[-3.57658824396939,50.3672623823866],[-3.57108520390895,50.368375789728],[-3.57101062178807,50.3683858766254],[-3.57036728946413,50.368529751351],[-3.57292025603111,50.3683298965653],[-3.57543329350228,50.3682489983766],[-3.57799906296139,50.3736313016561],[-3.57831388373469,50.3755134254584],[-3.5790352340515,50.3758045157431],[-3.57983299109723,50.3774774560481],[-3.59165278310164,50.3823394122452],[-3.57518675433579,50.3931944165343],[-3.60283330512455,50.3953224250476],[-3.6096831212868,50.3923056733787],[-3.62304010432989,50.4008899587323],[-3.62365277032046,50.3979439659044],[-3.63244385663471,50.3999731204809],[-3.63019180896617,50.4033585988679],[-3.63424494604583,50.4088051245472],[-3.64702119475594,50.4063629458029],[-3.64767125236599,50.4062386436839],[-3.64772336948872,50.4057870491506],[-3.64785516632675,50.4046450160124],[-3.63395379667505,50.4049660825615],[-3.6439701249301,50.3968913357637],[-3.66678781380359,50.3945473862258],[-3.67236104481876,50.396951576252],[-3.66321114893822,50.3924148490982],[-3.63536759653825,50.3980028527633],[-3.62603781335215,50.3919504137354],[-3.60758333327355,50.3887542416437],[-3.61433916854718,50.3837553964357],[-3.60609947881458,50.3852707130696],[-3.60023710398793,50.3913486773591],[-3.59407145683346,50.3897370962004],[-3.59744872415508,50.3846595478124],[-3.59458886943006,50.3805930529468],[-3.5806237229455,50.3720816959939],[-3.58068743793731,50.371889866832],[-3.58609950966034,50.3626131302294],[-3.58943212008756,50.363843916126],[-3.6002919829795,50.3569723508927],[-3.60110794054911,50.3564559352023],[-3.60133143152292,50.35631448621],[-3.57934346261638,50.360280242549],[-3.57774330394131,50.3522687465512],[-3.57746317383136,50.3508963597565],[-3.5767386185064,50.3460775169906],[-3.57642403223787,50.3458047687254],[-3.57636130239074,50.3454973647814],[-3.57342000918679,50.3424909147925],[-3.56922656703373,50.3421409845574],[-3.5635599170673,50.3353997919494],[-3.57240679702674,50.3301862100739],[-3.57092459587095,50.3282796292742],[-3.57050403772466,50.3275214664411],[-3.5709150270608,50.3270663076399],[-3.57910264609198,50.3257871566931],[-3.5890187979524,50.3256313801074],[-3.59452388805509,50.321428451811],[-3.60405680130235,50.3194889870207],[-3.61038144806727,50.3192420555142],[-3.61096146333483,50.3187864154085],[-3.63377687358432,50.3008542768899],[-3.63970511196977,50.2923265330414],[-3.64237336793913,50.2899106429062],[-3.64323487521464,50.2872474007099],[-3.64617244970509,50.2830158342368],[-3.64733431112451,50.2788021054556],[-3.65621209569072,50.2481569550233],[-3.659183848086,50.2378902291317],[-3.65878871876851,50.2371415980784],[-3.65900436911631,50.2363563817025],[-3.65428578804862,50.2276093948925],[-3.64081588052894,50.2219120596772],[-3.64067002030379,50.2217851231798],[-3.64979112656959,50.2218064576291],[-3.65047124054811,50.2213971144975],[-3.6722876888859,50.2215895609146],[-3.68130677565896,50.2223977598279],[-3.68348307093206,50.2206185815547],[-3.68379725521736,50.2203617136021],[-3.69940145881825,50.2126267999345],[-3.70340860000784,50.2112415339136],[-3.70424799566683,50.2102234803169],[-3.71369372929446,50.2055382331971],[-3.71693246191254,50.2056171715282],[-3.7175339560742,50.2049504894117],[-3.72080052130276,50.2030947852586],[-3.72120836451095,50.2028975828793],[-3.72607935125928,50.2081764629874],[-3.72883739055651,50.2076875316823],[-3.73662864015641,50.2137027136934],[-3.73739423347548,50.2147914496968],[-3.77340570084813,50.2240847266273],[-3.77330994465831,50.2241917414466],[-3.76161033027237,50.236200526005],[-3.74094626095545,50.2396473526337],[-3.72609027411823,50.2368521267659],[-3.73913425209881,50.2410713001599],[-3.7351053240972,50.2425810277239],[-3.74571116596118,50.2408517954701],[-3.75372262866244,50.2408479330546],[-3.7556169135377,50.2423990595789],[-3.75462411561585,50.2444480382181],[-3.75257679981409,50.2453476992732],[-3.7531790234809,50.24673571782],[-3.75333799832569,50.2471021118636],[-3.75598896058488,50.2514003760299],[-3.74719352717312,50.2515979846029],[-3.74755425178189,50.2564738022227],[-3.73692977599647,50.2576683036314],[-3.74505929453167,50.2601450010385],[-3.72957906915343,50.2633481036674],[-3.72946803895497,50.2637637271891],[-3.72944840724877,50.2638372142802],[-3.72864735993916,50.2668355674747],[-3.71997728731297,50.2705501399349],[-3.728789173136,50.2688931175285],[-3.7323237099468,50.2644332952045],[-3.74523466998312,50.2620644195977],[-3.75689197772265,50.254864177777],[-3.75445824432452,50.2605251411681],[-3.76200031010762,50.261530802358],[-3.75934778440977,50.2763054048083],[-3.75926593554777,50.27676116807],[-3.75803226126553,50.2836296942937],[-3.76518516434843,50.271736842258],[-3.77257494893447,50.2752013568238],[-3.77264108598937,50.2776550817247],[-3.77591532642585,50.2825589436254],[-3.77803109626507,50.2792167182555],[-3.77652959800938,50.2787443410987],[-3.77399061549833,50.2779455030541],[-3.77407248081717,50.2773888061734],[-3.77513992060397,50.2701289713868],[-3.76996486312662,50.2696484774273],[-3.76746990921529,50.2628678601447],[-3.77181016736895,50.2600800184074],[-3.78581741772685,50.2657253708033],[-3.78485724406011,50.2622620244135],[-3.77680823507233,50.2608455831407],[-3.7741006698787,50.2570409964768],[-3.78793557780747,50.2549913552475],[-3.76759374859229,50.2540879624428],[-3.7646793639888,50.2535028187103],[-3.7615506181598,50.2466088107392],[-3.75883068588003,50.2406138918237],[-3.75889584135377,50.2405974647146],[-3.76526492472267,50.2419959350755],[-3.76807067599769,50.2443420655385],[-3.77525010176725,50.243728905846],[-3.76814031678222,50.2425862547297],[-3.76612157013468,50.2363128177077],[-3.77970665658913,50.2295004278932],[-3.7819010787845,50.2295986991484],[-3.78170338093576,50.2273242053705],[-3.78259238804328,50.226355205979],[-3.78400798281952,50.215352963764],[-3.78669603542611,50.2151261554876],[-3.78477376074014,50.2111335968764],[-3.78471034388144,50.210881455595],[-3.78580981388741,50.21068278985],[-3.79347176121934,50.2117222537982],[-3.79935334295551,50.2147427534374],[-3.80997339288199,50.2158021891598],[-3.82109450684082,50.2170373476068],[-3.82378456465997,50.2182795619744],[-3.82718012568892,50.2235733871507],[-3.83533802472369,50.2270011951535],[-3.83571896094166,50.2273153035459],[-3.83715022063201,50.2278167271189],[-3.83819835989606,50.2286037655821],[-3.84316435299006,50.2302887707693],[-3.85275656829906,50.2343168635428],[-3.85498200616509,50.2342973480836],[-3.86586816750074,50.2379883727479],[-3.86802106775264,50.2393681125185],[-3.86712012326151,50.2415629893584],[-3.85902740345629,50.2426409801154],[-3.86043004620096,50.2440978560578],[-3.86060303411419,50.2450649230987],[-3.86112631451558,50.2479900049273],[-3.85808770705541,50.2607796917619],[-3.86222057634005,50.2642906138018],[-3.86334882137434,50.2641564336359],[-3.88113161579549,50.2760938147171],[-3.87996379560704,50.2817906502979],[-3.87389136711189,50.280525487392],[-3.87056070865956,50.2798313949524],[-3.87051029539388,50.2798208880416],[-3.86810416175888,50.2793193883185],[-3.86416662878968,50.2872121879847],[-3.85232918994261,50.291036009636],[-3.85452118478697,50.2912207854001],[-3.85482364644984,50.2912462787526],[-3.85838603575967,50.2915464714943],[-3.85824744451618,50.2986191525428],[-3.85717213039292,50.2993107947613],[-3.85225677452157,50.3024719760032],[-3.84213742623019,50.3089780174863],[-3.83846077599895,50.3072732797171],[-3.8258280012143,50.3106492059173],[-3.83888066991521,50.3085105567225],[-3.83416584618991,50.3109559339614],[-3.83806580478392,50.3102161828541],[-3.8372609143393,50.3124001654067],[-3.83966793101807,50.3098409674658],[-3.83998946761509,50.3126052722643],[-3.84924853494983,50.3065589146299],[-3.85435637273674,50.3090080326698],[-3.85472005646313,50.309216083171],[-3.85460079376807,50.3090808647376],[-3.85104807466668,50.305052479716],[-3.86291678329396,50.2983078777869],[-3.86051577959433,50.2914728343597],[-3.86419496944912,50.2878876398941],[-3.86424309410069,50.2878407406145],[-3.86671138695226,50.2866640721661],[-3.86824823760826,50.2839371829201],[-3.8709958498769,50.2812588663408],[-3.87980843864313,50.2846164863161],[-3.89518338183747,50.2817757400248],[-3.89826143837354,50.2881897787123],[-3.90443547314567,50.2904385477847],[-3.91025909888974,50.2940790928469],[-3.91969014653107,50.2959924190247],[-3.92245853527117,50.2969999676242],[-3.94371408638679,50.2959236214064],[-3.94414566931833,50.2973478416913],[-3.94442203063486,50.300716602224],[-3.94526467593045,50.3010401239551],[-3.94692546557739,50.3065189490905],[-3.94673526104673,50.306922264039],[-3.93887558045297,50.3147696738569],[-3.93892104922051,50.3176208647585],[-3.93693152384521,50.3203399732282],[-3.93535437388452,50.322495243903],[-3.93485770023661,50.323173933863],[-3.92796658378943,50.3244234055354],[-3.91997530535248,50.3316771989442],[-3.92850536132937,50.3257599890066],[-3.93606521640478,50.3249553801133],[-3.92685884455364,50.3367054113814],[-3.9263713601454,50.3397670526127],[-3.92670427919956,50.3390976920972],[-3.92693184606503,50.3386419048322],[-3.9289830276901,50.3345585600565],[-3.93089541371722,50.3340855829148],[-3.93449616568174,50.333160863504],[-3.93752356158383,50.3294938005283],[-3.93864600868219,50.3287160785903],[-3.93855052963771,50.3282496977711],[-3.9395755366504,50.3270078981599],[-3.94015039442985,50.3161790708408],[-3.94069341758889,50.3158687649901],[-3.95403331018822,50.3082437565432],[-3.96260268312535,50.3040882178036],[-3.97429463216935,50.3066480656264],[-3.98742231222673,50.3070663552194],[-3.99188256253344,50.3074932417634],[-4.00127401482416,50.3028142896299],[-4.0076996935074,50.3020857727814],[-4.01400287182827,50.3026412157615],[-4.01511548724949,50.3012445327696],[-4.01619669241734,50.3011187329684],[-4.0207805631653,50.2945321348903],[-4.04878842155132,50.2946747967654],[-4.05199911741462,50.2968252947176],[-4.05257619192189,50.2979275657904],[-4.05651832420481,50.296899068118],[-4.06016058031583,50.3005358131386],[-4.06543667463481,50.3017503974823],[-4.06659394879323,50.3024819166734],[-4.06669368545496,50.3024893069463],[-4.06687358916405,50.3024954596831],[-4.06915352441281,50.3026058478657],[-4.07484929952276,50.3039164487235],[-4.07199752577633,50.3089161801034],[-4.05334455239888,50.3095752602468],[-4.04867484259562,50.3129162111247],[-4.04043071406724,50.3103484977126],[-4.03192787108066,50.3142767895234],[-4.04459550940595,50.3124501253339],[-4.05320990376473,50.3150568777252],[-4.04304282179024,50.3239711426488],[-4.04634141470951,50.3248152447454],[-4.04262146091432,50.330041794459],[-4.04228256927202,50.3304009697163],[-4.01573074793729,50.3410430183035],[-4.03642229936793,50.3391674460042],[-4.03839310889918,50.3373384563471],[-4.04152809616668,50.3344287155051],[-4.04548780285369,50.3307528960772],[-4.05105483266591,50.3348918926577],[-4.05144430061952,50.3386481609589],[-4.05828199678584,50.3380766271063],[-4.05259280513146,50.336732810777],[-4.04712175515696,50.3279026639849],[-4.04859763333981,50.3253000398197],[-4.05084455639327,50.3213371621035],[-4.05537586686152,50.3185990962637],[-4.05643975676545,50.3114659392712],[-4.07083039947234,50.3128588722346],[-4.07654317454629,50.3159354562052],[-4.07716047732549,50.3158226267679],[-4.07725030550895,50.3158657471715],[-4.07819588788519,50.3156333672376],[-4.07871270860013,50.3155388953525],[-4.08436489446682,50.317569980399],[-4.08437233942307,50.3176081580942],[-4.08445478829677,50.3176018709723],[-4.08510602139707,50.3178144345272],[-4.09073349664556,50.3171228791873],[-4.1007193007866,50.3163603549546],[-4.10086329461194,50.3161889435815],[-4.10161070692502,50.3161239009455],[-4.10184143956868,50.3158541358181],[-4.10938245278357,50.3165811624535],[-4.11293145601687,50.3193248045598],[-4.11899825525202,50.3193411666391],[-4.12219543096347,50.3255213863238],[-4.12142506628383,50.3284729089503],[-4.1195179958976,50.329484439595],[-4.1197177523872,50.3301956299933],[-4.11947842035943,50.330366794525],[-4.11987699762093,50.3307625760626],[-4.12036959136891,50.3325162142277],[-4.11953405358888,50.3357165526791],[-4.12758117872531,50.3363753554701],[-4.12323722619032,50.3465713374914],[-4.12302378390178,50.3467251383638],[-4.12303140739512,50.3467526340758],[-4.1258705200411,50.3569892518692],[-4.1277031092448,50.3574618042736],[-4.12780302661111,50.3577007341248],[-4.13036099195357,50.358236666419],[-4.13153262712163,50.3601197589131],[-4.12827575541082,50.3607228723475],[-4.12045984002592,50.3578551537863],[-4.11614757486108,50.3603773571587],[-4.11352920054849,50.3542010242666],[-4.10533168090595,50.356531956059],[-4.11244555794992,50.3594301082911],[-4.10883372242589,50.3665705279111],[-4.09804046572165,50.3668476188535],[-4.10815423313619,50.3678960100466],[-4.09930929764047,50.3797354906087],[-4.08610427661462,50.3857637983043],[-4.0839811291844,50.3867327659888],[-4.08871025100849,50.388192259618],[-4.10434292855537,50.3798449574477],[-4.11394702689305,50.3625256438109],[-4.12127481832648,50.3614379654368],[-4.13317010270242,50.3663958000721],[-4.13349107961299,50.363285407777],[-4.13353791451045,50.3633422998145],[-4.13376928066896,50.3633076035279],[-4.14563496582127,50.3642535538206],[-4.14603772974416,50.3640090805966],[-4.14611562358196,50.364013570963],[-4.15203211795594,50.3622850355095],[-4.15280127516363,50.3623087610854],[-4.15321278582862,50.3660275282133],[-4.1641730282175,50.3589525575488],[-4.16499926919011,50.3618050314175],[-4.16259789319489,50.3635849517441],[-4.16618591244375,50.3666628929135],[-4.16635252078719,50.3664761559136],[-4.1665381817505,50.366485175286],[-4.166612183029,50.3665440697316],[-4.16665400188825,50.3664893293029],[-4.18058769943805,50.3651328421023],[-4.18540674515691,50.3671948095518],[-4.18537973811431,50.3672633584544],[-4.18215218060955,50.3692669497009],[-4.18469785118024,50.3689940543442],[-4.18422306447751,50.3766651121844],[-4.18229876068679,50.3777580027048],[-4.18223418000107,50.3779727485351],[-4.18596736902117,50.3823370275669],[-4.18428358601909,50.3843288726166],[-4.18731729996325,50.38391492869],[-4.19267718179342,50.3901785598025],[-4.18182664280975,50.3956255924004],[-4.17970267338224,50.3966915842968],[-4.18295691351949,50.3962276088363],[-4.19454319582552,50.392086008712],[-4.19607965115142,50.3928814979934],[-4.2047734630216,50.4000262203236],[-4.19958869018324,50.4028992459603],[-4.20261828607586,50.4042504400354],[-4.19507119428091,50.4191207551398],[-4.19234041838316,50.4246825653434],[-4.18623525684799,50.4237289377259],[-4.18579383654608,50.4236212061328],[-4.17586853058981,50.421976029068],[-4.16939515760884,50.4230881986038],[-4.1730293439478,50.4244792389123],[-4.17653762050785,50.4225670447984],[-4.17848054913896,50.4246542896181],[-4.18518284988766,50.4258373562554],[-4.1898603488086,50.428453066212],[-4.17557401868624,50.4338004271753],[-4.16272974547275,50.4493801846293],[-4.15648898434074,50.4464936788213],[-4.16210147762183,50.4504316167202],[-4.15861425101386,50.4532734322129],[-4.15854659584806,50.4533285610592],[-4.15716357975531,50.4544554855043],[-4.15459339044715,50.4565495711195],[-4.15669701579711,50.4613462121014],[-4.15686317314974,50.4580553638499],[-4.16006308348286,50.455600396629],[-4.16411222371059,50.4564628206134],[-4.16959383246094,50.4519560925479],[-4.18509978859368,50.4342703500795],[-4.19075896891368,50.4353242095545],[-4.19132220860737,50.4408434738181],[-4.19897052201529,50.4455930657847],[-4.20046151860447,50.4535322165912],[-4.19586365921527,50.4537576331463],[-4.19492685684647,50.4501981889128],[-4.19373829824105,50.4550182968218],[-4.20146515534417,50.4544243611606],[-4.21570385781984,50.4682753719587],[-4.22461117634354,50.4670908093096],[-4.22789592481372,50.4576435940693],[-4.23220897651812,50.4569512524737],[-4.235640032735,50.4587380514988],[-4.23820425110852,50.4641956164989],[-4.23825143267594,50.4648828949971],[-4.23931112495463,50.4651809637271],[-4.24068657983219,50.4655017601947],[-4.2429609815601,50.4659917766472],[-4.24261809861444,50.4654505339207],[-4.23864683682781,50.4591808840393],[-4.23754932795149,50.4574478572366],[-4.22971598659029,50.4550303495519],[-4.21765124326894,50.4644479820533],[-4.21159882448348,50.4562001419692],[-4.21131859196411,50.4456602749573],[-4.20377367877318,50.4428083049148],[-4.20350376774512,50.4422418298265],[-4.20585635101586,50.4406685864364],[-4.19981808937379,50.4371329342685],[-4.20017276697685,50.43524949617],[-4.20375037622745,50.4299851300973],[-4.21716307127644,50.4297194169228],[-4.22120105924835,50.4260382524467],[-4.22122499126539,50.4260164330665],[-4.22635483634145,50.4355936107532],[-4.23676175065945,50.4387227945316],[-4.22690314506645,50.4351252539813],[-4.22822099848355,50.4297531852635],[-4.22825192186622,50.4296271182755],[-4.22384555327337,50.4254110870522],[-4.22961838753884,50.42523222173],[-4.22307375489956,50.4242955444817],[-4.22303471230566,50.4242899549569],[-4.22275064185691,50.4242492888434],[-4.22249695426138,50.4253271637673],[-4.20979817033719,50.4253541742906],[-4.21105704642759,50.4188183300818],[-4.21145919365172,50.416730010696],[-4.21163700103723,50.4166304399242],[-4.20699712870004,50.4098872307838],[-4.20728755314183,50.4087421688866],[-4.20731913031676,50.4086176611104],[-4.20760136695072,50.4075047677575],[-4.20897235163956,50.4065003627582],[-4.21260034738076,50.4051152881812],[-4.21346128498476,50.404786576476],[-4.21187278027752,50.4043752745316],[-4.21182088972412,50.3993832812762],[-4.22343239899947,50.3967187285928],[-4.22445823112898,50.3964896912204],[-4.22918012962702,50.3940322854643],[-4.22980754191154,50.3938460733717],[-4.22876862044014,50.3972175779917],[-4.23223282278674,50.3993963412758],[-4.23562318840052,50.401528383508],[-4.23281054589767,50.3936384679076],[-4.24374263676354,50.389186187784],[-4.24932939674463,50.3916794667138],[-4.24719253792639,50.393886633833],[-4.25239786097095,50.3934762692923],[-4.25243875435797,50.3934730440919],[-4.25239647175776,50.3934469775454],[-4.24776249807469,50.3905899488535],[-4.25216447089944,50.3885572948583],[-4.25272726729467,50.3882973932978],[-4.25214760089813,50.3882017924366],[-4.24521639841766,50.387058422483],[-4.25196009691865,50.3842499658226],[-4.25400441083305,50.3833984603106],[-4.27108030348117,50.387181212163],[-4.27063224349918,50.379513093688],[-4.27632284428323,50.3770038169024],[-4.28416333699664,50.3840628185268],[-4.28005231689794,50.3879815114887],[-4.284787301149,50.3844589139448],[-4.28874361215899,50.3875921786291],[-4.28192443588426,50.391280844897],[-4.28718441158587,50.3888991967866],[-4.28789869528653,50.3917525489257],[-4.28911964517786,50.3879796276966],[-4.29031958306572,50.3904861945229],[-4.28405241633558,50.3957398773592],[-4.28383716135177,50.395920295891],[-4.28064768479905,50.3985934002023],[-4.28228772114822,50.3979220042672],[-4.29159473853036,50.3941111095404],[-4.29351747430045,50.3890263010401],[-4.30123507723618,50.3924767752894],[-4.30127153508365,50.3924930736483],[-4.30172315818906,50.3926949611617],[-4.30278366577265,50.3895619789273],[-4.30326399942619,50.3881428351929],[-4.30696691886134,50.3897114806212],[-4.30864933793293,50.3904241208074],[-4.30866673704368,50.3897721857458],[-4.30872014009699,50.3877711021506],[-4.29558831973091,50.3873646197318],[-4.29608845750421,50.3859141859079],[-4.29521229027275,50.3868035655439],[-4.27726635707144,50.3744426210928],[-4.26815564890936,50.3752494547191],[-4.2817927685269,50.3716653951074],[-4.28003428140529,50.3696896061015],[-4.2701888720007,50.3728801798804],[-4.26665176101383,50.3695177909342],[-4.2662191762709,50.3747241605879],[-4.26054321922208,50.3766308800723],[-4.25151783475265,50.3749086484144],[-4.24920110958285,50.3744664335804],[-4.24932488855627,50.3772910193324],[-4.23341518799429,50.3841106565494],[-4.23543610372465,50.3874204781513],[-4.23078276540647,50.3904285785504],[-4.2280039407677,50.3907515375631],[-4.22688127971411,50.3902392882185],[-4.22432422195329,50.3911790913057],[-4.21177382680519,50.3926364178716],[-4.21166011668458,50.3925866080263],[-4.20318199008985,50.3884160846596],[-4.20167673679332,50.3876121883672],[-4.20451022866896,50.3867567081297],[-4.20858666012097,50.3855257889296],[-4.20753752840188,50.3852701685853],[-4.19897388394083,50.383183180037],[-4.19888810984891,50.383019272878],[-4.20256046333753,50.3791020303189],[-4.19559502955014,50.3767255737219],[-4.1939756527554,50.3736299195796],[-4.19476740639604,50.3718694483427],[-4.20024033253515,50.3705026386741],[-4.20133668059135,50.3702287962592],[-4.21108428368162,50.3734229978572],[-4.21116494968503,50.3734494265053],[-4.21100166329661,50.3732648184505],[-4.20768597171329,50.3696757492324],[-4.21932927122788,50.3668178050973],[-4.22206492986378,50.3687921251523],[-4.22535071176782,50.3668753486344],[-4.23516793261339,50.366022481353],[-4.23677899733842,50.3658824392025],[-4.23930486592727,50.361674793943],[-4.23518010315648,50.3638157125801],[-4.21740247154023,50.362196293743],[-4.22389446091195,50.3586750577307],[-4.20935093487686,50.3593463410286],[-4.2059518797287,50.3618789805546],[-4.19679559021605,50.3594485027294],[-4.19624089207043,50.354038893122],[-4.20393671047971,50.3487879499689],[-4.2095249409989,50.350828851242],[-4.2085291776033,50.3470305163733],[-4.19238797790949,50.3505713919461],[-4.19347174324767,50.3536207735637],[-4.1862792776149,50.356937120986],[-4.18299442879923,50.3580382804946],[-4.17619150701894,50.3601399047032],[-4.17018567661475,50.3546539489674],[-4.16709195529336,50.3503166865446],[-4.16862420534169,50.3466224252876],[-4.17989887545128,50.3418292839652],[-4.18810735707537,50.3408732661239],[-4.20122722558893,50.3329307540075],[-4.20087546619061,50.3295437460573],[-4.19915095043668,50.3286501972958],[-4.19904173975314,50.3283359708962],[-4.1951729788949,50.3264664655396],[-4.18856702290551,50.318603885352],[-4.18837136254808,50.3176713451342],[-4.21059473445096,50.318325555854],[-4.22131285573098,50.3146321634761],[-4.22267250742372,50.3114981755737],[-4.22408749835109,50.3163633774358],[-4.22377831509669,50.3167017828615],[-4.22425804251352,50.3169496902482],[-4.22514836397461,50.3200105856689],[-4.21971423633901,50.3224475448318],[-4.22034844245105,50.3260503735714],[-4.22845281995528,50.3313676729446],[-4.22863793216024,50.3320037185491],[-4.2297383406115,50.3323750971017],[-4.23170589511746,50.3339243846648],[-4.23345171855537,50.33464657815],[-4.24486659533777,50.3421312256937],[-4.2500630357771,50.3441518130669],[-4.28270553294373,50.3568352190289],[-4.29524737460709,50.3583325060014],[-4.29560792926347,50.3584582917851],[-4.30161418108679,50.3590920413859],[-4.31310135332858,50.3604614596576],[-4.31614759444675,50.3614860057049],[-4.32151642920487,50.3614638698221],[-4.32440141172548,50.3618073810415],[-4.33348239101705,50.3614136425946],[-4.35532999296094,50.3613187435461],[-4.35541699039047,50.361329422053],[-4.35546749045048,50.3613181330651],[-4.36963265667941,50.3612543957665],[-4.38697130300878,50.365693590496],[-4.40113538692973,50.3636682199239],[-4.40160155268701,50.3636015295358],[-4.41056340577622,50.3634919491812],[-4.41118004306496,50.3633993970934],[-4.41130276836688,50.3633978090546],[-4.41769301233078,50.3624246267902],[-4.43650531635264,50.3610489476827],[-4.4391791936446,50.3591931300964],[-4.43923024464896,50.3591854537576],[-4.45113076035612,50.3508993081492],[-4.45941058514264,50.3696271859488],[-4.45921052898908,50.3675208593315],[-4.45909226938806,50.3662751848593],[-4.45911160478946,50.3658078576808],[-4.45938800650217,50.3591268926175],[-4.46427169657184,50.3589434375955],[-4.46859455345521,50.363139081355],[-4.46871387762136,50.3632633908037],[-4.46903499120745,50.3635665060288],[-4.47363017219692,50.3637480409715],[-4.47737492438087,50.3638958447825],[-4.47851634182044,50.3639408713944],[-4.48365215356014,50.3641248299565],[-4.4694089336944,50.3626437947305],[-4.46393781250247,50.3577902131544],[-4.45724233399195,50.3582827467042],[-4.45132468345289,50.3504376721484],[-4.45121389233579,50.3479413602023],[-4.45165532558059,50.3468467065425],[-4.45631629290764,50.3437088744469],[-4.47306821008231,50.3385593035523],[-4.473052208664,50.334793571947],[-4.47351157414871,50.3331534507009],[-4.49762796958191,50.3373621056369],[-4.49809036096237,50.3366096777725],[-4.51508614567432,50.331214836846],[-4.51830880405492,50.3313478549008],[-4.51678518217202,50.3306753225745],[-4.53788065254934,50.3239735832743],[-4.5389145370371,50.3237107195953],[-4.5391670189864,50.3237230020656],[-4.57352560569653,50.3310402114368],[-4.57845977155615,50.332544804929],[-4.58746066603321,50.3320793992749],[-4.58928500395097,50.3307166111689],[-4.58967137384965,50.3306634754462],[-4.59220207728255,50.3285373305203],[-4.59842465393818,50.3238876967611],[-4.60664714759507,50.3289485735124],[-4.60832319409433,50.3282253845996],[-4.63068063729418,50.3246257252686],[-4.63348043602707,50.3247970893605],[-4.63733118651332,50.328686433366],[-4.63112545494487,50.331556053105],[-4.63112470788598,50.3316839536025],[-4.61805251573374,50.3348673050535],[-4.61981897741104,50.3348036480873],[-4.6179481954197,50.3352948067798],[-4.61862435741777,50.3355080408194],[-4.60883219412556,50.3382841381203],[-4.62066937212774,50.3361483919529],[-4.63020624427352,50.3391339408427],[-4.6307892690284,50.3387756578736],[-4.63144793794222,50.3413651488167],[-4.63064421499254,50.3426718282304],[-4.62742110585657,50.3479111847928],[-4.63608837067161,50.3473407555564],[-4.63595289006247,50.358116579387],[-4.61176947173391,50.3592107500239],[-4.60766274126578,50.3593960528809],[-4.63595842766601,50.3600692771431],[-4.63363975915907,50.3792456854666],[-4.61984413307074,50.3820274330239],[-4.615847557023,50.3855310326622],[-4.63588694816803,50.3798927564985],[-4.63796658525472,50.3731063384898],[-4.64222998589473,50.3760334162561],[-4.64328826704276,50.3767599084586],[-4.66082255927144,50.388792148248],[-4.66130725438812,50.3891045816451],[-4.66240474448619,50.3897768202403],[-4.65980054160478,50.3871354050803],[-4.651623259723,50.3789790910986],[-4.64968334426941,50.3770519283221],[-4.63873865333631,50.3703920844609],[-4.63887217683818,50.3541679544231],[-4.64176509405121,50.3545888806034],[-4.63734934532585,50.3521354009293],[-4.63762733161144,50.3466500945904],[-4.63123763301372,50.3446549314923],[-4.6336088474372,50.337042843217],[-4.65040114737648,50.3267190195715],[-4.65179279504502,50.3264646617598],[-4.6517442174817,50.3258930173168],[-4.65635836533111,50.3230549347034],[-4.66759605694247,50.3230734545965],[-4.67215307536248,50.3151059943706],[-4.67296376008599,50.314033620942],[-4.68473333879131,50.3201080070447],[-4.68144332331004,50.3378072176476],[-4.68864650875664,50.3410436869183],[-4.6902661442066,50.3442544904478],[-4.69156562205375,50.3468302730096],[-4.7022027632811,50.3469553524087],[-4.70023526436016,50.3445098527688],[-4.70177584104735,50.3447802958775],[-4.70567888320231,50.3454653568021],[-4.70469528910741,50.3429095446069],[-4.75647245112486,50.3311868679352],[-4.75660101701313,50.3310813063612],[-4.75683595681938,50.3310338445686],[-4.76308151835775,50.3265372167368],[-4.76683495655261,50.322067282533],[-4.76510304862942,50.3129999290661],[-4.75985935685952,50.3096654273967],[-4.75290557988936,50.2989051116459],[-4.76269443436222,50.3007256137077],[-4.76414785421156,50.2996357893941],[-4.77376139029775,50.2941174774022],[-4.77398141190182,50.2938823952761],[-4.78119012187568,50.2901557048175],[-4.78437121382384,50.2845915146339],[-4.78222026570283,50.2827756453565],[-4.78253101547542,50.281782261319],[-4.78067071190221,50.2807442760818],[-4.78341488178565,50.2754273058835],[-4.78398055765154,50.2750613076146],[-4.78385724225899,50.2745700962436],[-4.78641011416162,50.2696225244335],[-4.78636700887508,50.2694912542082],[-4.787007181703,50.2694692234499],[-4.78634737251482,50.2694314547198],[-4.78456031896901,50.263988591857],[-4.78569676333519,50.2618078612066],[-4.76705792509417,50.2567347510637],[-4.77087192138271,50.2558701967452],[-4.77008928099192,50.2553300223978],[-4.76994648785788,50.2552314657084],[-4.76871849933999,50.2543819479766],[-4.77674280022915,50.2498474035944],[-4.78050785885642,50.2485556249024],[-4.78054423758411,50.2485381531383],[-4.78178873438861,50.2473668845073],[-4.7854368884441,50.2456188755804],[-4.78824418147908,50.241251739038],[-4.78096616157119,50.2374898965932],[-4.78192074077386,50.2370594743413],[-4.78285508034003,50.2366451817268],[-4.798232366153,50.2301648609936],[-4.79829543260927,50.2278659294184],[-4.79840796900667,50.226259185535],[-4.79887879955435,50.2195357162166],[-4.81052839394454,50.2261197449906],[-4.81318324544029,50.2298172177938],[-4.8162004193505,50.2298945132847],[-4.81795816874613,50.2304617461185],[-4.81855690577063,50.2306554703171],[-4.83142835661325,50.2318779789758],[-4.83212844816664,50.2333624305538],[-4.83671607378715,50.2323797646598],[-4.83878473791288,50.232576004739],[-4.84147586069216,50.2368789353661],[-4.84241500342219,50.2365880663544],[-4.84678379532658,50.2352348300712],[-4.8541496421819,50.2349904749223],[-4.8629347859456,50.2359660777356],[-4.87368987409113,50.231197280987],[-4.87591137004218,50.2250811531394],[-4.87633320635928,50.2247954475346],[-4.88157172811823,50.2242254187913],[-4.88299365250362,50.2240706499684],[-4.89587741260531,50.2130726850466],[-4.89634207334548,50.2130164967637],[-4.90086736984199,50.2138436395496],[-4.90132891491689,50.2124138648593],[-4.90286267128152,50.2122282179418],[-4.90379133860232,50.2062643597988],[-4.91070295837648,50.2052809874153],[-4.91088201253821,50.2013793705531],[-4.91756501884969,50.1968460907083],[-4.91877566639282,50.196223871044],[-4.91911219491467,50.1961599218465],[-4.92230111229826,50.198485544298],[-4.9229039374455,50.2018853476848],[-4.93362681155178,50.2070896996329],[-4.94173102099594,50.2054460184543],[-4.9475593343997,50.2052902925924],[-4.95205032970059,50.2035718539723],[-4.95234193875607,50.2035403753893],[-4.95248409566536,50.2034058614434],[-4.95327314821628,50.2031039021031],[-4.95759464655832,50.2022266351116],[-4.96865178947815,50.192118340953],[-4.96805508392123,50.1886664835277],[-4.97114453810324,50.1857407301673],[-4.97362479580827,50.1856499554284],[-4.9735021677669,50.1833394397285],[-4.97915258027288,50.160651505134],[-4.98386126803224,50.1578080645478],[-4.98193813693263,50.1518124019897],[-4.99598917399758,50.1485655386629],[-4.9989325077304,50.146467136836],[-5.00936177850886,50.1395311763559],[-5.0098883828085,50.1396218806035],[-5.01696634631783,50.1475949174935],[-5.0173582059304,50.1489930283231],[-5.00467347948647,50.1506017415083],[-5.0044064603019,50.1504079243525],[-5.00428617657047,50.1506508371051],[-5.00392556648672,50.1506965479763],[-4.99594874955446,50.161989850945],[-4.99471994075461,50.1621207862509],[-4.99714313274254,50.163055762918],[-4.99384699366339,50.1680362703352],[-5.0015442977516,50.1675667089641],[-4.98857996181963,50.1784974047984],[-4.99648183630084,50.1752485728339],[-4.99664346642556,50.1736242681934],[-5.00594093982212,50.1708065805243],[-5.0006159938141,50.1652680060107],[-5.00601870135922,50.1614921212417],[-5.00562132924066,50.1601277385713],[-5.01205511402456,50.1587456591667],[-5.01378200313181,50.1591290786881],[-5.01718678016689,50.1576429879236],[-5.02517395876688,50.155926188745],[-5.02650631950598,50.157061983251],[-5.01825590818732,50.1821269483773],[-5.0139734921241,50.183637826612],[-5.01438308433253,50.1904495870564],[-5.0166402452646,50.1856069158231],[-5.02491485012284,50.1823953379067],[-5.02569409864205,50.1821940059553],[-5.03490774760695,50.2033618855603],[-5.03181798182595,50.2054513967492],[-5.02674190195686,50.2040005350519],[-5.02954272158132,50.2060433262161],[-5.02647636352619,50.2086726824923],[-5.02508062902106,50.2094246469781],[-5.02504521793101,50.2098997446701],[-5.02306108348173,50.2116008081103],[-5.02435477418731,50.2191617758937],[-5.02424776064399,50.2205971000519],[-5.02423417165477,50.2207793606091],[-5.01194267097894,50.2259308785583],[-5.00901602322103,50.2267553850294],[-5.00619631290569,50.2221302113383],[-4.99449526736913,50.2247436040573],[-4.99218874317727,50.2215447702983],[-4.99278880714861,50.224632855002],[-4.98208500873079,50.2266885089022],[-4.97995585800931,50.2217424355219],[-4.97977778327153,50.2213287112399],[-4.97973347084167,50.2217481543826],[-4.97916937138163,50.227087196361],[-4.97191010799976,50.2258527831841],[-4.9708742771401,50.228226287904],[-4.98179108842871,50.2295045336804],[-4.98271341276639,50.2323271052415],[-4.96569644223519,50.2323069145683],[-4.96709579092363,50.2347404533523],[-4.96485405817109,50.2380073882612],[-4.96731840791916,50.2402869319726],[-4.97229210121365,50.2358228798633],[-4.97870545743738,50.237974057041],[-4.97490848300543,50.2343921442062],[-4.98417207345986,50.2328680552976],[-4.98481918207991,50.2286809856611],[-4.99182174405464,50.2263642783927],[-5.00153952053676,50.2249152424514],[-5.00724628096519,50.2285638112173],[-5.01469334964796,50.2278722722745],[-5.01524628028163,50.229587174349],[-5.01632374656295,50.2343402640349],[-5.01211179494231,50.2408284796486],[-5.01490797277389,50.2435041726977],[-5.02169818134218,50.2451636842408],[-5.01025764143237,50.249018684188],[-5.00976220664885,50.2509525276157],[-5.0097547296192,50.2509817102216],[-5.00964768552154,50.2513995108071],[-5.00585852137947,50.2661841744997],[-5.00581143181277,50.2663678496146],[-5.00520176986576,50.2669462079213],[-4.99155528801595,50.2798875204235],[-4.99638722478254,50.2771710775107],[-4.99781714974746,50.2763670979418],[-5.00293624017498,50.2734885196555],[-5.0077454860841,50.2671020016036],[-5.00945212847462,50.2648351733799],[-5.01543686077143,50.2556968161538],[-5.01151287122432,50.2513916094897],[-5.02104312088665,50.2493916763787],[-5.02801536698976,50.2429499055865],[-5.03411966536198,50.2492993600141],[-5.03445017462349,50.2496430850284],[-5.04099013166605,50.2521917430329],[-5.04117776866922,50.2524161910092],[-5.04599562731637,50.2612014275929],[-5.04699730120648,50.2630242205625],[-5.05015966142303,50.264101782687],[-5.04699029794616,50.2587362629993],[-5.03922971349415,50.2491529342119],[-5.04926970109727,50.2483489441839],[-5.05048396797409,50.2482516462028],[-5.04689661434665,50.2477296435162],[-5.04663742738582,50.247691923912],[-5.03544731190383,50.2460628131772],[-5.02989966929026,50.241696262604],[-5.03130641213965,50.238180896351],[-5.02259608009196,50.2430092730882],[-5.02096269755697,50.2424196102496],[-5.01601145291828,50.2406319471695],[-5.02421128865191,50.235069770146],[-5.01841867319248,50.2258835042599],[-5.02167718263386,50.2249659486806],[-5.02935409338063,50.2234570347406],[-5.03282292789325,50.2279156818097],[-5.03904176410815,50.2295406124642],[-5.04433107053775,50.2275327663219],[-5.03956211815815,50.2283737146944],[-5.03114494378335,50.2243008882581],[-5.04165223212393,50.2210062665118],[-5.02899199265644,50.2210974330687],[-5.02890562870501,50.2204754753398],[-5.02829843215629,50.2161022009503],[-5.02830818815945,50.2155631732655],[-5.03126105715777,50.2106856003252],[-5.03890700970998,50.2126525893366],[-5.0360352893046,50.2096403202588],[-5.04225747255676,50.2048532087092],[-5.04384799156439,50.2051665453603],[-5.04806795313626,50.2090219433524],[-5.04387189790318,50.2033332581373],[-5.05023742975155,50.2023151992051],[-5.05806916900541,50.1942384363453],[-5.05899798574645,50.19337049367],[-5.05784929326849,50.1983052802867],[-5.06493600740441,50.2026722403154],[-5.06661584036735,50.2104624654211],[-5.07013428745912,50.2056600783116],[-5.08297032912966,50.2097611807157],[-5.08477061381982,50.2099461899423],[-5.09669942774452,50.2111712794564],[-5.0891982519804,50.2081232596896],[-5.0884612509638,50.2078237406958],[-5.08789772622502,50.2075947163676],[-5.08745447792194,50.2074145711321],[-5.08457687447572,50.2069426467793],[-5.07763214738797,50.2058033581378],[-5.07631097554648,50.2055865656848],[-5.07609023661403,50.205082235867],[-5.07380033876363,50.1998497368379],[-5.06015102571274,50.1922216951211],[-5.06056390615553,50.191990544981],[-5.05534818039858,50.183725091959],[-5.05652007843521,50.1805765992993],[-5.06080325380981,50.1784615162376],[-5.07733845433828,50.1842450552833],[-5.06505863990306,50.1777330375964],[-5.05720414572505,50.1782191265651],[-5.05082038006906,50.1765472474159],[-5.046260744323,50.1693166227412],[-5.04639839616252,50.1687604291287],[-5.05619808147431,50.1612988530648],[-5.05970929969851,50.1614152488008],[-5.07275632844039,50.1653726873123],[-5.07474316710084,50.1674696303344],[-5.08200823118006,50.1670888590631],[-5.08475546980516,50.1669447526905],[-5.09148311470645,50.1705791564722],[-5.09379849794282,50.1675469315947],[-5.09699123736148,50.1683979143824],[-5.10221132350524,50.1697890119329],[-5.09724500593252,50.1674558737256],[-5.10088218492277,50.1663520734354],[-5.08684090878384,50.164164439182],[-5.08641710069257,50.1636694155137],[-5.08602463253252,50.1632109892721],[-5.08383176855503,50.1630172828971],[-5.08331619798975,50.1629717342755],[-5.08182434741852,50.1642327079063],[-5.08140113576562,50.1645904089926],[-5.08084705403599,50.1650587115791],[-5.08045923055556,50.1647633268693],[-5.07079786071692,50.1574031269874],[-5.07010553753607,50.1565895042909],[-5.06941925875523,50.1560350504234],[-5.06879142777938,50.1555278018561],[-5.06705918738349,50.1536437748992],[-5.06686556433458,50.1535917651222],[-5.06546349129129,50.1532151356099],[-5.06454906759966,50.1521825400885],[-5.06336229919613,50.1524615297339],[-5.06054273604774,50.1513176134044],[-5.05990164740045,50.151720871496],[-5.05905874642057,50.1514943838542],[-5.0590375313639,50.1522644008718],[-5.0565798328995,50.1538194212746],[-5.05673398578734,50.1540194502744],[-5.05564601737336,50.1542751200546],[-5.05592693592507,50.1536369647289],[-5.05225445326967,50.1531550877077],[-5.05165710114894,50.1536753080266],[-5.04924249569099,50.1557432646268],[-5.04583734464029,50.1503659877241],[-5.04205048773657,50.1442936183007],[-5.04529950366096,50.1451174484814],[-5.05505946767663,50.1483216513453],[-5.0647558820487,50.144290794637],[-5.07640104882529,50.1401342208457],[-5.07607315302335,50.1395843135001],[-5.07643741767582,50.1394327952063],[-5.07677195370431,50.1392936408798],[-5.07305446530657,50.1344854867302],[-5.07294570825274,50.1343240211812],[-5.0797279649369,50.131619836134],[-5.09339101856256,50.1261700721884],[-5.09136274799903,50.1245652248813],[-5.09128366969396,50.1143797054841],[-5.08150146685756,50.1098865498423],[-5.09488046259993,50.1022738399828],[-5.10437602969436,50.1014683183825],[-5.11130787404353,50.1040028328138],[-5.11391096802889,50.103008762647],[-5.115482514886,50.1034527132151],[-5.12115886855963,50.1002404326517],[-5.12182443735611,50.0999861829979],[-5.12887996705212,50.0993861211112],[-5.13436042811113,50.0997435703215],[-5.13957346277132,50.1050857030872],[-5.13943297192447,50.1059460205758],[-5.13020354482069,50.1102515914032],[-5.13782807556591,50.1117153328001],[-5.14101550404584,50.1062568878864],[-5.14455554802862,50.1071292430308],[-5.144977018407,50.1072190443992],[-5.14202702330276,50.103935986685],[-5.14530387905942,50.0986912812967],[-5.1605226668208,50.0970378630713],[-5.16236264324662,50.0990625385761],[-5.15927632440074,50.1080973176691],[-5.1636519700597,50.1127667060568],[-5.16288218697655,50.1039958418375],[-5.1658504791569,50.1024296223134],[-5.17016312256538,50.1057834635352],[-5.16500768086752,50.101463045416],[-5.16928107642852,50.0997765616635],[-5.16531344610558,50.0974393149116],[-5.16552028651985,50.0962874555738],[-5.16162466599011,50.0952660026673],[-5.15947773780691,50.094000957488],[-5.16259496627122,50.0932702501099],[-5.18701619663236,50.0894874823499],[-5.1910125367629,50.0896766256598],[-5.1859841237632,50.0881573469534],[-5.18698264363406,50.0875234189884],[-5.19450994958511,50.0827437756872],[-5.19212540713733,50.0800394833414],[-5.19290511806983,50.0831883022815],[-5.18480853318962,50.0879306351115],[-5.18418817788309,50.0881088670504],[-5.17874627111327,50.0896721656755],[-5.17887619071339,50.0859099853448],[-5.17739344518,50.0893448503637],[-5.16139263859826,50.0920610869117],[-5.15430881835039,50.0927545120191],[-5.14752206106823,50.085339112366],[-5.15055363879444,50.0931219143441],[-5.13472287774852,50.0946692991542],[-5.1341894207284,50.0944728415527],[-5.1350138483017,50.0924995098329],[-5.13564858786209,50.0913879243836],[-5.13543167712648,50.0914993408101],[-5.13560451653462,50.0910855959634],[-5.12977278948213,50.0939455131273],[-5.11966865274634,50.0958018801981],[-5.11044810303296,50.0949926571704],[-5.10045187970552,50.0921280318456],[-5.09482186950118,50.0891200788196],[-5.09685779117795,50.0885876658276],[-5.10178838373434,50.0891553444479],[-5.11789110908286,50.0823087281725],[-5.10307701237792,50.0866683962395],[-5.09947766909036,50.0866033347558],[-5.09866353635808,50.0855953714328],[-5.09424505456241,50.0858305181444],[-5.08796175958786,50.0845158757842],[-5.08102640120414,50.0830643070098],[-5.07986573651912,50.0836466716182],[-5.07674535238457,50.0851155079653],[-5.07608527207568,50.0854280384621],[-5.07660542710287,50.0829299360491],[-5.07955440273554,50.0687619728457],[-5.07567443201191,50.0683917071157],[-5.06770120074566,50.0676303924658],[-5.06740629646175,50.0673366314755],[-5.06197496857795,50.0604549404675],[-5.06419888963829,50.0555783114042],[-5.05782603466165,50.0527912950035],[-5.06623827745589,50.048229510521],[-5.06801894453392,50.03953009743],[-5.06893706736083,50.0350436065648],[-5.07348816565958,50.0342013478011],[-5.08922730394991,50.0312869564042],[-5.09698131732878,50.0260584784701],[-5.09352509856672,50.0199287703173],[-5.09445460329068,50.0180854420766],[-5.09137726330334,50.0161186422626],[-5.09114707430276,50.0157102604882],[-5.09575853123154,50.0156232059741],[-5.09675393450524,50.013739579155],[-5.09682259112501,50.0137229511978],[-5.09770697139627,50.0116783322418],[-5.09779255601594,50.0114929734209],[-5.10137981771245,50.0042070548985],[-5.10333566360746,50.0039740204662],[-5.10467364513899,50.0043227076042],[-5.10617662448606,50.0048222216089],[-5.10622573390552,50.0048339944393],[-5.10639962004007,50.0047724777826],[-5.12159786187154,50.0087314853028],[-5.12239418031518,50.0092512509456],[-5.13143274193421,50.0081800331225],[-5.13156228698616,50.0081681577252],[-5.13318817804916,50.0079704629117],[-5.13302254601361,50.00728551711],[-5.13562064650408,50.0069343891454],[-5.13791565254656,50.0081979612411],[-5.15652011766085,50.0076422149784],[-5.15672955654332,50.0076359412999],[-5.16663255993957,50.0037349810631],[-5.17181848306692,49.9976592552281],[-5.17148107928543,49.9961108291562],[-5.17768776735898,49.9877826015245],[-5.17986144126886,49.9868313140803],[-5.18007132113048,49.9854189864937],[-5.18233642113773,49.9821449132715],[-5.18496627291308,49.9802129481088],[-5.18520957847251,49.9797130184081],[-5.18615802352798,49.9793525122861],[-5.18881775525135,49.9736467834993],[-5.18769195863016,49.9723199698168],[-5.18527040165509,49.9636994320703],[-5.18561735834665,49.963105564159],[-5.19696383967157,49.9639429461807],[-5.19877944918994,49.9589618599301],[-5.20000026836619,49.9589864185305],[-5.20791974974092,49.9593120470428],[-5.20795205279349,49.9593946237868],[-5.2093419197101,49.959345564068],[-5.21840764071945,49.9692666435856],[-5.21888056186158,49.9709796589132],[-5.23709469738624,49.9766107192596],[-5.24363851727438,49.9757722047434],[-5.24624268832566,49.9763031339042],[-5.24723621391191,49.9775286774528],[-5.24600122091485,49.9821129617093],[-5.24386510204387,49.9839550260613],[-5.24535166261827,49.9845237785287],[-5.24527003556165,49.9848267160866],[-5.24510617683413,49.9854026787199],[-5.24510605170029,49.9854352851598],[-5.25189199738677,49.9909295678948],[-5.25135122542063,49.9913904051864],[-5.25454106140103,49.9965737311762],[-5.25485664813581,49.9966735575829],[-5.25532030450009,49.9974323241888],[-5.25535729876094,49.9974900374172],[-5.25662058200213,49.997231498006],[-5.26163958714633,49.9988188107125],[-5.26765478299813,50.0036854874226],[-5.26802510566305,50.0052048140598],[-5.26702655210948,50.0067567888393],[-5.25847392177923,50.013018488508],[-5.25909479202548,50.0137685313292],[-5.2589317253147,50.0139559025257],[-5.25870951271932,50.0141848251251],[-5.25866480684846,50.0142276793024],[-5.25927397603407,50.0147801649585],[-5.26090577476373,50.0162675699033],[-5.25962609318707,50.0182555109015],[-5.25592344864229,50.021629523652],[-5.25695652810318,50.0224020348036],[-5.25646608587283,50.0231858977701],[-5.25650542768254,50.023213309596],[-5.26569936518241,50.0299540264326],[-5.26151614805417,50.0336067240406],[-5.26190268773264,50.0336618997513],[-5.26356749722434,50.0338995210288],[-5.26384661793547,50.0341836916196],[-5.26743286344151,50.0378344563113],[-5.26901205280362,50.0382390521149],[-5.26990896027159,50.0389585975387],[-5.27158829192566,50.0410931309103],[-5.28019390557223,50.0430582769645],[-5.27650558968602,50.0491077388244],[-5.27653908921862,50.0491784027443],[-5.27563721757306,50.0502721227492],[-5.27820168064318,50.0526851718148],[-5.27900230065311,50.054373657012],[-5.2818458672143,50.0568589399625],[-5.28188945305326,50.0579567645716],[-5.2913356462401,50.0651505841407],[-5.29313267497893,50.0667203058889],[-5.29694209831508,50.0702946000674],[-5.29698836245581,50.0703380051584],[-5.30079268331927,50.0723496524499],[-5.3163099920968,50.084147379326],[-5.31683798092227,50.0842881745553],[-5.31628439037373,50.0851952740984],[-5.31753906140008,50.0844755580677],[-5.32814950962807,50.0873107934563],[-5.32855409600698,50.0876219265444],[-5.33489382887877,50.0914072415695],[-5.34626018841627,50.0925346185366],[-5.35674822828105,50.0903697394978],[-5.3632231657209,50.0890717674918],[-5.36626590784312,50.0936695549543],[-5.37036524497226,50.0934468314006],[-5.3737204724054,50.0956648847344],[-5.37495158836067,50.0976455178882],[-5.39171279099839,50.1034928870424],[-5.39350528404555,50.1026535058958],[-5.39448765903655,50.1024938527418],[-5.39455072400066,50.1025021075784],[-5.39457476341777,50.1024796963079],[-5.40004807753587,50.1015900088768],[-5.40893046307697,50.1045220626854],[-5.41482622721102,50.1023146609944],[-5.41557254097399,50.1020352014375],[-5.41522482491708,50.0999006835646],[-5.41872250943559,50.1011525368746],[-5.4292439292031,50.0969886735981],[-5.42910125460172,50.1054047148389],[-5.44195150786648,50.1121800865822],[-5.44284822656898,50.1119537335839],[-5.4610564020438,50.1214792552696],[-5.46291117960882,50.1230809711306],[-5.47121863280965,50.1218952110279],[-5.47982283770988,50.1260366882241],[-5.48169317545063,50.1263404769474],[-5.4836115975904,50.1266520396771],[-5.48377489560172,50.1267916082208],[-5.48432820538071,50.1268557909817],[-5.48435709726311,50.1269085660754],[-5.4846291606435,50.1268874798803],[-5.48585871571781,50.127016937659],[-5.49617718550506,50.1286918636907],[-5.51768190696489,50.1265786654503],[-5.52796933243259,50.125084914997],[-5.52848411372125,50.1246827607622],[-5.53126557442322,50.1225096920713],[-5.53116050463438,50.1222428626309],[-5.53072969509722,50.1211487657218],[-5.53160892715064,50.119636593853],[-5.53188948700876,50.1191540442111],[-5.53360954152895,50.1174982056384],[-5.53017099896146,50.1176149747686],[-5.52976787185688,50.1156738713109],[-5.53113930540264,50.1141457254798],[-5.5374162441716,50.1139152164427],[-5.53835929685229,50.1133404008745],[-5.53842698669309,50.1133365633908],[-5.53929446637038,50.1126900725994],[-5.54721000785341,50.1075258639989],[-5.5483197897453,50.1068017010148],[-5.54858130273927,50.1066310526456],[-5.54748171483463,50.1058558536822],[-5.54826091588061,50.1055116253809],[-5.54890722363536,50.1058516716386],[-5.5489053835732,50.1034443908769],[-5.54888027477416,50.103416415552],[-5.54568399720987,50.101337348589],[-5.5453013437632,50.101556790357],[-5.53395609566854,50.0896528449403],[-5.53321941665169,50.0885155132022],[-5.5391754423148,50.083076206174],[-5.53987473284392,50.0774368364095],[-5.54602625452302,50.068333927967],[-5.55921270609228,50.0612343604669],[-5.5632815916018,50.0624911399616],[-5.56333308333867,50.061998073816],[-5.56398371498556,50.0621484524509],[-5.56372261460544,50.0588054193062],[-5.57388806050597,50.0533290091567],[-5.5770088780201,50.0518247325094],[-5.58001927036576,50.0523366785574],[-5.58442675765923,50.0533185409295],[-5.58750887487111,50.0516059646115],[-5.59323541476121,50.0515083084008],[-5.59416740696463,50.0518665982598],[-5.59602080827043,50.0525912241117],[-5.59617652194776,50.0526389264815],[-5.59943282976551,50.0514023032062],[-5.61856630200594,50.0510729447258],[-5.61916690748157,50.0512289982598],[-5.6290130627107,50.0475823189119],[-5.62930168630434,50.047475402214],[-5.62879482959745,50.0463564876308],[-5.62831143047857,50.0451802937673],[-5.62943990817585,50.0444490329358],[-5.63293277980035,50.0441581990247],[-5.63432487251738,50.0440422566566],[-5.63641069469374,50.0400466257979],[-5.64135280691254,50.0438566132193],[-5.64138703500875,50.0438746477212],[-5.64170211089701,50.0438573720063],[-5.64270946451246,50.0446041454247],[-5.64749060044118,50.0435398412808],[-5.64755443136454,50.0435337466484],[-5.64782945363612,50.0434633177697],[-5.6503680094828,50.042887762512],[-5.65044036018969,50.0427590562566],[-5.67905303311874,50.035035956284],[-5.67927228713674,50.0349931229694],[-5.67998852696991,50.0355683705668],[-5.68910356819768,50.0477874329659],[-5.68893551374819,50.0479395644915],[-5.68846427761348,50.0483118852547],[-5.6885268364575,50.0483241516485],[-5.68838432193935,50.048562746473],[-5.6898689687406,50.0488131524747],[-5.69320781370706,50.053286981011],[-5.69262061863037,50.0540537443008],[-5.69461800757384,50.0544882836136],[-5.7133430088414,50.0624296391289],[-5.71415243976875,50.0638194576191],[-5.69973797969987,50.0795132894719],[-5.69481284522162,50.0804784258689],[-5.68903190325079,50.0885157967885],[-5.69005941637885,50.089775729754],[-5.68982719221192,50.0901397142259],[-5.68990173635802,50.0902157685436],[-5.68981176173963,50.090313641149],[-5.69094992844041,50.0923704102116],[-5.69095801999609,50.093159273773],[-5.69172617886875,50.0937730219719],[-5.69855504313149,50.1061079559116],[-5.70048043756093,50.1194402801474],[-5.70584898321893,50.1237754918239],[-5.70982532928711,50.1274666620419],[-5.7059572010159,50.1288438381974],[-5.70511806030048,50.1287238654899],[-5.70440878983241,50.1293950629856],[-5.70227327869907,50.1301552395053],[-5.70272624332086,50.1309960754647],[-5.70197830994507,50.1317078571251],[-5.70428540453284,50.1342217010051],[-5.70315100187125,50.1354006764569],[-5.70132533880692,50.1359782383365],[-5.69355894736034,50.1379428828572],[-5.69326000849355,50.1456774586686],[-5.68564806465309,50.1535828428439],[-5.68473615041295,50.1540884010278],[-5.68111408694082,50.1560876982837],[-5.68104558228419,50.1565272515443],[-5.67276360830373,50.1617240029626],[-5.67171101224638,50.1619916812509],[-5.67182138328351,50.1623151219674],[-5.6712359724266,50.1626823771353],[-5.67305599707322,50.1663063409121],[-5.65688647856707,50.1642862955917],[-5.65643841249686,50.1644778352008],[-5.64855177781387,50.1678487012781],[-5.63879484614379,50.1683940431674],[-5.62910762009336,50.1677298314142],[-5.62782112121352,50.1690064027068],[-5.62606975466934,50.1691040356014],[-5.62602253089457,50.1691061871089],[-5.62591902917121,50.1691956314082],[-5.62589318973639,50.1692288797936],[-5.61297740293204,50.1816174485557],[-5.60702770297913,50.1809896138755],[-5.60891414856701,50.1850658898684],[-5.60686689458558,50.1861305468066],[-5.60336352159222,50.1868452167133],[-5.60329902973276,50.1870061261677],[-5.60304508990519,50.1870638301142],[-5.60257070340553,50.1883644769919],[-5.59857964944181,50.1904394184148],[-5.60066634916886,50.1932509493815],[-5.59557749406316,50.1886629657039],[-5.59085260555622,50.1887229078116],[-5.59030935685512,50.1898623504321],[-5.58681123201515,50.1916618791583],[-5.58469426835871,50.1914018101125],[-5.58477675541311,50.1927083600028],[-5.57994956065489,50.1951910225651],[-5.57742066835348,50.195010865578],[-5.57691352122794,50.1967522489611],[-5.57263597656567,50.1989515922938],[-5.57165391452876,50.1983004700649],[-5.56972102761392,50.1986842451135],[-5.56952001949564,50.19875336536],[-5.56545201704053,50.1996166206889],[-5.56353815018644,50.2011911512266],[-5.55597801865572,50.2042713409032],[-5.55517185796955,50.2042252336002],[-5.55511761214489,50.2055539321512],[-5.55501747780221,50.2080065984186],[-5.55090680763088,50.2101184087252],[-5.54327059185299,50.2116137667516],[-5.54304296888426,50.2118419606205],[-5.53868843800676,50.2162069233186],[-5.5269073141642,50.2136703832351],[-5.51500209057799,50.2162704078503],[-5.51229771390354,50.215708757659],[-5.50414511838601,50.2180415006281],[-5.49525112635474,50.218482143806],[-5.49072349916756,50.2165346211038],[-5.49054211661364,50.2164565939623],[-5.48447209345249,50.2149322795693],[-5.47697078396071,50.2182957034606],[-5.47658293783757,50.2175396435154],[-5.4796805861541,50.2129771248085],[-5.47893100678372,50.2125007850543],[-5.47758429682045,50.211606131866],[-5.47522778500074,50.2101472564164],[-5.47459333407034,50.2097440037014],[-5.47335359586458,50.2080297872175],[-5.46925727059108,50.202364659729],[-5.46917489415706,50.2001782309004],[-5.46800040650166,50.1999325450665],[-5.43675893868638,50.1933919385943],[-5.43075998911467,50.1867555210581],[-5.4357012168676,50.1852994525272],[-5.4410990578754,50.1766623998169],[-5.4413632773128,50.1762395403715],[-5.44084413908158,50.1761289662529],[-5.43773442446103,50.1759207268541],[-5.43724637460798,50.1759422940694],[-5.43674717490199,50.1759643523577],[-5.43112795458482,50.1787954000041],[-5.43109349857868,50.1790762134035],[-5.43325119620741,50.1834530343343],[-5.42892838960157,50.186439041768],[-5.43351055390795,50.1903593959209],[-5.43367992071395,50.1905449006218],[-5.42167831160669,50.1845929367855],[-5.42234409340588,50.1883192530173],[-5.41899463458019,50.1892985832707],[-5.40700864077531,50.1928019700267],[-5.4137328595817,50.1931612164943],[-5.42251632120005,50.1884537406082],[-5.43363286935838,50.1936716044546],[-5.40914117964207,50.2099332783481],[-5.40908246476542,50.2099722440087],[-5.4084191535223,50.2104124394169],[-5.39165282028383,50.228711029246],[-5.39569837903282,50.2404041396061],[-5.38471246462019,50.239759647712],[-5.38019950980958,50.2427243157431],[-5.37801701863543,50.2440370136584],[-5.37326350377541,50.2371742253448],[-5.37323119419373,50.2371275706211],[-5.36919441104266,50.2371118539091],[-5.36852533250518,50.236567532777],[-5.36556585886489,50.2371088309096],[-5.36199027876929,50.2371217320152],[-5.3602491006955,50.2380810660386],[-5.35115595243582,50.2397432131391],[-5.34206196753357,50.2383918947796],[-5.34201549551942,50.2384097811178],[-5.34081757973173,50.238251047249],[-5.33064849742194,50.2421351785383],[-5.32695541414197,50.2441628925514],[-5.3256370598799,50.2444034946369],[-5.32368086390116,50.2459609213716],[-5.32214551140345,50.2468048737675],[-5.30981473596069,50.2557325897636],[-5.30959611091822,50.2558908362598],[-5.31002988990818,50.2558730757059],[-5.31042729807515,50.2558563512758],[-5.30201891479023,50.2620657628333],[-5.29981797036513,50.2624816655541],[-5.29514151305722,50.261008739862],[-5.29272636949934,50.2636942577288],[-5.28936676479433,50.2611310700117],[-5.29189523427673,50.263978386087],[-5.28877723009341,50.2645672499836],[-5.28525645568801,50.2650060441031],[-5.28789537990456,50.2676272991544],[-5.28633733688069,50.2686839865443],[-5.27228432910237,50.2742630772736],[-5.27143768483353,50.2743724682171],[-5.26350613898473,50.2748835453555],[-5.26234803120539,50.2782060285156],[-5.25534384309106,50.2809845599774],[-5.25113192754214,50.2817566680068],[-5.25072818664762,50.2818306706052],[-5.24262899493606,50.2871605571503],[-5.23885778985649,50.2954769849712],[-5.23858442872856,50.2960797087214],[-5.23707147093972,50.2989397653501],[-5.23546130826904,50.3006859760796],[-5.2354789940377,50.3019497904008],[-5.23392916599194,50.3048788675304],[-5.23406593265764,50.3059234851339],[-5.23404433443134,50.3187433600436],[-5.23134648525963,50.3195177046906],[-5.20438562362672,50.320946609949],[-5.20064806249388,50.3205810093162],[-5.19905333863032,50.3223909232785],[-5.1974845836816,50.3234538631199],[-5.19392465993462,50.325865702403],[-5.19144447824005,50.3259843678757],[-5.19092091643141,50.3279004615434],[-5.19018518654909,50.3283988122581],[-5.1899012772796,50.3316316352542],[-5.1898047759576,50.3319847354929],[-5.18693619059633,50.3329333514598],[-5.18101762653556,50.334395946887],[-5.18105743696638,50.3348770723336],[-5.18071928516349,50.3349888640287],[-5.18133435394586,50.3404383367985],[-5.16988063090609,50.3413396874557],[-5.16898909128803,50.3433160018678],[-5.16263755066697,50.3447958972018],[-5.16169868214305,50.3464460980417],[-5.15741528933425,50.3477611344826],[-5.15386655699988,50.3461438450055],[-5.15143893878583,50.3559253426506],[-5.14662456388908,50.3753129324229],[-5.15036736653819,50.3769321060007],[-5.15029854567018,50.3771726055355],[-5.15435696125965,50.3787851753848],[-5.15405232810641,50.380034765754],[-5.14955764256286,50.3816393769059],[-5.15287507614999,50.3848632224364],[-5.15180883919963,50.3892354991366],[-5.14701692565524,50.3890478557544],[-5.14360957743645,50.3889143103052],[-5.1469297537842,50.3902439740962],[-5.14281080401266,50.395535226554],[-5.14476461462688,50.3973141635119],[-5.14631323462753,50.3987240578493],[-5.1473606618623,50.4031808207572],[-5.14510345321753,50.4046954315744],[-5.14340162871691,50.4043215000512],[-5.14065098300176,50.4036798854005],[-5.13567527426513,50.401217137434],[-5.13841009863089,50.4039230479238],[-5.13600449155537,50.407680809237],[-5.13387284468117,50.4080966394439],[-5.12603863992044,50.4039352202719],[-5.10899478154134,50.4088588139245],[-5.1070727628551,50.4085781091785],[-5.10139233959402,50.4077627237615],[-5.09953850340819,50.4046582743569],[-5.09818781264155,50.4065428958907],[-5.09751410565625,50.4063598139857],[-5.08751966941862,50.4036431659332],[-5.08317636834076,50.4040804772986],[-5.0842949387478,50.4044725551436],[-5.08485040581159,50.4046672491635],[-5.08582724183641,50.4050096252946],[-5.08939831452838,50.4062611538228],[-5.09394202432125,50.4078532979541],[-5.09762921758771,50.4081255970538],[-5.11484210590432,50.4093951880522],[-5.12179491493805,50.4099072829693],[-5.12188035081119,50.4100348924822],[-5.12211742886839,50.4103889953635],[-5.10661449582904,50.4134089224916],[-5.10137953280293,50.4135788273575],[-5.09828373190263,50.4181525835117],[-5.09780103921239,50.4188656344486],[-5.09848880461442,50.4212898358019],[-5.09956905356803,50.4250968907649],[-5.09869586308248,50.4244569086764],[-5.09548050921994,50.422100090097],[-5.09403752751623,50.4208090751025],[-5.09371218585228,50.4208037859687],[-5.09354980079595,50.4206847415854],[-5.09112336007115,50.4207101987272],[-5.08691291863842,50.4184032572264],[-5.08651759054821,50.4172024728616],[-5.08643063382258,50.4172261399068],[-5.08619541487463,50.4172579410615],[-5.08526431829244,50.4150942530358],[-5.07468977721508,50.4169369679655],[-5.0745170099723,50.4170241974266],[-5.06792556178674,50.4203517865187],[-5.06489876030812,50.4218795413007],[-5.06613581207844,50.4241991501987],[-5.0656237441885,50.4246828661882],[-5.06068709326084,50.4241932480319],[-5.06025221235309,50.4241501054886],[-5.0553058839167,50.4257121834593],[-5.05493912549979,50.4258279953929],[-5.05469330823253,50.4259056167706],[-5.0634089547125,50.4269182315923],[-5.06217936927486,50.4275079218851],[-5.05519103643993,50.4279930119317],[-5.04246183545353,50.4441491786525],[-5.04103369938431,50.4483605200576],[-5.03944063863132,50.4530573505958],[-5.0427765993808,50.4579991615419],[-5.04253666980188,50.4588712889865],[-5.03812456295651,50.4602657203163],[-5.0413590832639,50.4631513072292],[-5.0410159624671,50.4643982683254],[-5.03264105285814,50.4659186198799],[-5.03869096273881,50.472846107049],[-5.03724229974959,50.4781083614462],[-5.0361241635347,50.479919238483],[-5.03517047058715,50.4942434897587],[-5.04679059455401,50.4977942993347],[-5.0413425558978,50.498912882907],[-5.04197161837455,50.5009667378387],[-5.03753420590828,50.5034687817069],[-5.03440193458442,50.5039220326186],[-5.03268034809869,50.5084520475143],[-5.03124012542094,50.509485326],[-5.02402057280653,50.5093031800682],[-5.02125551363502,50.5092333004164],[-5.02812833680154,50.5110219458728],[-5.02926306394411,50.5136858918781],[-5.02897288125007,50.5149561487501],[-5.02735562425195,50.5176332352701],[-5.02762113836721,50.5179907243107],[-5.02609667610715,50.520234921131],[-5.02777021895396,50.5202200632347],[-5.02720095704068,50.5227112800808],[-5.02628370098962,50.5235098075629],[-5.02695862631462,50.5237716975022],[-5.02657393559509,50.5254549828333],[-5.02263249605587,50.5265219579063],[-5.02648749483123,50.5294505865312],[-5.02267150012636,50.5326495676841],[-5.02422225891532,50.5386668093496],[-5.034589436084,50.5451463885146],[-5.03657040236006,50.5494407412998],[-5.03615917802422,50.5495126969262],[-5.02114276956992,50.5476239712884],[-5.02100660780935,50.5474542996982],[-5.02108231871016,50.5473327557092],[-5.02079624546704,50.5471921612871],[-5.01923817393275,50.5452505119942],[-5.01718360672553,50.5454165552505],[-5.01695212283033,50.5453027729893],[-5.0087997837077,50.5460699415758],[-5.00395047877183,50.545459007548],[-5.00475258376783,50.5431427003693],[-4.9982892437323,50.5402599835853],[-4.99363833230599,50.542819769648],[-4.98901121910603,50.5429228870216],[-4.98380350460812,50.5422227304993],[-4.97764037479962,50.5453590159647],[-4.98079708049445,50.5476864355423],[-4.98005689050475,50.5485911654682],[-4.97653793357771,50.549417122828],[-4.97213552064503,50.5577595466085],[-4.97131233028891,50.5580025858895],[-4.96227280271605,50.5593645175728],[-4.96051428085701,50.5611898448414],[-4.95457016104937,50.5629437638967],[-4.95567158759995,50.5649675512822],[-4.94676817959472,50.5687450805872],[-4.94527907070599,50.5686283034999],[-4.94659333050005,50.5639492522722],[-4.94986140641218,50.55620065873],[-4.93984026085775,50.5539778252232],[-4.93516392705429,50.5483156959254],[-4.93434165942817,50.5463643473923],[-4.93810253112328,50.5412942425982],[-4.93127169445746,50.5306361064379],[-4.93084176074108,50.5299651023487],[-4.93113750280869,50.5298667988366],[-4.9386856724409,50.5273574092636],[-4.9357161770613,50.5271238219335],[-4.93668990563552,50.5260951576538],[-4.9402070919035,50.5223791092797],[-4.94209306964869,50.5203862211832],[-4.94195711415392,50.5201809431327],[-4.93625927286234,50.5115760426706],[-4.93775471990604,50.5246616520797],[-4.92904539438229,50.5244781995937],[-4.92949469877939,50.5296347335576],[-4.91973741193288,50.5314640537175],[-4.89977745621683,50.5262610832051],[-4.89945888183691,50.526167320496],[-4.88528123650348,50.5301745444411],[-4.85525399409013,50.5288589081959],[-4.85516831009116,50.529327217717],[-4.85504913068746,50.5299785894537],[-4.85501526508707,50.530163679367],[-4.8527578102716,50.5316222968578],[-4.86018865903473,50.5371815159986],[-4.86656983948479,50.5338069255276],[-4.8676358541252,50.5372114462212],[-4.87017126261526,50.5336632881977],[-4.89019877005248,50.5362115669318],[-4.89196200381022,50.532319555878],[-4.90000327708293,50.5309329271292],[-4.90677150814793,50.5340439943618],[-4.9086028074781,50.5348856238738],[-4.91546307019593,50.538037937581],[-4.91415010028503,50.5429318819929],[-4.92611977241642,50.5448533623067],[-4.92934423278299,50.5532350358923],[-4.92652389045982,50.5614278399745],[-4.93114306929258,50.5644977274819],[-4.92696214005086,50.5691868775358],[-4.92559260640452,50.5700278099511],[-4.92486841966901,50.57153471148],[-4.92348108520485,50.5730902807171],[-4.91557325299498,50.5759871746751],[-4.91759775807733,50.5803324324778],[-4.92548813283942,50.5829460372685],[-4.93327030978721,50.5855229936756],[-4.93416718885203,50.5860340347772],[-4.93430386333569,50.5876430449101],[-4.9220052278547,50.5917340335803],[-4.92313848652264,50.5926979330368],[-4.92163271392507,50.5932967704526],[-4.91781423886846,50.5921528524127],[-4.91671356304975,50.5888146379551],[-4.91485228696032,50.5885633617015],[-4.90882104295786,50.5854028377941],[-4.90836339388369,50.5845394275434],[-4.89671236950795,50.5858280479758],[-4.89081632591947,50.5840598459244],[-4.89008973217464,50.5838306662335],[-4.88519880226634,50.5822878100444],[-4.8828499337229,50.5840100933634],[-4.88048506818091,50.5857439346659],[-4.87456594721121,50.5876565357096],[-4.87406925902667,50.5904469282559],[-4.87364790122832,50.5907557525423],[-4.87300107810114,50.5906444035119],[-4.86753772184173,50.5890334514481],[-4.8702877859602,50.5901772722999],[-4.86936829903999,50.5900189532821],[-4.87000148531598,50.5953898876379],[-4.86956160674714,50.5952913929235],[-4.8608340007023,50.593033921185],[-4.86042051751031,50.5932441129438],[-4.86004319493173,50.5931595865393],[-4.85657558946603,50.5949790901357],[-4.84380958411368,50.5945870387254],[-4.84184751731166,50.5931067961696],[-4.83978277705236,50.5944630807841],[-4.83517400170192,50.5943210357839],[-4.83243941218299,50.5921478104926],[-4.83226705158212,50.5942313479436],[-4.82774873165276,50.5940918003094],[-4.82718469420089,50.5939437268374],[-4.82359517986517,50.5930013139765],[-4.82429165456359,50.5941251475923],[-4.8067965809477,50.5967558057825],[-4.80003004826747,50.597163130507],[-4.79146394677247,50.6022343645317],[-4.79120050499659,50.6024868314511],[-4.79058315844047,50.6026412670134],[-4.7899150673618,50.60371867112],[-4.77043196086056,50.6223799589591],[-4.77256645232391,50.6272492680059],[-4.77094350337902,50.6316723617078],[-4.76915575253547,50.6344843629101],[-4.76878237145395,50.6365046515556],[-4.76496169792573,50.643293126076],[-4.76133240498237,50.6446159640382],[-4.75871722890044,50.6528355896087],[-4.76057664562962,50.6533065406542],[-4.76255262318404,50.6615159013315],[-4.75893150363693,50.6673538344573],[-4.76062146895556,50.6672898213418],[-4.76383546266453,50.6693642014922],[-4.76375477330835,50.6696393662234],[-4.75926909632738,50.66804204138],[-4.75872845511979,50.6688575523107],[-4.75865095286336,50.6688446384636],[-4.75855216635189,50.6693244175907],[-4.75705161075224,50.6720082402975],[-4.74647708172365,50.6710707950566],[-4.74367526169204,50.6732433663634],[-4.7467078893665,50.6750230410128],[-4.74316220867498,50.6763526345501],[-4.74168350866482,50.6760495695717],[-4.73832240990642,50.6713815017806],[-4.73375346723035,50.6725812890639],[-4.733542198365,50.6724733368911],[-4.73339230198188,50.6726761186899],[-4.72980411000192,50.6736108514743],[-4.7284354115681,50.6774276163688],[-4.7279441815669,50.6787778514167],[-4.7272789623946,50.6806454435975],[-4.72410215117014,50.6842391514415],[-4.7197418360319,50.6845986801479],[-4.71589441914377,50.6838344517861],[-4.70688324762783,50.6856579214727],[-4.70543318493583,50.6857772806853],[-4.70249389380546,50.6876255812975],[-4.7047008792334,50.6899741281685],[-4.70263009759417,50.6905468394919],[-4.6952525885077,50.6904490972651],[-4.69698701892642,50.6908268551594],[-4.69613694931365,50.6908493726601],[-4.69945828178351,50.6914239622616],[-4.68405701581089,50.695681286259],[-4.68028504482393,50.6960181335949],[-4.6820859382207,50.6972814591137],[-4.6806790433187,50.7045008869363],[-4.66815995328885,50.7066970940208],[-4.66793463555208,50.7080738726449],[-4.66118472856488,50.7132278801706],[-4.6551983517671,50.7153807904676],[-4.65522569412011,50.7157044379625],[-4.65523173452776,50.7157759336923],[-4.65564312863227,50.7206448776051],[-4.65438535716024,50.7247311922789],[-4.64934740103604,50.7288944044338],[-4.65386658649015,50.7397769215344],[-4.65322614688069,50.7397524004928],[-4.64154263233842,50.7381274042058],[-4.63457347500163,50.740961954254],[-4.63653986077661,50.7427662410655],[-4.62801586850241,50.7504766003321],[-4.61993507173028,50.7513254924762],[-4.61948553393242,50.7548553612396],[-4.61795024543571,50.7573532467701],[-4.61046225020328,50.7621966927973],[-4.59025653544693,50.7662550956871],[-4.58567743152051,50.7702861474626],[-4.58433871541231,50.770913389007],[-4.58273524914637,50.7716646409289],[-4.57646186375825,50.7718693713319],[-4.56697865408785,50.7779628027861],[-4.5584999365786,50.7882580676205],[-4.55694157834616,50.7986205905165],[-4.56077639440106,50.8004342788599],[-4.5568539887278,50.8085784275103],[-4.55689057753897,50.8089854780456],[-4.55691005973524,50.809202202001],[-4.55866554961215,50.8287242012144],[-4.55740473158469,50.8303953118412],[-4.55662094687897,50.8314340883809],[-4.5528221774987,50.8308490409607],[-4.55440010151109,50.8330010096213],[-4.55456683193103,50.8358075525165],[-4.55533117303719,50.8486679773836],[-4.55541619938387,50.8494974597585],[-4.55804475447929,50.8751233751929],[-4.55996177249226,50.8771081526458],[-4.56456461615869,50.8818728210095],[-4.56631991636338,50.8872285658028],[-4.56133654087377,50.8919095263693],[-4.56557567342607,50.8949087126126],[-4.56413421108086,50.9010278045207],[-4.56984576322975,50.9037021492824],[-4.56351432443412,50.9087478587877],[-4.56402246684884,50.9121145035986],[-4.55439419656701,50.9224082932313],[-4.55195770823854,50.9242043248661],[-4.55245628423134,50.9244795129558],[-4.5497806385028,50.9273388443086],[-4.54595691118618,50.9283540559508],[-4.54589867561126,50.9286414513816],[-4.54586533500333,50.9288059860589],[-4.5450072931772,50.933040089179],[-4.54694668889276,50.935080415467],[-4.54512662538142,50.9428846513608],[-4.54273022221444,50.9443416410781],[-4.54329028183251,50.947262652974],[-4.54273861275585,50.94931044773],[-4.5434906317183,50.9498974893576],[-4.5422353897532,50.955276857061],[-4.53303122815012,50.9653767569397],[-4.53565303973062,50.9792023954338],[-4.53234838063827,50.9831496063501],[-4.53021141852671,50.9845258382346],[-4.53084067766036,50.9849502166997],[-4.52927285976728,50.9868224555225],[-4.53357558437227,50.9923571517193],[-4.53285162479282,50.9954545810669],[-4.53032419460022,50.9964618545876],[-4.53201297803064,50.9990422189594],[-4.53082617221435,51.0041183949824],[-4.53007443820934,51.0051771645618],[-4.53050753830923,51.0054810812367],[-4.52922255325699,51.0109757894111],[-4.52686805499189,51.0119104158634],[-4.52604956486267,51.022188577529],[-4.52064871195875,51.0223083107886],[-4.51030060151715,51.0214850786041],[-4.50100635036426,51.0185819803321],[-4.49899154230955,51.0205843112357],[-4.45692509783445,51.0172238594579],[-4.44863458924474,51.0143615984423],[-4.42771993299643,51.0133330266866],[-4.41777715054643,51.0095996087772],[-4.39644617337734,50.9983042698731],[-4.39514809993004,50.997063569975],[-4.39324665740228,50.9964937351706],[-4.3906906540321,50.9945844050138],[-4.37495421036809,50.9901035458481],[-4.34527313220164,50.9888630076941],[-4.30858078886054,50.9963298755074],[-4.30358542731271,50.9973453543894],[-4.29038905696103,51.0089105650616],[-4.28845707211296,51.0102327141063],[-4.28830041342356,51.010740396302],[-4.28242812793857,51.0158840620158],[-4.28033023633335,51.0177213141109],[-4.28005699525484,51.0177993215205],[-4.27966236747735,51.0183061699362],[-4.25689982262869,51.038228469612],[-4.2548229842646,51.0386917707933],[-4.25422782130236,51.0387834639937],[-4.23882255322765,51.0411557095208],[-4.23542491099937,51.0444836799669],[-4.23111006714681,51.0531764590048],[-4.23100264703589,51.0533928282876],[-4.22520927411768,51.0630322228859],[-4.21692946830752,51.0650539996456],[-4.20841258423127,51.0616645229926],[-4.21448069455759,51.0572632804854],[-4.21035810392336,51.0519360721602],[-4.19763200439738,51.0579394091934],[-4.19138345909854,51.0551899488877],[-4.19061122989257,51.0546170068638],[-4.19489043043372,51.0408061746074],[-4.19967390707446,51.035629040121],[-4.20027855132689,51.03497724951],[-4.20341361589876,51.0315974259449],[-4.20313358018708,51.0282202385158],[-4.20281246736752,51.0282175854225],[-4.20308287330425,51.0267959539832],[-4.20552163411528,51.0139709549712],[-4.20553347964275,51.0139086435304],[-4.20555824209647,51.0137783902411],[-4.20618859659379,51.0107491174255],[-4.2047351911503,51.0082526943679],[-4.20324450634273,51.0056919269315],[-4.19824615577891,51.0208527462745],[-4.19812341632349,51.0212249103027],[-4.19812512631317,51.021337251221],[-4.19806868247801,51.0335562625104],[-4.19213031641384,51.0363324269921],[-4.18743226076375,51.0388644205146],[-4.1796968396605,51.048536151936],[-4.18089737732268,51.0663060479724],[-4.17157554184089,51.0696831742938],[-4.16465658724894,51.0745532107364],[-4.15852662273152,51.0733598315745],[-4.16091248819274,51.0712858442072],[-4.15161516565146,51.0735305312195],[-4.15542588637109,51.0762752808612],[-4.15309472392381,51.0801837608328],[-4.13664511042798,51.07960376489],[-4.12966061234008,51.0793567901343],[-4.12328900041635,51.0791311192259],[-4.1232685065016,51.0789021301715],[-4.12316543129808,51.0786405498515],[-4.12300626765715,51.0784216363752],[-4.12309552473872,51.0777928974184],[-4.12312694457076,51.0774162960077],[-4.12301824854015,51.0772329938458],[-4.12302843699555,51.0771692516835],[-4.12275752563136,51.0770556594726],[-4.12264651782868,51.0770075622864],[-4.12230230404396,51.0768223464949],[-4.12202788459041,51.0765647781976],[-4.12161586096368,51.0763442879963],[-4.1212611503221,51.0760795341783],[-4.12062970701596,51.0758230103093],[-4.12049529671709,51.0757267416711],[-4.11990860042424,51.0753776017586],[-4.11971808664658,51.0752567487387],[-4.11930000507807,51.0749888275218],[-4.11913459170802,51.0748913963121],[-4.11855468334951,51.0743848333556],[-4.1146516522746,51.073565699842],[-4.11497735797967,51.0737929565607],[-4.12230930793485,51.078907882922],[-4.11808054861955,51.0815675909329],[-4.11796490645174,51.089816833367],[-4.08591548987262,51.079360931342],[-4.08436475742364,51.0789688503415],[-4.08382900688832,51.0788333869427],[-4.08366517774414,51.078791962537],[-4.08246406151631,51.0784882480293],[-4.07568267687878,51.0767732004917],[-4.06908069999394,51.0781207790329],[-4.06501376566887,51.078950687116],[-4.05553983314216,51.0729373814592],[-4.05548168741086,51.0733530410148],[-4.05546716293612,51.0734568666478],[-4.05527431031148,51.0748354173257],[-4.05524280742578,51.0750606004082],[-4.06652024668567,51.081001272003],[-4.06655165563269,51.0810178140488],[-4.0668065919615,51.0811520773522],[-4.06221882868491,51.0828789521982],[-4.06192946225592,51.0826655492274],[-4.06154464326842,51.0837371611807],[-4.06100833393953,51.0852305484441],[-4.06181454248024,51.0836643765438],[-4.07579948883164,51.0798918491721],[-4.08942658540434,51.0859561236189],[-4.09252052882212,51.0865379096056],[-4.10806864854879,51.0937172385352],[-4.11869052025032,51.0945378527364],[-4.12880129732911,51.0933350844854],[-4.13397078379253,51.085787831017],[-4.16375973043911,51.0839052103845],[-4.16887730353271,51.0875040439658],[-4.16761076981019,51.0933459654495],[-4.16800686788408,51.0926002316453],[-4.1705774722843,51.0877301873772],[-4.1706495168883,51.0875936818213],[-4.17084474974595,51.0872237648034],[-4.16695114685324,51.0805786866474],[-4.17988720973991,51.0776718944903],[-4.18059267307638,51.0775133220702],[-4.18187079899404,51.0772260144726],[-4.19199286479,51.0694008671428],[-4.19054714501017,51.0648753117146],[-4.2158378861734,51.0757223785872],[-4.22286221471268,51.0895121920356],[-4.22255989135025,51.1177960158717],[-4.2348158680095,51.1194802729302],[-4.23991527306207,51.1209550752071],[-4.24256155513884,51.1235907521004],[-4.23923588337496,51.1333362473748],[-4.24939007676999,51.1376109752277],[-4.25944220261349,51.1418410946769],[-4.2615506265836,51.1430056560728],[-4.26082408213506,51.143491699323],[-4.24162363383142,51.1457116463891],[-4.22484443448553,51.1442173228497],[-4.21996352926971,51.1466979402868],[-4.21755809807019,51.1527749142215],[-4.20973463078902,51.1725288780511],[-4.2145544134086,51.1764380157885],[-4.21148668512727,51.1781688577168],[-4.21429276339195,51.1823840924676],[-4.2305319688265,51.187879777925],[-4.21155811319808,51.1901514277201],[-4.20163395992842,51.2002884593745],[-4.19725071265452,51.1997795092511],[-4.19347611031583,51.198941827424],[-4.19337262208908,51.1989188587476],[-4.19311570526633,51.1988618363108],[-4.19116367415361,51.1990724345147],[-4.1778973630535,51.1975302350165],[-4.17760181983893,51.1974107226949],[-4.17746235929541,51.1974796386827],[-4.17721317277521,51.1974506544412],[-4.15150905233196,51.2037121287768],[-4.14609473473036,51.2040575175681],[-4.14577209863183,51.2044676763531],[-4.14567824528523,51.2045869883554],[-4.14514849764823,51.2052604216844],[-4.12749817258924,51.2095545376714],[-4.1217006065391,51.2104221599905],[-4.12169285404572,51.2109661519804],[-4.11806994781277,51.2118469046877],[-4.11391733613002,51.2117771787795],[-4.11160221102323,51.2115213847083],[-4.11569683212426,51.2098879214861],[-4.11154460134533,51.209479998183],[-4.10315016287168,51.2134084830333],[-4.09970705531429,51.2120013841189],[-4.09807989006257,51.2108863220708],[-4.09772964976444,51.2111931900963],[-4.09700779557702,51.2108981426491],[-4.08811792350737,51.2174541675175],[-4.08339391518714,51.2158746801613],[-4.08167663215024,51.2170200592232],[-4.07804709549789,51.21614817826],[-4.07747333472333,51.2156237819159],[-4.07714142141747,51.2153204171517],[-4.07017766423375,51.2141668627879],[-4.07041643351676,51.2145166621958],[-4.0617639965983,51.2125039652723],[-4.05080058517891,51.2074557291144],[-4.04198867540649,51.2069036184514],[-4.04155801384534,51.2068766184072],[-4.0386720186143,51.2066956373715],[-4.04028351231754,51.2086465197325],[-4.0377816063324,51.2102175139617],[-4.03189015601996,51.2105324011289],[-4.02871120992734,51.2159116548547],[-4.02792962407861,51.2164022149629],[-4.01714040820874,51.2172921928055],[-3.96081583026466,51.2194348587603],[-3.95823254769538,51.2192154565689],[-3.95259823708762,51.2214222415591],[-3.94821665647383,51.2218782533108],[-3.94522385723794,51.224309830664],[-3.92578376148504,51.2319180660853],[-3.89398540071526,51.2248199791673],[-3.89197907284282,51.2238100891877],[-3.88702289515785,51.2262979533471],[-3.87754609317279,51.2286482018614],[-3.87205311217013,51.2274399526008],[-3.87181761796522,51.2300683786947],[-3.86762618115311,51.2311072682371],[-3.86150411553578,51.2307324138604],[-3.84692354508354,51.2349227347033],[-3.8437284513937,51.2346872660761],[-3.83007555180771,51.230387300421],[-3.8275777149849,51.2327042099051],[-3.80855444773817,51.2318126214857],[-3.78542444693296,51.2463935825163],[-3.7697535302731,51.2376665630275],[-3.72078078923314,51.2330918825361],[-3.72056735512866,51.2330694679008],[-3.72016921124437,51.2330276532884],[-3.68854511321366,51.2297018024505],[-3.6398368417433,51.2233692536765],[-3.63780980494075,51.2243471405347],[-3.63331402651705,51.2238715173654],[-3.6235436374996,51.2180140528533],[-3.62171408877056,51.2167743609447],[-3.59217538021585,51.2227005027736],[-3.59024161822476,51.2240297839076],[-3.58861647635713,51.225211128178],[-3.58848603632814,51.2253049620444],[-3.57879645701062,51.2321433048904],[-3.56751495405824,51.2326819669279],[-3.55435484427977,51.2330573002778],[-3.50297850217554,51.2230081168531],[-3.49689826504952,51.2239862700087],[-3.48648534581471,51.219960182638],[-3.4862994565178,51.2198882949677],[-3.47241775286111,51.2136471210261],[-3.46903363319122,51.2079056206006],[-3.46841908284355,51.2079790171518],[-3.45523473921521,51.209552729388],[-3.44201426749691,51.2065061104831],[-3.43260992055348,51.1981923620249],[-3.42427807514544,51.1908125568388],[-3.41164398996629,51.18386319038],[-3.39312065037907,51.1825033779527],[-3.37362417136395,51.1846636765756],[-3.35024044899596,51.1815159723203],[-3.34953070262427,51.1816001008238],[-3.32885747139513,51.1840485489141],[-3.3281420717091,51.1818606865326],[-3.31321663206093,51.1795597948868],[-3.29395512524132,51.1826825969581],[-3.28534398427263,51.1808790898869],[-3.28414135130616,51.1806271503692],[-3.27584819130941,51.1797755013576],[-3.25690424501575,51.1877223172613],[-3.22897501684103,51.1918139551661],[-3.21627119457835,51.1943099471972],[-3.2021829622056,51.2014607567652],[-3.19012321302831,51.2026658361308],[-3.18042991607843,51.1997614832966],[-3.16428724679581,51.2026452313071],[-3.15482147932731,51.2086011474968],[-3.14663056075551,51.2093854296592],[-3.13144137756214,51.210838169724],[-3.11444756817476,51.2069742421962],[-3.10074613972497,51.2084022546423],[-3.07637887941965,51.2013744816403],[-3.05455598463182,51.2056689750309],[-3.05387273350212,51.2060265847176],[-3.03082764166879,51.2180828577054],[-3.01915209610144,51.2182579131404],[-3.0242480641587,51.2129026007943],[-3.02637076888121,51.2149441336957],[-3.03029522339059,51.2082086070437],[-3.02447859121935,51.2121937852862],[-3.03270944014092,51.1944254689713],[-3.04518951540499,51.1946519552783],[-3.05641989480066,51.186535568234],[-3.06138214651075,51.1735769891904],[-3.05723808197852,51.1734010031754],[-3.05618149248754,51.1733561094807],[-3.05615606121789,51.1736899342068],[-3.05595026605395,51.1763911112663],[-3.05593013644485,51.1766553053072],[-3.05555092629347,51.1816318885492],[-3.0510400433665,51.1871154205023],[-3.03462949984068,51.1889205507116],[-3.02708386922012,51.192693571057],[-3.02514639763646,51.1957943878714],[-3.02224471976832,51.20043754249],[-3.01801496996201,51.2072036958287],[-3.01621010759202,51.2029237813111],[-3.01569410843895,51.2100456165996],[-3.00246321191138,51.2258535009561],[-3.00233165891691,51.2260106141583],[-3.00308678055685,51.2258144336059],[-3.00407676610217,51.2257524047505],[-3.00186087685316,51.2300530765089],[-3.00176387597782,51.2303171752656],[-3.00027923970611,51.2343999651349],[-2.99935376212906,51.2369446774687],[-3.00182311790027,51.2448770801268],[-3.01561231058946,51.2576297853557],[-3.02189668640386,51.2690266966599],[-3.01123616570036,51.3202919489399],[-3.0137972037091,51.3235364273104],[-3.02814036534534,51.3241770138023],[-3.03592989396078,51.3285451721506],[-3.00615542939513,51.3254804022518],[-2.99457615681556,51.3211680254099],[-2.99269479339761,51.3181789762997],[-2.98664291601561,51.3127553696115],[-2.98880736799564,51.3094552782092],[-2.99521572870653,51.3075756405977],[-2.99495980096347,51.302836266088],[-2.99316268851688,51.3010110821855],[-2.99409549594857,51.3063900985722],[-2.98774004878128,51.3080541819481],[-2.98737733430535,51.3096266618459],[-2.98436408284803,51.3118711357295],[-2.98439718647358,51.3122585397998],[-2.98651751072144,51.3151432255327],[-2.99243712369398,51.320499355554],[-2.98604477474392,51.334533409322],[-2.985979428719,51.3349330457674],[-2.98584718250735,51.3357418020412],[-2.98346362837943,51.3503138779346],[-2.98340427433843,51.3506766453768],[-2.99001796391158,51.3510526128418],[-2.99413206269543,51.3571531748279],[-2.96832568337954,51.3633139593888],[-2.96775527886767,51.3640544411644],[-2.96329882936568,51.3698388019539],[-2.96250100498869,51.3823471618145],[-2.97287445845538,51.3881684508607],[-2.98079855960708,51.3884162463913],[-2.95682844100287,51.3920916242262],[-2.95023859608842,51.3945056569668],[-2.93743362901516,51.3968147679838],[-2.93672412486611,51.3964713675518],[-2.93939258130784,51.3910988149368],[-2.93674936782948,51.3928622111913],[-2.93604340409084,51.3933331554405],[-2.93073334302344,51.389760643643],[-2.93578508635205,51.3949726708043],[-2.91734184009278,51.3958873210163],[-2.89797252369921,51.3903350848707],[-2.89839448268573,51.3909532090955],[-2.89930959171906,51.3922936850445],[-2.89583000050384,51.3926647266131],[-2.90309986272285,51.3922894255627],[-2.90565657235568,51.3930153828129],[-2.91302295917806,51.3959849107561],[-2.888928172489,51.413274751427],[-2.88806555193322,51.4150347515613],[-2.88804783620282,51.4150708949186],[-2.88291110151294,51.4255483874152],[-2.87440648376768,51.4286990137458],[-2.87583247177369,51.4304760134515],[-2.87602302827593,51.4305583706154],[-2.87904583152075,51.4318647276259],[-2.87855059575147,51.4322005038413],[-2.86462698764647,51.4394060370153],[-2.86360708528987,51.4399336885981],[-2.86331323156642,51.4402138745946],[-2.84823873980154,51.4545816618214],[-2.84589792914581,51.4568117401807],[-2.84585181145149,51.4568556735545],[-2.83885791911645,51.4608780423843],[-2.81778039967203,51.4729934828078],[-2.81723695212284,51.473305690443],[-2.79942435637146,51.4853858012519],[-2.7838399425458,51.4875880722137],[-2.78315673963079,51.487684565531],[-2.77409613350154,51.4914677231289],[-2.77355946285335,51.4945638955812],[-2.7732757599236,51.4946783508012],[-2.77113222203832,51.4947017451433],[-2.75430958030241,51.494883931733],[-2.75690721584673,51.4926038363803],[-2.75282414176892,51.4928543519667],[-2.75123752472873,51.4929516756314],[-2.74029269603354,51.4929124653928],[-2.73114785815752,51.4963763015168],[-2.72750276433977,51.498149737059],[-2.72770173908588,51.4988151880284],[-2.72885278591346,51.5026680191649],[-2.72741287542178,51.4996793467958],[-2.71803087685692,51.5013406485377],[-2.68484840255875,51.4804620716498],[-2.67624485628395,51.4796772286672],[-2.66812456908108,51.4814384952129],[-2.66421865434814,51.485925488935],[-2.66362354946931,51.4866090242311],[-2.66296528333075,51.4862572580816],[-2.65887026682336,51.4840687024953],[-2.65113378290566,51.4736582486091],[-2.65574678263517,51.4822474738556],[-2.65727132831608,51.4850854069987],[-2.65733529404454,51.4851129184092],[-2.66372965791279,51.4878626877034],[-2.67326243323121,51.483531030642],[-2.68015749966879,51.4817048090995],[-2.69730715262779,51.4934670091109],[-2.71831717905998,51.5061593506697],[-2.71370006564539,51.5059276690575],[-2.71821750267118,51.5082397647947],[-2.71458114227796,51.5079022222953],[-2.70272786837718,51.5168115352297],[-2.69521446790263,51.5224563458588],[-2.69411850419111,51.5235823190836],[-2.69398444958823,51.5237150517385],[-2.69289996203398,51.5245597110846],[-2.69274033364984,51.5246757123859],[-2.69101123540721,51.5264312217633],[-2.68758582071095,51.5293628352874],[-2.68705446267965,51.5294001188104],[-2.68708535452484,51.5295587581981],[-2.68704329283028,51.5297139816929],[-2.6870256805114,51.5300256532362],[-2.68688687564706,51.5302863392052],[-2.68663297152584,51.5306619181869],[-2.68623852557524,51.5313669099345],[-2.68611594882067,51.5315054063401],[-2.68581276794655,51.5319520091054],[-2.68561245193356,51.5320871863443],[-2.68531927562062,51.532256483229],[-2.68490763688351,51.5326933215781],[-2.68471619051805,51.5329274933743],[-2.68449930636539,51.5331261579855],[-2.68415975414411,51.5335354958449],[-2.68398771653097,51.53364372426],[-2.68361912072347,51.5340140697412],[-2.68343392730979,51.534191838747],[-2.68330727096796,51.5343683522329],[-2.68306641261421,51.534653003707],[-2.68298818442217,51.5347965945468],[-2.68275344093615,51.5349264310051],[-2.68263380897072,51.5350331580958],[-2.68259846400433,51.535177728646],[-2.6821525214181,51.5354851220308],[-2.68193710998181,51.53563228699],[-2.68106559528437,51.5354861438734],[-2.68088159698145,51.5353160654017],[-2.68054054658647,51.5350755564128],[-2.6805915705123,51.5352452728209],[-2.68090668514741,51.5355701545097],[-2.68132659009531,51.5360628921365],[-2.68107721724929,51.5365636217344],[-2.68103778648291,51.5367440803848],[-2.68058849398094,51.5371903500118],[-2.68049099113468,51.5373291244281],[-2.68025927830368,51.537552949913],[-2.68014277690818,51.537729722416],[-2.67993558010505,51.5379920822898],[-2.67978256551707,51.5381701507787],[-2.67954592621418,51.5383987319863],[-2.6792140789527,51.5387270551809],[-2.67909617863981,51.5388410011034],[-2.6789505231668,51.5389353316305],[-2.67871046560374,51.5391813188085],[-2.67858727775436,51.5393353830782],[-2.67832861885076,51.5395306690968],[-2.67818992798822,51.5397607093054],[-2.67804943664309,51.5398799541712],[-2.67782861337875,51.5402000448233],[-2.67755183114377,51.5403906700899],[-2.677468994205,51.5405678643087],[-2.67728163215377,51.5407397716443],[-2.67711245985375,51.5408622706489],[-2.67678403217287,51.5412740392294],[-2.67656627541823,51.5414810021101],[-2.67637807634472,51.5417226012993],[-2.67529033936647,51.5429154666],[-2.67449062377528,51.5437361820484],[-2.67442598185339,51.5438025339247],[-2.67434682658269,51.5438837821187],[-2.67384244083533,51.5444062486417],[-2.67382323606633,51.5444323673862],[-2.66389522945569,51.5731525402867],[-2.65725002548308,51.574604264888],[-2.63799940140177,51.5918457138269],[-2.63750378983305,51.5922893613372],[-2.62780480333706,51.6056350408578],[-2.59902282310735,51.6177813317868],[-2.59621434664256,51.6165278066568],[-2.59778415648155,51.618599626963],[-2.5852071698116,51.6260118926726],[-2.58075112302739,51.6330979197145],[-2.57932683882105,51.6326888131625],[-2.56670696090924,51.6290628429745],[-2.57934207967557,51.6338878633017],[-2.58018884226677,51.6342111344044],[-2.57937085353216,51.6361366802406],[-2.5740271448253,51.6487116662675],[-2.55827028671273,51.6664201920789],[-2.53474246620219,51.6772457713411],[-2.53238975450594,51.6780593709473],[-2.53053965653951,51.6786991068718],[-2.5086489798893,51.6862649889114],[-2.49331389816177,51.6977130286035],[-2.49004752289599,51.7001504566829],[-2.48900335829745,51.6996644954429],[-2.48185529471287,51.7256508130891],[-2.47230184330503,51.7259880981312],[-2.44945513642474,51.7398210905565],[-2.43262239925047,51.7362246963861],[-2.38321670826707,51.7586377809334],[-2.3820371608502,51.7591723621786],[-2.37932797095086,51.7662780454644],[-2.38371957489988,51.7757559472025],[-2.41303948189091,51.7860585838479],[-2.4407729970534,51.7883017885736],[-2.44702445454518,51.792684842079],[-2.44411876083952,51.7997612584687],[-2.43742338490161,51.8071365033178],[-2.43122261566483,51.8117619680909],[-2.42459797804573,51.8150493756005],[-2.41260928765107,51.8053177005693],[-2.37488320331898,51.7928014623235],[-2.35425069467288,51.7940363645149],[-2.35420449596408,51.7940391256431],[-2.34714669742062,51.7976898335339],[-2.34580516426246,51.8039165386393],[-2.35934797130809,51.8111768399551],[-2.36167603297644,51.8222154321373],[-2.3598651183362,51.8265637398795],[-2.35006727519374,51.8285357793712],[-2.34970190053647,51.8297413566805],[-2.35038703160491,51.8297608788201],[-2.3608019169857,51.8272163401713],[-2.36323062215408,51.8215785576732],[-2.36037974099849,51.8068659782208],[-2.34800999185562,51.8028338219175],[-2.35004237386291,51.7991236141909],[-2.35072124174485,51.7978841593069],[-2.36346975245524,51.794327175278],[-2.37107964111862,51.7949958397239],[-2.38776188173075,51.8016025718033],[-2.40175439316455,51.8042808118136],[-2.41455368422914,51.8171154253888],[-2.42393581265048,51.8193054870455],[-2.44059836040735,51.8126025765922],[-2.44061923296423,51.812576991948],[-2.45179433484176,51.7988742138585],[-2.45192415359479,51.7916317105114],[-2.44843206935402,51.7849199086746],[-2.44139763769684,51.7814552291047],[-2.41134856038994,51.7797877197793],[-2.40569117406359,51.7778706632937],[-2.40463997921253,51.7728121955521],[-2.43422835726345,51.7600594382481],[-2.43782146600749,51.7593337608508],[-2.43761185322522,51.7590434410639],[-2.47757496260631,51.7400450787281],[-2.47734609191943,51.7397209897735],[-2.47732537373911,51.7396916524702],[-2.47883547944317,51.7349890501973],[-2.49376207173078,51.7279633277338],[-2.49623967530871,51.7262055522671],[-2.50533337796562,51.7103836426016],[-2.51458322548519,51.7072784472089],[-2.54371799760691,51.6974902730971],[-2.57080654132759,51.6883792545905],[-2.57133295716077,51.6888335699996],[-2.57481554942366,51.6854410607374],[-2.579975194804,51.6835305760385],[-2.60999005665618,51.6724091597302],[-2.62594940603421,51.6606153645002],[-2.62363357035498,51.6539829174724],[-2.64875772467274,51.6313837319894],[-2.64769714521889,51.6132894213499],[-2.65124432969432,51.6097539861576],[-2.65613479309018,51.6102104935108],[-2.658960410323,51.6158115060674],[-2.65809340251799,51.6184243401497],[-2.65518589314373,51.6227475137442],[-2.667633731126,51.6346811139141],[-2.66521101212024,51.6407988489649],[-2.66851392778044,51.6456305926834],[-2.68033178982132,51.6475470386841],[-2.66592276270364,51.6643235420326],[-2.6863760655126,51.6632012907591],[-2.65686372173786,51.6745037124404],[-2.67225329931617,51.6810001352744],[-2.66916891575376,51.6931500107373],[-2.68379147622247,51.7006275146612],[-2.66844054916154,51.7057888643313],[-2.68754079653479,51.730426258231],[-2.67222511999267,51.736362949282],[-2.66269206735517,51.7538947427429],[-2.68045213470349,51.7689294138601],[-2.66981058064969,51.794273449812],[-2.67853782959666,51.8028451984713],[-2.65953874455198,51.8106823732449],[-2.66087144177876,51.8227538636128],[-2.65040070567432,51.8261246880221],[-2.63671005341688,51.8430952603725],[-2.62546695815918,51.8389640015383],[-2.60121663304725,51.8562162634927],[-2.58281688241695,51.849577352031],[-2.58076385588478,51.8615888806851],[-2.53162394037576,51.8607715459858],[-2.50862440109418,51.8851690560296],[-2.48779469274655,51.8804175449928],[-2.43927491603518,51.8973822852407],[-2.44818479288624,51.9186682313217],[-2.4660430006938,51.9279745026219],[-2.46557353500141,51.9517045843731],[-2.50090645407367,51.9606091433712],[-2.49224484623915,51.964128776399],[-2.49491293332375,51.9810752059117],[-2.47099259337338,51.994736072193],[-2.49198479935107,52.0076618745867],[-2.47893230092191,52.0225304101253],[-2.4640393485931,52.0232480069878],[-2.46337278472343,52.0140424468424],[-2.43655767424144,52.0148038378181],[-2.43729372314514,51.9971670425139],[-2.41319627507641,51.9940903068968],[-2.3990184898963,51.9961459469645],[-2.39289223171328,52.0129587691277],[-2.35137852244174,52.0213590281247],[-2.35254266829771,52.0135353093701],[-2.32470967818414,52.0035672774164],[-2.32653883120796,51.9757909459813],[-2.31261970069138,51.9765049736609],[-2.30043302609069,51.9667752636857],[-2.27055558557873,51.9689390800587],[-2.25135998124032,51.9665649333006],[-2.2206132435217,51.9954966439335],[-2.18508403441562,51.9905609779425],[-2.1807485360373,51.999615170405],[-2.16463014559703,51.9961432532365],[-2.18768330302322,52.0190801567564],[-2.17690606521531,52.0225592291],[-2.18067935412919,52.0417281229636],[-2.17136924553862,52.047610534044],[-2.11838638193208,52.0421167569588],[-2.11721985481579,52.0336144270826],[-2.13939720724878,52.0278918487723],[-2.14965530887931,52.0112561677635],[-2.14068698320585,51.9994641958926],[-2.11219762720392,52.0153447340824],[-2.08487319407292,52.0104785837075],[-2.06077974233804,52.0146632884129],[-2.04951417600198,52.0037962176657],[-2.03835621126119,52.0046006226081],[-1.98413574037062,52.0358792735091],[-1.95137076201915,52.0376994827586],[-1.93169767686998,52.0298892728558],[-1.91344602070409,52.0444612397009],[-1.83905030714283,52.0067831275768],[-1.8250228816679,52.0309334126422],[-1.8345888140813,52.0437330158037],[-1.86344917989937,52.0534177221476],[-1.87440607681162,52.0699909106809],[-1.84661960637666,52.0794210947487],[-1.83175334172358,52.0727693533542],[-1.81894341276327,52.085404114207],[-1.81273665650818,52.0787440005564],[-1.80228873762243,52.0969414685877],[-1.7676920738422,52.1125783274844]]]]},"properties":{"FID":9,"RGN25CD":"E12000009","RGN25NM":"South West","RGN25NMW":"De Orllewin","BNG_E":285016,"BNG_N":102566,"LONG":-3.633425,"LAT":50.81119,"GlobalID":"57857f8d-3013-46c8-bd13-862a0a55af35"}}]}